{"textures":{"1":"modelengine:entity/1bit_elite_piglin_brute_2","particle":"#1"},"elements":[{"from":[0.75,8.95,3.25],"to":[15.25,24.45,12.75],"faces":{"east":{"uv":[0.0,4.0,1.125,5.875],"tintindex":0,"rotation":0,"texture":"#1"},"south":{"uv":[1.875,2.0,3.625,3.875],"tintindex":0,"rotation":0,"texture":"#1"},"north":{"uv":[0.0,2.0,1.75,3.875],"tintindex":0,"rotation":0,"texture":"#1"},"west":{"uv":[1.25,4.0,2.375,5.875],"tintindex":0,"rotation":0,"texture":"#1"},"up":{"uv":[6.75,5.5,5.0,4.375],"tintindex":0,"rotation":0,"texture":"#1"},"down":{"uv":[7.25,0.0,5.5,1.125],"tintindex":0,"rotation":0,"texture":"#1"}}},{"from":[1.0,9.2,3.5],"to":[15.0,24.2,12.5],"faces":{"east":{"uv":[3.75,1.875,4.875,3.75],"tintindex":0,"rotation":0,"texture":"#1"},"south":{"uv":[1.875,0.0,3.625,1.875],"tintindex":0,"rotation":0,"texture":"#1"},"north":{"uv":[0.0,0.0,1.75,1.875],"tintindex":0,"rotation":0,"texture":"#1"},"west":{"uv":[3.75,3.875,4.875,5.75],"tintindex":0,"rotation":0,"texture":"#1"},"up":{"uv":[6.75,3.0,5.0,1.875],"tintindex":0,"rotation":0,"texture":"#1"},"down":{"uv":[6.75,3.125,5.0,4.25],"tintindex":0,"rotation":0,"texture":"#1"}}}],"display":{"head":{"rotation":[0.0,0.0,0.0]},"firstperson_righthand":{"rotation":[0.0,0.0,0.0]},"thirdperson_lefthand":{"rotation":[0.0,-0.0,-0.0]},"firstperson_lefthand":{"rotation":[0.0,-0.0,-0.0]},"fixed":{"rotation":[0.0,0.0,0.0]},"ground":{"rotation":[0.0,0.0,0.0]},"thirdperson_righthand":{"rotation":[0.0,0.0,0.0]},"gui":{"rotation":[-150.0,-45.0,180.0]}}}