{"textures":{"1":"modelengine:entity/1bit_elite_piglin_brute_2","particle":"#1"},"elements":[{"from":[5.0,7.3999996,2.3000002],"to":[6.0,9.4,3.3000002],"faces":{"east":{"uv":[9.875,9.0,9.75,9.25],"tintindex":0,"rotation":0,"texture":"#1"},"south":{"uv":[9.75,8.625,9.625,8.875],"tintindex":0,"rotation":0,"texture":"#1"},"north":{"uv":[2.5,8.5,2.375,8.75],"tintindex":0,"rotation":0,"texture":"#1"},"west":{"uv":[9.5,8.625,9.375,8.875],"tintindex":0,"rotation":0,"texture":"#1"},"up":{"uv":[8.125,1.0,8.0,1.125],"tintindex":0,"rotation":0,"texture":"#1"},"down":{"uv":[2.5,8.875,2.375,9.0],"tintindex":0,"rotation":0,"texture":"#1"}}},{"from":[2.75,7.1499996,3.0500002],"to":[13.25,16.65,13.55],"faces":{"east":{"uv":[6.625,7.0,7.875,8.125],"tintindex":0,"rotation":0,"texture":"#1"},"south":{"uv":[1.375,7.25,2.625,8.375],"tintindex":0,"rotation":0,"texture":"#1"},"north":{"uv":[5.25,7.0,6.5,8.125],"tintindex":0,"rotation":0,"texture":"#1"},"west":{"uv":[0.0,7.375,1.25,8.5],"tintindex":0,"rotation":0,"texture":"#1"},"up":{"uv":[1.25,7.25,0.0,6.0],"tintindex":0,"rotation":0,"texture":"#1"},"down":{"uv":[7.625,5.625,6.375,6.875],"tintindex":0,"rotation":0,"texture":"#1"}}},{"from":[2.6,7.2499995,2.4],"to":[13.4,17.05,14.2],"faces":{"east":{"uv":[2.875,10.5,4.25,11.625],"tintindex":0,"rotation":0,"texture":"#1"},"south":{"uv":[2.75,11.75,4.0,12.875],"tintindex":0,"rotation":0,"texture":"#1"},"north":{"uv":[0.0,10.5,1.25,11.625],"tintindex":0,"rotation":0,"texture":"#1"},"west":{"uv":[1.375,10.5,2.75,11.625],"tintindex":0,"rotation":0,"texture":"#1"},"up":{"uv":[2.625,13.125,1.375,11.75],"tintindex":0,"rotation":0,"texture":"#1"},"down":{"uv":[0.0,11.75,1.25,13.125],"tintindex":0,"rotation":0,"texture":"#1"}}},{"from":[13.4,17.05,14.2],"to":[2.6,7.2499995,2.4],"faces":{"east":{"uv":[1.375,11.625,2.75,10.5],"tintindex":0,"rotation":0,"texture":"#1"},"south":{"uv":[0.0,11.625,1.25,10.5],"tintindex":0,"rotation":0,"texture":"#1"},"north":{"uv":[2.75,12.875,4.0,11.75],"tintindex":0,"rotation":0,"texture":"#1"},"west":{"uv":[2.875,11.625,4.25,10.5],"tintindex":0,"rotation":0,"texture":"#1"},"up":{"uv":[1.25,11.75,0.0,13.125],"tintindex":0,"rotation":0,"texture":"#1"},"down":{"uv":[1.375,13.125,2.625,11.75],"tintindex":0,"rotation":0,"texture":"#1"}}},{"from":[3.0,7.3999996,3.3000002],"to":[13.0,16.4,13.3],"faces":{"east":{"uv":[6.875,2.5,8.125,3.625],"tintindex":0,"rotation":0,"texture":"#1"},"south":{"uv":[6.875,3.75,8.125,4.875],"tintindex":0,"rotation":0,"texture":"#1"},"north":{"uv":[6.875,1.25,8.125,2.375],"tintindex":0,"rotation":0,"texture":"#1"},"west":{"uv":[3.875,7.0,5.125,8.125],"tintindex":0,"rotation":0,"texture":"#1"},"up":{"uv":[6.25,6.875,5.0,5.625],"tintindex":0,"rotation":0,"texture":"#1"},"down":{"uv":[3.75,5.875,2.5,7.125],"tintindex":0,"rotation":0,"texture":"#1"}}},{"from":[6.25,16.65,9.05],"to":[9.75,20.15,12.55],"faces":{"east":{"uv":[6.0,1.25,6.375,1.625],"tintindex":0,"rotation":0,"texture":"#1"},"south":{"uv":[6.875,5.0,7.25,5.375],"tintindex":0,"rotation":0,"texture":"#1"},"north":{"uv":[5.5,1.25,5.875,1.625],"tintindex":0,"rotation":0,"texture":"#1"},"west":{"uv":[9.75,2.5,10.125,2.875],"tintindex":0,"rotation":0,"texture":"#1"},"up":{"uv":[10.125,3.375,9.75,3.0],"tintindex":0,"rotation":0,"texture":"#1"},"down":{"uv":[10.125,3.5,9.75,3.875],"tintindex":0,"rotation":0,"texture":"#1"}}},{"from":[8.0,11.9,6.3],"to":[8.0,25.9,19.3],"faces":{"east":{"uv":[3.75,0.0,5.375,1.75],"tintindex":0,"rotation":0,"texture":"#1"},"west":{"uv":[5.375,0.0,3.75,1.75],"tintindex":0,"rotation":0,"texture":"#1"}}},{"from":[10.0,7.3999996,2.3000002],"to":[11.0,9.4,3.3000002],"faces":{"east":{"uv":[9.375,8.625,9.5,8.875],"tintindex":0,"rotation":0,"texture":"#1"},"south":{"uv":[9.625,8.625,9.75,8.875],"tintindex":0,"rotation":0,"texture":"#1"},"north":{"uv":[2.375,8.5,2.5,8.75],"tintindex":0,"rotation":0,"texture":"#1"},"west":{"uv":[9.75,9.0,9.875,9.25],"tintindex":0,"rotation":0,"texture":"#1"},"up":{"uv":[8.125,1.125,8.0,1.0],"tintindex":0,"rotation":0,"texture":"#1"},"down":{"uv":[2.5,8.875,2.375,9.0],"tintindex":0,"rotation":0,"texture":"#1"}}}],"display":{"head":{"rotation":[0.0,0.0,0.0]},"firstperson_righthand":{"rotation":[0.0,0.0,0.0]},"thirdperson_lefthand":{"rotation":[0.0,-0.0,-0.0]},"firstperson_lefthand":{"rotation":[0.0,-0.0,-0.0]},"fixed":{"rotation":[0.0,0.0,0.0]},"ground":{"rotation":[0.0,0.0,0.0]},"thirdperson_righthand":{"rotation":[0.0,0.0,0.0]},"gui":{"rotation":[-150.0,-45.0,180.0]}}}