{"textures":{"1":"modelengine:entity/1bit_elite_piglin_brute_2","particle":"#1"},"elements":[{"from":[4.5,2.75,5.25],"to":[9.0,10.25,10.75],"faces":{"east":{"uv":[6.5,8.25,5.875,9.125],"tintindex":0,"rotation":0,"texture":"#1"},"south":{"uv":[5.5,9.25,5.0,10.125],"tintindex":0,"rotation":0,"texture":"#1"},"north":{"uv":[4.875,9.25,4.375,10.125],"tintindex":0,"rotation":0,"texture":"#1"},"west":{"uv":[5.75,8.25,5.125,9.125],"tintindex":0,"rotation":0,"texture":"#1"},"up":{"uv":[9.5,6.375,10.0,7.0],"tintindex":0,"rotation":0,"texture":"#1"},"down":{"uv":[10.0,7.125,9.5,7.75],"tintindex":0,"rotation":0,"texture":"#1"}}},{"from":[4.75,3.0,5.5],"to":[8.75,10.0,10.5],"faces":{"east":{"uv":[5.0,8.25,4.375,9.125],"tintindex":0,"rotation":0,"texture":"#1"},"south":{"uv":[4.25,9.25,3.75,10.125],"tintindex":0,"rotation":0,"texture":"#1"},"north":{"uv":[3.625,9.25,3.125,10.125],"tintindex":0,"rotation":0,"texture":"#1"},"west":{"uv":[4.25,8.25,3.625,9.125],"tintindex":0,"rotation":0,"texture":"#1"},"up":{"uv":[10.0,4.875,9.5,5.5],"tintindex":0,"rotation":0,"texture":"#1"},"down":{"uv":[10.0,5.625,9.5,6.25],"tintindex":0,"rotation":0,"texture":"#1"}}}],"display":{"head":{"rotation":[0.0,0.0,0.0]},"firstperson_righthand":{"rotation":[0.0,0.0,0.0]},"thirdperson_lefthand":{"rotation":[0.0,-0.0,-0.0]},"firstperson_lefthand":{"rotation":[0.0,-0.0,-0.0]},"fixed":{"rotation":[0.0,0.0,0.0]},"ground":{"rotation":[0.0,0.0,0.0]},"thirdperson_righthand":{"rotation":[0.0,0.0,0.0]},"gui":{"rotation":[-150.0,-45.0,180.0]}}}