{"textures":{"1":"modelengine:entity/1bit_elite_piglin_brute_2","particle":"#1"},"elements":[{"from":[5.775,0.275,4.525],"to":[9.725,8.225,9.475],"faces":{"east":{"uv":[8.625,7.125,8.0,8.125],"tintindex":0,"rotation":0,"texture":"#1"},"south":{"uv":[9.625,3.0,9.125,4.0],"tintindex":0,"rotation":0,"texture":"#1"},"north":{"uv":[1.25,8.625,0.75,9.625],"tintindex":0,"rotation":0,"texture":"#1"},"west":{"uv":[8.625,6.0,8.0,7.0],"tintindex":0,"rotation":0,"texture":"#1"},"up":{"uv":[0.0,9.625,0.5,10.25],"tintindex":0,"rotation":0,"texture":"#1"},"down":{"uv":[1.125,9.75,0.625,10.375],"tintindex":0,"rotation":0,"texture":"#1"}}},{"from":[5.525,0.025000006,4.275],"to":[9.975,8.475,9.725],"faces":{"east":{"uv":[8.875,2.125,8.25,3.125],"tintindex":0,"rotation":0,"texture":"#1"},"south":{"uv":[1.875,9.25,1.375,10.25],"tintindex":0,"rotation":0,"texture":"#1"},"north":{"uv":[9.625,9.0,9.125,10.0],"tintindex":0,"rotation":0,"texture":"#1"},"west":{"uv":[8.875,1.0,8.25,2.0],"tintindex":0,"rotation":0,"texture":"#1"},"up":{"uv":[9.75,1.0,10.25,1.625],"tintindex":0,"rotation":0,"texture":"#1"},"down":{"uv":[10.25,1.75,9.75,2.375],"tintindex":0,"rotation":0,"texture":"#1"}}}],"display":{"head":{"rotation":[0.0,0.0,0.0]},"firstperson_righthand":{"rotation":[0.0,0.0,0.0]},"thirdperson_lefthand":{"rotation":[0.0,-0.0,-0.0]},"firstperson_lefthand":{"rotation":[0.0,-0.0,-0.0]},"fixed":{"rotation":[0.0,0.0,0.0]},"ground":{"rotation":[0.0,0.0,0.0]},"thirdperson_righthand":{"rotation":[0.0,0.0,0.0]},"gui":{"rotation":[-150.0,-45.0,180.0]}}}