{"textures":{"0":"modelengine:entity/1bit_elite_piglin_brute_1","particle":"#0"},"elements":[{"from":[-4.0,8.0,-4.0],"to":[20.0,8.0,20.0],"faces":{"up":{"uv":[0.0,0.0,3.0,3.0],"tintindex":0,"rotation":0,"texture":"#0"},"down":{"uv":[3.0,0.0,0.0,3.0],"tintindex":0,"rotation":180,"texture":"#0"}}},{"from":[8.0,-4.0,-4.0],"to":[8.0,20.0,20.0],"faces":{"east":{"uv":[3.0,0.0,0.0,3.0],"tintindex":0,"rotation":90,"texture":"#0"},"west":{"uv":[0.0,0.0,3.0,3.0],"tintindex":0,"rotation":270,"texture":"#0"}}}],"display":{"head":{"rotation":[0.0,0.0,0.0]},"firstperson_righthand":{"rotation":[0.0,0.0,0.0]},"thirdperson_lefthand":{"rotation":[0.0,-0.0,-0.0]},"firstperson_lefthand":{"rotation":[0.0,-0.0,-0.0]},"fixed":{"rotation":[0.0,0.0,0.0]},"ground":{"rotation":[0.0,0.0,0.0]},"thirdperson_righthand":{"rotation":[0.0,0.0,0.0]},"gui":{"rotation":[-150.0,-45.0,180.0]}}}