{"textures":{"0":"modelengine:entity/1bit_elite_piglin_brute_1","particle":"#0"},"elements":[{"from":[7.3535547,7.0,10.65],"to":[8.853556,8.5,11.65],"faces":{"east":{"uv":[8.5,8.625,8.875,8.875],"tintindex":0,"rotation":90,"texture":"#0"},"south":{"uv":[9.0,6.375,8.625,6.75],"tintindex":0,"rotation":0,"texture":"#0"},"north":{"uv":[9.0,6.25,8.625,5.875],"tintindex":0,"rotation":180,"texture":"#0"},"west":{"uv":[8.75,3.25,9.125,3.5],"tintindex":0,"rotation":270,"texture":"#0"},"up":{"uv":[8.75,1.75,9.125,2.0],"tintindex":0,"rotation":0,"texture":"#0"},"down":{"uv":[8.625,8.25,9.0,8.5],"tintindex":0,"rotation":180,"texture":"#0"}},"rotation":{"origin":[8.353556,8.0,13.9],"angle":-45.0,"axis":"z"}},{"from":[7.5,7.5,2.65],"to":[8.5,8.5,13.65],"faces":{"east":{"uv":[6.25,7.875,6.5,10.625],"tintindex":0,"rotation":90,"texture":"#0"},"south":{"uv":[9.125,2.5,8.875,2.75],"tintindex":0,"rotation":0,"texture":"#0"},"north":{"uv":[9.125,2.375,8.875,2.125],"tintindex":0,"rotation":180,"texture":"#0"},"west":{"uv":[7.0,7.875,7.25,10.625],"tintindex":0,"rotation":270,"texture":"#0"},"up":{"uv":[6.625,7.875,6.875,10.625],"tintindex":0,"rotation":0,"texture":"#0"},"down":{"uv":[5.875,7.875,6.125,10.625],"tintindex":0,"rotation":180,"texture":"#0"}},"rotation":{"origin":[8.0,8.0,9.4],"angle":-45.0,"axis":"z"}},{"from":[7.3535547,7.0,12.15],"to":[8.853556,8.5,13.15],"faces":{"east":{"uv":[8.625,7.5,9.0,7.75],"tintindex":0,"rotation":90,"texture":"#0"},"south":{"uv":[9.0,5.375,8.625,5.75],"tintindex":0,"rotation":0,"texture":"#0"},"north":{"uv":[9.0,5.25,8.625,4.875],"tintindex":0,"rotation":180,"texture":"#0"},"west":{"uv":[8.0,8.625,8.375,8.875],"tintindex":0,"rotation":270,"texture":"#0"},"up":{"uv":[8.625,7.875,9.0,8.125],"tintindex":0,"rotation":0,"texture":"#0"},"down":{"uv":[8.625,7.125,9.0,7.375],"tintindex":0,"rotation":180,"texture":"#0"}},"rotation":{"origin":[8.353556,8.0,15.4],"angle":-45.0,"axis":"z"}},{"from":[7.3535547,7.0,13.65],"to":[8.853556,8.5,15.65],"faces":{"east":{"uv":[8.125,5.5,8.5,6.0],"tintindex":0,"rotation":90,"texture":"#0"},"south":{"uv":[2.875,8.625,2.5,9.0],"tintindex":0,"rotation":0,"texture":"#0"},"north":{"uv":[2.375,9.0,2.0,8.625],"tintindex":0,"rotation":180,"texture":"#0"},"west":{"uv":[8.375,2.375,8.75,2.875],"tintindex":0,"rotation":270,"texture":"#0"},"up":{"uv":[8.25,1.75,8.625,2.25],"tintindex":0,"rotation":0,"texture":"#0"},"down":{"uv":[8.125,4.875,8.5,5.375],"tintindex":0,"rotation":180,"texture":"#0"}},"rotation":{"origin":[8.353556,8.0,17.9],"angle":-45.0,"axis":"z"}},{"from":[7.3535547,7.0,-5.8500004],"to":[8.853556,8.5,2.65],"faces":{"east":{"uv":[0.5,6.75,0.875,8.875],"tintindex":0,"rotation":90,"texture":"#0"},"south":{"uv":[3.875,8.625,3.5,9.0],"tintindex":0,"rotation":0,"texture":"#0"},"north":{"uv":[3.375,9.0,3.0,8.625],"tintindex":0,"rotation":180,"texture":"#0"},"west":{"uv":[1.5,6.75,1.875,8.875],"tintindex":0,"rotation":270,"texture":"#0"},"up":{"uv":[1.0,6.75,1.375,8.875],"tintindex":0,"rotation":0,"texture":"#0"},"down":{"uv":[0.0,6.75,0.375,8.875],"tintindex":0,"rotation":180,"texture":"#0"}},"rotation":{"origin":[8.353556,8.0,4.9],"angle":-45.0,"axis":"z"}}],"display":{"head":{"rotation":[0.0,0.0,0.0]},"firstperson_righthand":{"rotation":[0.0,0.0,0.0]},"thirdperson_lefthand":{"rotation":[0.0,-0.0,-0.0]},"firstperson_lefthand":{"rotation":[0.0,-0.0,-0.0]},"fixed":{"rotation":[0.0,0.0,0.0]},"ground":{"rotation":[0.0,0.0,0.0]},"thirdperson_righthand":{"rotation":[0.0,0.0,0.0]},"gui":{"rotation":[-150.0,-45.0,180.0]}}}