{"textures":{"1":"modelengine:entity/1bit_elite_piglin_brute_2","particle":"#1"},"elements":[{"from":[6.0,8.0,7.5],"to":[10.0,12.0,8.5],"faces":{"east":{"uv":[6.5,1.25,6.625,1.75],"tintindex":0,"rotation":0,"texture":"#1"},"south":{"uv":[3.125,5.25,3.625,5.75],"tintindex":0,"rotation":0,"texture":"#1"},"north":{"uv":[2.5,5.25,3.0,5.75],"tintindex":0,"rotation":0,"texture":"#1"},"west":{"uv":[7.375,5.0,7.5,5.5],"tintindex":0,"rotation":0,"texture":"#1"},"up":{"uv":[7.875,1.125,7.375,1.0],"tintindex":0,"rotation":0,"texture":"#1"},"down":{"uv":[9.25,7.875,8.75,8.0],"tintindex":0,"rotation":0,"texture":"#1"}}}],"display":{"head":{"rotation":[0.0,0.0,0.0]},"firstperson_righthand":{"rotation":[0.0,0.0,0.0]},"thirdperson_lefthand":{"rotation":[0.0,-0.0,-0.0]},"firstperson_lefthand":{"rotation":[0.0,-0.0,-0.0]},"fixed":{"rotation":[0.0,0.0,0.0]},"ground":{"rotation":[0.0,0.0,0.0]},"thirdperson_righthand":{"rotation":[0.0,0.0,0.0]},"gui":{"rotation":[-150.0,-45.0,180.0]}}}