{"textures":{"1":"modelengine:entity/1bit_elite_piglin_brute_2","particle":"#1"},"elements":[{"from":[5.0,-0.25,6.25],"to":[10.5,7.25,13.75],"faces":{"east":{"uv":[7.375,0.0,8.25,0.875],"tintindex":0,"rotation":0,"texture":"#1"},"south":{"uv":[8.375,9.0,9.0,9.875],"tintindex":0,"rotation":0,"texture":"#1"},"north":{"uv":[6.625,9.0,7.25,9.875],"tintindex":0,"rotation":0,"texture":"#1"},"west":{"uv":[7.75,5.0,8.625,5.875],"tintindex":0,"rotation":0,"texture":"#1"},"up":{"uv":[9.75,0.875,9.125,0.0],"tintindex":0,"rotation":0,"texture":"#1"},"down":{"uv":[3.0,9.125,2.375,10.0],"tintindex":0,"rotation":0,"texture":"#1"}}},{"from":[5.25,0.0,6.5],"to":[10.25,7.0,13.5],"faces":{"east":{"uv":[3.875,5.875,4.75,6.75],"tintindex":0,"rotation":0,"texture":"#1"},"south":{"uv":[8.75,6.875,9.375,7.75],"tintindex":0,"rotation":0,"texture":"#1"},"north":{"uv":[8.75,5.875,9.375,6.75],"tintindex":0,"rotation":0,"texture":"#1"},"west":{"uv":[2.75,7.25,3.625,8.125],"tintindex":0,"rotation":0,"texture":"#1"},"up":{"uv":[9.625,1.875,9.0,1.0],"tintindex":0,"rotation":0,"texture":"#1"},"down":{"uv":[9.625,2.0,9.0,2.875],"tintindex":0,"rotation":0,"texture":"#1"}}}],"display":{"head":{"rotation":[0.0,0.0,0.0]},"firstperson_righthand":{"rotation":[0.0,0.0,0.0]},"thirdperson_lefthand":{"rotation":[0.0,-0.0,-0.0]},"firstperson_lefthand":{"rotation":[0.0,-0.0,-0.0]},"fixed":{"rotation":[0.0,0.0,0.0]},"ground":{"rotation":[0.0,0.0,0.0]},"thirdperson_righthand":{"rotation":[0.0,0.0,0.0]},"gui":{"rotation":[-150.0,-45.0,180.0]}}}