{"textures":{"1":"modelengine:entity/1bit_elite_piglin_brute_2","particle":"#1"},"elements":[{"from":[6.275,0.275,4.525],"to":[10.225,8.225,9.475],"faces":{"east":{"uv":[8.0,6.0,8.625,7.0],"tintindex":0,"rotation":0,"texture":"#1"},"south":{"uv":[9.125,3.0,9.625,4.0],"tintindex":0,"rotation":0,"texture":"#1"},"north":{"uv":[0.75,8.625,1.25,9.625],"tintindex":0,"rotation":0,"texture":"#1"},"west":{"uv":[8.0,7.125,8.625,8.125],"tintindex":0,"rotation":0,"texture":"#1"},"up":{"uv":[0.5,10.25,0.0,9.625],"tintindex":0,"rotation":0,"texture":"#1"},"down":{"uv":[1.125,9.75,0.625,10.375],"tintindex":0,"rotation":0,"texture":"#1"}}},{"from":[6.025,0.025000006,4.275],"to":[10.475,8.475,9.725],"faces":{"east":{"uv":[8.25,1.0,8.875,2.0],"tintindex":0,"rotation":0,"texture":"#1"},"south":{"uv":[1.375,9.25,1.875,10.25],"tintindex":0,"rotation":0,"texture":"#1"},"north":{"uv":[9.125,9.0,9.625,10.0],"tintindex":0,"rotation":0,"texture":"#1"},"west":{"uv":[8.25,2.125,8.875,3.125],"tintindex":0,"rotation":0,"texture":"#1"},"up":{"uv":[10.25,1.625,9.75,1.0],"tintindex":0,"rotation":0,"texture":"#1"},"down":{"uv":[10.25,1.75,9.75,2.375],"tintindex":0,"rotation":0,"texture":"#1"}}}],"display":{"head":{"rotation":[0.0,0.0,0.0]},"firstperson_righthand":{"rotation":[0.0,0.0,0.0]},"thirdperson_lefthand":{"rotation":[0.0,-0.0,-0.0]},"firstperson_lefthand":{"rotation":[0.0,-0.0,-0.0]},"fixed":{"rotation":[0.0,0.0,0.0]},"ground":{"rotation":[0.0,0.0,0.0]},"thirdperson_righthand":{"rotation":[0.0,0.0,0.0]},"gui":{"rotation":[-150.0,-45.0,180.0]}}}