{"textures":{"1":"modelengine:entity/1bit_elite_piglin_brute_2","particle":"#1"},"elements":[{"from":[5.0,2.5,4.5],"to":[10.0,7.5,11.5],"faces":{"east":{"uv":[8.25,4.125,9.125,4.75],"tintindex":0,"rotation":0,"texture":"#1"},"south":{"uv":[5.625,9.25,6.25,9.875],"tintindex":0,"rotation":0,"texture":"#1"},"north":{"uv":[9.25,4.125,9.875,4.75],"tintindex":0,"rotation":0,"texture":"#1"},"west":{"uv":[6.625,8.25,7.5,8.875],"tintindex":0,"rotation":0,"texture":"#1"},"up":{"uv":[8.25,9.125,7.625,8.25],"tintindex":0,"rotation":0,"texture":"#1"},"down":{"uv":[9.0,0.0,8.375,0.875],"tintindex":0,"rotation":0,"texture":"#1"}}},{"from":[4.75,2.75,4.25],"to":[10.25,8.25,11.75],"faces":{"east":{"uv":[8.375,8.25,9.25,8.875],"tintindex":0,"rotation":0,"texture":"#1"},"south":{"uv":[9.375,7.875,10.0,8.5],"tintindex":0,"rotation":0,"texture":"#1"},"north":{"uv":[7.375,9.25,8.0,9.875],"tintindex":0,"rotation":0,"texture":"#1"},"west":{"uv":[1.375,8.5,2.25,9.125],"tintindex":0,"rotation":0,"texture":"#1"},"up":{"uv":[0.625,9.5,0.0,8.625],"tintindex":0,"rotation":0,"texture":"#1"},"down":{"uv":[9.375,4.875,8.75,5.75],"tintindex":0,"rotation":0,"texture":"#1"}}}],"display":{"head":{"rotation":[0.0,0.0,0.0]},"firstperson_righthand":{"rotation":[0.0,0.0,0.0]},"thirdperson_lefthand":{"rotation":[0.0,-0.0,-0.0]},"firstperson_lefthand":{"rotation":[0.0,-0.0,-0.0]},"fixed":{"rotation":[0.0,0.0,0.0]},"ground":{"rotation":[0.0,0.0,0.0]},"thirdperson_righthand":{"rotation":[0.0,0.0,0.0]},"gui":{"rotation":[-150.0,-45.0,180.0]}}}