{"textures":{"1":"modelengine:entity/1bit_elite_piglin_brute_2","particle":"#1"},"elements":[{"from":[7.25,3.0,5.5],"to":[11.25,10.0,10.5],"faces":{"east":{"uv":[3.625,8.25,4.25,9.125],"tintindex":0,"rotation":0,"texture":"#1"},"south":{"uv":[3.75,9.25,4.25,10.125],"tintindex":0,"rotation":0,"texture":"#1"},"north":{"uv":[3.125,9.25,3.625,10.125],"tintindex":0,"rotation":0,"texture":"#1"},"west":{"uv":[4.375,8.25,5.0,9.125],"tintindex":0,"rotation":0,"texture":"#1"},"up":{"uv":[10.0,5.5,9.5,4.875],"tintindex":0,"rotation":0,"texture":"#1"},"down":{"uv":[10.0,5.625,9.5,6.25],"tintindex":0,"rotation":0,"texture":"#1"}}},{"from":[7.0,2.75,5.25],"to":[11.5,10.25,10.75],"faces":{"east":{"uv":[5.125,8.25,5.75,9.125],"tintindex":0,"rotation":0,"texture":"#1"},"south":{"uv":[5.0,9.25,5.5,10.125],"tintindex":0,"rotation":0,"texture":"#1"},"north":{"uv":[4.375,9.25,4.875,10.125],"tintindex":0,"rotation":0,"texture":"#1"},"west":{"uv":[5.875,8.25,6.5,9.125],"tintindex":0,"rotation":0,"texture":"#1"},"up":{"uv":[10.0,7.0,9.5,6.375],"tintindex":0,"rotation":0,"texture":"#1"},"down":{"uv":[10.0,7.125,9.5,7.75],"tintindex":0,"rotation":0,"texture":"#1"}}}],"display":{"head":{"rotation":[0.0,0.0,0.0]},"firstperson_righthand":{"rotation":[0.0,0.0,0.0]},"thirdperson_lefthand":{"rotation":[0.0,-0.0,-0.0]},"firstperson_lefthand":{"rotation":[0.0,-0.0,-0.0]},"fixed":{"rotation":[0.0,0.0,0.0]},"ground":{"rotation":[0.0,0.0,0.0]},"thirdperson_righthand":{"rotation":[0.0,0.0,0.0]},"gui":{"rotation":[-150.0,-45.0,180.0]}}}