{"textures":{"1":"modelengine:entity/1bit_elite_piglin_brute_2","particle":"#1"},"elements":[{"from":[7.5,3.0,5.0],"to":[8.5,9.0,11.0],"faces":{"east":{"uv":[9.0,3.25,8.25,4.0],"tintindex":0,"rotation":0,"texture":"#1"},"south":{"uv":[2.125,9.25,2.0,10.0],"tintindex":0,"rotation":0,"texture":"#1"},"north":{"uv":[7.875,6.0,7.75,6.75],"tintindex":0,"rotation":0,"texture":"#1"},"west":{"uv":[3.5,8.25,2.75,9.0],"tintindex":0,"rotation":0,"texture":"#1"},"up":{"uv":[6.5,9.25,6.375,10.0],"tintindex":0,"rotation":0,"texture":"#1"},"down":{"uv":[8.25,9.25,8.125,10.0],"tintindex":0,"rotation":0,"texture":"#1"}}}],"display":{"head":{"rotation":[0.0,0.0,0.0]},"firstperson_righthand":{"rotation":[0.0,0.0,0.0]},"thirdperson_lefthand":{"rotation":[0.0,-0.0,-0.0]},"firstperson_lefthand":{"rotation":[0.0,-0.0,-0.0]},"fixed":{"rotation":[0.0,0.0,0.0]},"ground":{"rotation":[0.0,0.0,0.0]},"thirdperson_righthand":{"rotation":[0.0,0.0,0.0]},"gui":{"rotation":[-150.0,-45.0,180.0]}}}