{"textures":{"2":"modelengine:entity/1bit_elite_piglin_brute_3","particle":"#2"},"elements":[{"from":[10.999081,-0.11538029,-2.4638395],"to":[10.999081,16.88462,2.53616],"faces":{"east":{"uv":[5.375,0.5,6.0,2.625],"tintindex":0,"rotation":0,"texture":"#2"},"west":{"uv":[6.0,0.5,5.375,2.625],"tintindex":0,"rotation":0,"texture":"#2"}},"rotation":{"origin":[10.999081,7.8846197,2.53616],"angle":-45.0,"axis":"y"}},{"from":[2.0,8.88462,3.53654],"to":[14.0,20.88462,5.53654],"faces":{"east":{"uv":[1.625,6.25,1.875,4.75],"tintindex":0,"rotation":0,"texture":"#2"},"south":{"uv":[0.0,3.125,1.5,1.625],"tintindex":0,"rotation":0,"texture":"#2"},"north":{"uv":[0.0,1.5,1.5,0.0],"tintindex":0,"rotation":0,"texture":"#2"},"west":{"uv":[2.0,6.25,2.25,4.75],"tintindex":0,"rotation":0,"texture":"#2"},"up":{"uv":[0.0,6.5,1.5,6.75],"tintindex":0,"rotation":0,"texture":"#2"},"down":{"uv":[0.0,5.75,1.5,6.0],"tintindex":0,"rotation":0,"texture":"#2"}},"rotation":{"origin":[8.0,14.88462,4.53654],"angle":-45.0,"axis":"z"}},{"from":[3.0,1.8846197,2.53654],"to":[13.0,14.88462,3.53654],"faces":{"east":{"uv":[3.75,4.75,3.875,6.375],"tintindex":0,"rotation":0,"texture":"#2"},"south":{"uv":[3.0,3.0,4.25,4.625],"tintindex":0,"rotation":0,"texture":"#2"},"north":{"uv":[1.625,3.0,2.875,4.625],"tintindex":0,"rotation":0,"texture":"#2"},"west":{"uv":[4.0,4.75,4.125,6.375],"tintindex":0,"rotation":0,"texture":"#2"},"up":{"uv":[5.5,4.875,4.25,4.75],"tintindex":0,"rotation":0,"texture":"#2"},"down":{"uv":[1.25,5.0,0.0,5.125],"tintindex":0,"rotation":0,"texture":"#2"}}},{"from":[8.0,-3.1153803,-3.4638395],"to":[8.0,19.88462,2.53616],"faces":{"east":{"uv":[6.25,0.0,7.0,2.875],"tintindex":0,"rotation":0,"texture":"#2"},"west":{"uv":[7.0,0.0,6.25,2.875],"tintindex":0,"rotation":0,"texture":"#2"}}},{"from":[3.0,11.38462,4.03654],"to":[5.0,13.38462,5.03654],"faces":{"east":{"uv":[4.0,2.5,4.125,2.75],"tintindex":0,"rotation":0,"texture":"#2"},"south":{"uv":[3.625,2.5,3.875,2.75],"tintindex":0,"rotation":0,"texture":"#2"},"north":{"uv":[3.25,2.5,3.5,2.75],"tintindex":0,"rotation":0,"texture":"#2"},"west":{"uv":[1.375,5.0,1.5,5.25],"tintindex":0,"rotation":0,"texture":"#2"},"up":{"uv":[5.25,2.75,5.0,2.625],"tintindex":0,"rotation":0,"texture":"#2"},"down":{"uv":[5.25,2.875,5.0,3.0],"tintindex":0,"rotation":0,"texture":"#2"}},"rotation":{"origin":[8.0,8.38462,4.53654],"angle":45.0,"axis":"z"}},{"from":[11.0,14.88462,4.03654],"to":[13.0,16.88462,5.03654],"faces":{"east":{"uv":[1.5,5.0,1.375,5.25],"tintindex":0,"rotation":0,"texture":"#2"},"south":{"uv":[3.875,2.5,3.625,2.75],"tintindex":0,"rotation":0,"texture":"#2"},"north":{"uv":[3.5,2.5,3.25,2.75],"tintindex":0,"rotation":0,"texture":"#2"},"west":{"uv":[4.125,2.5,4.0,2.75],"tintindex":0,"rotation":0,"texture":"#2"},"up":{"uv":[5.0,2.75,5.25,2.625],"tintindex":0,"rotation":0,"texture":"#2"},"down":{"uv":[5.0,2.875,5.25,3.0],"tintindex":0,"rotation":0,"texture":"#2"}},"rotation":{"origin":[8.0,11.88462,4.53654],"angle":-45.0,"axis":"z"}},{"from":[6.0,4.3846197,5.53654],"to":[10.0,12.38462,11.53654],"faces":{"east":{"uv":[3.25,1.375,4.0,2.375],"tintindex":0,"rotation":0,"texture":"#2"},"south":{"uv":[4.375,3.625,4.875,4.625],"tintindex":0,"rotation":0,"texture":"#2"},"north":{"uv":[4.375,2.5,4.875,3.5],"tintindex":0,"rotation":0,"texture":"#2"},"west":{"uv":[4.125,1.375,4.875,2.375],"tintindex":0,"rotation":0,"texture":"#2"},"up":{"uv":[5.125,1.125,4.625,0.375],"tintindex":0,"rotation":0,"texture":"#2"},"down":{"uv":[2.875,4.75,2.375,5.5],"tintindex":0,"rotation":0,"texture":"#2"}}},{"from":[3.0,-3.1153803,2.5615401],"to":[13.0,6.8846197,3.53654],"faces":{"east":{"uv":[1.375,3.25,1.5,4.5],"tintindex":0,"rotation":0,"texture":"#2"},"south":{"uv":[3.25,0.0,4.5,1.25],"tintindex":0,"rotation":0,"texture":"#2"},"north":{"uv":[0.0,3.25,1.25,4.5],"tintindex":0,"rotation":0,"texture":"#2"},"west":{"uv":[5.0,1.25,5.125,2.5],"tintindex":0,"rotation":0,"texture":"#2"},"up":{"uv":[4.25,5.25,5.5,5.375],"tintindex":0,"rotation":0,"texture":"#2"},"down":{"uv":[0.0,5.25,1.25,5.375],"tintindex":0,"rotation":0,"texture":"#2"}},"rotation":{"origin":[8.0,1.8846197,3.03654],"angle":45.0,"axis":"z"}},{"from":[11.0,7.8846197,4.03654],"to":[13.0,9.88462,5.03654],"faces":{"east":{"uv":[1.5,5.0,1.375,5.25],"tintindex":0,"rotation":0,"texture":"#2"},"south":{"uv":[3.875,2.5,3.625,2.75],"tintindex":0,"rotation":0,"texture":"#2"},"north":{"uv":[3.5,2.5,3.25,2.75],"tintindex":0,"rotation":0,"texture":"#2"},"west":{"uv":[4.125,2.5,4.0,2.75],"tintindex":0,"rotation":0,"texture":"#2"},"up":{"uv":[5.0,2.75,5.25,2.625],"tintindex":0,"rotation":0,"texture":"#2"},"down":{"uv":[5.0,2.875,5.25,3.0],"tintindex":0,"rotation":0,"texture":"#2"}},"rotation":{"origin":[8.0,4.8846197,4.53654],"angle":-45.0,"axis":"z"}},{"from":[11.0,11.38462,4.03654],"to":[13.0,13.38462,5.03654],"faces":{"east":{"uv":[1.5,5.0,1.375,5.25],"tintindex":0,"rotation":0,"texture":"#2"},"south":{"uv":[3.875,2.5,3.625,2.75],"tintindex":0,"rotation":0,"texture":"#2"},"north":{"uv":[3.5,2.5,3.25,2.75],"tintindex":0,"rotation":0,"texture":"#2"},"west":{"uv":[4.125,2.5,4.0,2.75],"tintindex":0,"rotation":0,"texture":"#2"},"up":{"uv":[5.0,2.75,5.25,2.625],"tintindex":0,"rotation":0,"texture":"#2"},"down":{"uv":[5.0,2.875,5.25,3.0],"tintindex":0,"rotation":0,"texture":"#2"}},"rotation":{"origin":[8.0,8.38462,4.53654],"angle":-45.0,"axis":"z"}},{"from":[3.0,14.88462,4.03654],"to":[5.0,16.88462,5.03654],"faces":{"east":{"uv":[4.0,2.5,4.125,2.75],"tintindex":0,"rotation":0,"texture":"#2"},"south":{"uv":[3.625,2.5,3.875,2.75],"tintindex":0,"rotation":0,"texture":"#2"},"north":{"uv":[3.25,2.5,3.5,2.75],"tintindex":0,"rotation":0,"texture":"#2"},"west":{"uv":[1.375,5.0,1.5,5.25],"tintindex":0,"rotation":0,"texture":"#2"},"up":{"uv":[5.25,2.75,5.0,2.625],"tintindex":0,"rotation":0,"texture":"#2"},"down":{"uv":[5.25,2.875,5.0,3.0],"tintindex":0,"rotation":0,"texture":"#2"}},"rotation":{"origin":[8.0,11.88462,4.53654],"angle":45.0,"axis":"z"}},{"from":[5.0009203,-0.11538029,-2.4638395],"to":[5.0009203,16.88462,2.53616],"faces":{"east":{"uv":[5.375,0.5,6.0,2.625],"tintindex":0,"rotation":0,"texture":"#2"},"west":{"uv":[6.0,0.5,5.375,2.625],"tintindex":0,"rotation":0,"texture":"#2"}},"rotation":{"origin":[5.0009203,7.8846197,2.53616],"angle":45.0,"axis":"y"}},{"from":[3.0,7.8846197,4.03654],"to":[5.0,9.88462,5.03654],"faces":{"east":{"uv":[4.0,2.5,4.125,2.75],"tintindex":0,"rotation":0,"texture":"#2"},"south":{"uv":[3.625,2.5,3.875,2.75],"tintindex":0,"rotation":0,"texture":"#2"},"north":{"uv":[3.25,2.5,3.5,2.75],"tintindex":0,"rotation":0,"texture":"#2"},"west":{"uv":[1.375,5.0,1.5,5.25],"tintindex":0,"rotation":0,"texture":"#2"},"up":{"uv":[5.25,2.75,5.0,2.625],"tintindex":0,"rotation":0,"texture":"#2"},"down":{"uv":[5.25,2.875,5.0,3.0],"tintindex":0,"rotation":0,"texture":"#2"}},"rotation":{"origin":[8.0,4.8846197,4.53654],"angle":45.0,"axis":"z"}},{"from":[2.0,-4.1153803,3.53654],"to":[14.0,7.8846197,5.53654],"faces":{"east":{"uv":[1.625,4.75,1.875,6.25],"tintindex":0,"rotation":0,"texture":"#2"},"south":{"uv":[0.0,1.625,1.5,3.125],"tintindex":0,"rotation":0,"texture":"#2"},"north":{"uv":[0.0,0.0,1.5,1.5],"tintindex":0,"rotation":0,"texture":"#2"},"west":{"uv":[2.0,4.75,2.25,6.25],"tintindex":0,"rotation":0,"texture":"#2"},"up":{"uv":[0.0,6.125,1.5,6.375],"tintindex":0,"rotation":0,"texture":"#2"},"down":{"uv":[0.0,6.875,1.5,7.125],"tintindex":0,"rotation":0,"texture":"#2"}},"rotation":{"origin":[8.0,1.8846197,4.53654],"angle":45.0,"axis":"z"}},{"from":[3.0,9.88462,2.5615401],"to":[13.0,19.88462,3.53654],"faces":{"east":{"uv":[1.375,4.5,1.5,3.25],"tintindex":0,"rotation":0,"texture":"#2"},"south":{"uv":[3.25,1.25,4.5,0.0],"tintindex":0,"rotation":0,"texture":"#2"},"north":{"uv":[0.0,4.5,1.25,3.25],"tintindex":0,"rotation":0,"texture":"#2"},"west":{"uv":[5.0,2.5,5.125,1.25],"tintindex":0,"rotation":0,"texture":"#2"},"up":{"uv":[0.0,5.5,1.25,5.625],"tintindex":0,"rotation":0,"texture":"#2"},"down":{"uv":[4.25,5.0,5.5,5.125],"tintindex":0,"rotation":0,"texture":"#2"}},"rotation":{"origin":[8.0,14.88462,3.03654],"angle":-45.0,"axis":"z"}},{"from":[2.0,3.8846197,3.53654],"to":[14.0,14.88462,5.53654],"faces":{"east":{"uv":[3.0,4.75,3.25,6.125],"tintindex":0,"rotation":0,"texture":"#2"},"south":{"uv":[1.625,1.5,3.125,2.875],"tintindex":0,"rotation":0,"texture":"#2"},"north":{"uv":[1.625,0.0,3.125,1.375],"tintindex":0,"rotation":0,"texture":"#2"},"west":{"uv":[3.375,4.75,3.625,6.125],"tintindex":0,"rotation":0,"texture":"#2"},"up":{"uv":[1.5,4.875,0.0,4.625],"tintindex":0,"rotation":0,"texture":"#2"},"down":{"uv":[6.125,0.0,4.625,0.25],"tintindex":0,"rotation":0,"texture":"#2"}}}],"display":{"head":{"rotation":[0.0,0.0,0.0]},"firstperson_righthand":{"rotation":[0.0,0.0,0.0]},"thirdperson_lefthand":{"rotation":[0.0,-0.0,-0.0]},"firstperson_lefthand":{"rotation":[0.0,-0.0,-0.0]},"fixed":{"rotation":[0.0,0.0,0.0]},"ground":{"rotation":[0.0,0.0,0.0]},"thirdperson_righthand":{"rotation":[0.0,0.0,0.0]},"gui":{"rotation":[-150.0,-45.0,180.0]}}}