{"textures":{"0":"modelengine:entity/1bit_elite_baby_wither_skeleton","particle":"#0"},"elements":[{"from":[6.5,7.3825,5.3824997],"to":[9.5,10.3825,6.3825],"faces":{"east":{"uv":[1.25,12.5,1.5,13.25],"tintindex":0,"rotation":0,"texture":"#0"},"south":{"uv":[11.75,11.0,12.5,11.75],"tintindex":0,"rotation":0,"texture":"#0"},"north":{"uv":[11.75,10.0,12.5,10.75],"tintindex":0,"rotation":0,"texture":"#0"},"west":{"uv":[1.75,12.5,2.0,13.25],"tintindex":0,"rotation":0,"texture":"#0"},"up":{"uv":[11.5,10.25,10.75,10.0],"tintindex":0,"rotation":0,"texture":"#0"},"down":{"uv":[13.5,0.0,14.25,0.25],"tintindex":0,"rotation":0,"texture":"#0"}}},{"from":[5.3025,5.1325,6.1325],"to":[10.6975,13.1875,9.8675],"faces":{"east":{"uv":[9.75,8.25,10.5,10.25],"tintindex":0,"rotation":0,"texture":"#0"},"south":{"uv":[6.75,9.0,8.0,11.0],"tintindex":0,"rotation":0,"texture":"#0"},"north":{"uv":[9.0,4.5,10.25,6.5],"tintindex":0,"rotation":0,"texture":"#0"},"west":{"uv":[10.5,4.5,11.25,6.5],"tintindex":0,"rotation":0,"texture":"#0"},"up":{"uv":[12.0,9.75,10.75,9.0],"tintindex":0,"rotation":0,"texture":"#0"}}},{"from":[5.51,8.0,6.34],"to":[10.49,12.9800005,9.66],"faces":{"east":{"uv":[0.0,11.0,0.75,12.25],"tintindex":0,"rotation":0,"texture":"#0"},"south":{"uv":[8.25,9.0,9.5,10.25],"tintindex":0,"rotation":0,"texture":"#0"},"north":{"uv":[9.0,6.75,10.25,8.0],"tintindex":0,"rotation":0,"texture":"#0"},"west":{"uv":[1.0,11.0,1.75,12.25],"tintindex":0,"rotation":0,"texture":"#0"},"up":{"uv":[3.25,11.75,2.0,11.0],"tintindex":0,"rotation":0,"texture":"#0"},"down":{"uv":[4.75,11.0,3.5,11.75],"tintindex":0,"rotation":0,"texture":"#0"}}}],"display":{"head":{"rotation":[0.0,0.0,0.0]},"firstperson_righthand":{"rotation":[0.0,0.0,0.0]},"thirdperson_lefthand":{"rotation":[0.0,-0.0,-0.0]},"firstperson_lefthand":{"rotation":[0.0,-0.0,-0.0]},"fixed":{"rotation":[0.0,0.0,0.0]},"ground":{"rotation":[0.0,0.0,0.0]},"thirdperson_righthand":{"rotation":[0.0,0.0,0.0]},"gui":{"rotation":[-150.0,-45.0,180.0]}}}