{"textures":{"0":"modelengine:entity/1bit_elite_baby_wither_skeleton","particle":"#0"},"elements":[{"from":[5.0950003,4.5099998,8.0],"to":[10.905,8.0,8.0],"faces":{"south":{"uv":[10.75,8.0,12.25,8.75],"tintindex":0,"rotation":0,"texture":"#0"},"north":{"uv":[12.25,8.0,10.75,8.75],"tintindex":0,"rotation":0,"texture":"#0"}}}],"display":{"head":{"rotation":[0.0,0.0,0.0]},"firstperson_righthand":{"rotation":[0.0,0.0,0.0]},"thirdperson_lefthand":{"rotation":[0.0,-0.0,-0.0]},"firstperson_lefthand":{"rotation":[0.0,-0.0,-0.0]},"fixed":{"rotation":[0.0,0.0,0.0]},"ground":{"rotation":[0.0,0.0,0.0]},"thirdperson_righthand":{"rotation":[0.0,0.0,0.0]},"gui":{"rotation":[-150.0,-45.0,180.0]}}}