{"textures":{"0":"modelengine:entity/1bit_elite_baby_wither_skeleton","particle":"#0"},"elements":[{"from":[4.0,8.0,4.0],"to":[12.0,16.0,12.0],"faces":{"east":{"uv":[4.5,2.25,6.5,4.25],"tintindex":0,"rotation":0,"texture":"#0"},"south":{"uv":[4.5,4.5,6.5,6.5],"tintindex":0,"rotation":0,"texture":"#0"},"north":{"uv":[4.5,0.0,6.5,2.0],"tintindex":0,"rotation":0,"texture":"#0"},"west":{"uv":[0.0,6.5,2.0,8.5],"tintindex":0,"rotation":0,"texture":"#0"},"up":{"uv":[4.25,8.5,2.25,6.5],"tintindex":0,"rotation":0,"texture":"#0"},"down":{"uv":[8.75,0.0,6.75,2.0],"tintindex":0,"rotation":0,"texture":"#0"}}},{"from":[3.5,7.5,3.5],"to":[12.5,20.5,12.5],"faces":{"east":{"uv":[2.25,0.0,4.25,3.0],"tintindex":0,"rotation":0,"texture":"#0"},"south":{"uv":[0.0,3.25,2.0,6.25],"tintindex":0,"rotation":0,"texture":"#0"},"north":{"uv":[0.0,0.0,2.0,3.0],"tintindex":0,"rotation":0,"texture":"#0"},"west":{"uv":[2.25,3.25,4.25,6.25],"tintindex":0,"rotation":0,"texture":"#0"},"up":{"uv":[11.0,2.0,9.0,0.0],"tintindex":0,"rotation":0,"texture":"#0"},"down":{"uv":[11.0,2.25,9.0,4.25],"tintindex":0,"rotation":0,"texture":"#0"}}},{"from":[3.75,7.75,3.75],"to":[12.25,16.25,12.25],"faces":{"east":{"uv":[4.5,6.75,6.5,8.75],"tintindex":0,"rotation":0,"texture":"#0"},"south":{"uv":[6.75,4.5,8.75,6.5],"tintindex":0,"rotation":0,"texture":"#0"},"north":{"uv":[6.75,2.25,8.75,4.25],"tintindex":0,"rotation":0,"texture":"#0"},"west":{"uv":[6.75,6.75,8.75,8.75],"tintindex":0,"rotation":0,"texture":"#0"},"up":{"uv":[2.0,10.75,0.0,8.75],"tintindex":0,"rotation":0,"texture":"#0"},"down":{"uv":[4.25,8.75,2.25,10.75],"tintindex":0,"rotation":0,"texture":"#0"}}}],"display":{"head":{"rotation":[0.0,0.0,0.0]},"firstperson_righthand":{"rotation":[0.0,0.0,0.0]},"thirdperson_lefthand":{"rotation":[0.0,-0.0,-0.0]},"firstperson_lefthand":{"rotation":[0.0,-0.0,-0.0]},"fixed":{"rotation":[0.0,0.0,0.0]},"ground":{"rotation":[0.0,0.0,0.0]},"thirdperson_righthand":{"rotation":[0.0,0.0,0.0]},"gui":{"rotation":[-150.0,-45.0,180.0]}}}