{"textures":{"0":"modelengine:entity/1bit_elite_baby_wither_skeleton","particle":"#0"},"elements":[{"from":[7.6015997,7.6015997,5.1533995],"to":[8.3984,8.3984,11.9462],"faces":{"east":{"uv":[13.75,2.0,12.0,2.25],"tintindex":0,"rotation":0,"texture":"#0"},"south":{"uv":[13.0,6.25,12.75,6.5],"tintindex":0,"rotation":0,"texture":"#0"},"north":{"uv":[13.0,2.5,12.75,2.75],"tintindex":0,"rotation":0,"texture":"#0"},"west":{"uv":[3.75,12.0,2.0,12.25],"tintindex":0,"rotation":0,"texture":"#0"},"up":{"uv":[4.25,12.0,4.0,13.75],"tintindex":0,"rotation":0,"texture":"#0"},"down":{"uv":[4.75,12.0,4.5,13.75],"tintindex":0,"rotation":0,"texture":"#0"}},"rotation":{"origin":[8.0,8.0,7.2998],"angle":-45.0,"axis":"z"}},{"from":[8.000999,4.29972,-1.3177004],"to":[8.000999,11.29572,6.6783],"faces":{"east":{"uv":[4.5,9.0,6.5,10.75],"tintindex":0,"rotation":0,"texture":"#0"},"west":{"uv":[6.5,9.0,4.5,10.75],"tintindex":0,"rotation":0,"texture":"#0"}}},{"from":[7.502,7.502,0.18230009],"to":[8.498,8.498,4.1783],"faces":{"east":{"uv":[12.75,12.0,11.75,12.25],"tintindex":0,"rotation":0,"texture":"#0"},"south":{"uv":[13.0,7.25,12.75,7.5],"tintindex":0,"rotation":0,"texture":"#0"},"north":{"uv":[13.0,6.75,12.75,7.0],"tintindex":0,"rotation":0,"texture":"#0"},"west":{"uv":[13.0,3.25,12.0,3.5],"tintindex":0,"rotation":0,"texture":"#0"},"up":{"uv":[12.5,7.5,12.25,6.5],"tintindex":0,"rotation":0,"texture":"#0"},"down":{"uv":[0.25,12.5,0.0,13.5],"tintindex":0,"rotation":0,"texture":"#0"}},"rotation":{"origin":[8.0,8.0,7.2998],"angle":-45.0,"axis":"z"}},{"from":[7.252,7.252,-1.0677004],"to":[8.748,8.748,0.4282999],"faces":{"east":{"uv":[13.25,1.0,13.0,1.25],"tintindex":0,"rotation":0,"texture":"#0"},"south":{"uv":[13.25,0.5,13.0,0.75],"tintindex":0,"rotation":0,"texture":"#0"},"north":{"uv":[13.0,12.5,12.75,12.75],"tintindex":0,"rotation":0,"texture":"#0"},"west":{"uv":[13.25,0.0,13.0,0.25],"tintindex":0,"rotation":0,"texture":"#0"},"up":{"uv":[13.25,1.5,13.0,1.75],"tintindex":0,"rotation":0,"texture":"#0"},"down":{"uv":[2.5,13.0,2.25,13.25],"tintindex":0,"rotation":0,"texture":"#0"}},"rotation":{"origin":[8.0,8.0,7.2998],"angle":-45.0,"axis":"z"}},{"from":[7.502,7.502,9.9213],"to":[8.498,8.498,10.9173],"faces":{"east":{"uv":[12.75,8.25,12.5,8.5],"tintindex":0,"rotation":0,"texture":"#0"},"south":{"uv":[12.75,7.75,12.5,8.0],"tintindex":0,"rotation":0,"texture":"#0"},"north":{"uv":[6.75,12.5,6.5,12.75],"tintindex":0,"rotation":0,"texture":"#0"},"west":{"uv":[7.25,12.5,7.0,12.75],"tintindex":0,"rotation":0,"texture":"#0"},"up":{"uv":[12.0,12.5,11.75,12.75],"tintindex":0,"rotation":0,"texture":"#0"},"down":{"uv":[12.5,12.5,12.25,12.75],"tintindex":0,"rotation":0,"texture":"#0"}},"rotation":{"origin":[8.0,8.0,7.2998],"angle":-45.0,"axis":"z"}},{"from":[7.252,7.252,3.9322996],"to":[8.748,8.748,5.4283],"faces":{"east":{"uv":[13.0,10.25,12.75,10.5],"tintindex":0,"rotation":0,"texture":"#0"},"south":{"uv":[10.5,12.75,10.25,13.0],"tintindex":0,"rotation":0,"texture":"#0"},"north":{"uv":[10.0,12.75,9.75,13.0],"tintindex":0,"rotation":0,"texture":"#0"},"west":{"uv":[13.0,9.75,12.75,10.0],"tintindex":0,"rotation":0,"texture":"#0"},"up":{"uv":[13.0,10.75,12.75,11.0],"tintindex":0,"rotation":0,"texture":"#0"},"down":{"uv":[13.0,11.25,12.75,11.5],"tintindex":0,"rotation":0,"texture":"#0"}},"rotation":{"origin":[8.0,8.0,7.2998],"angle":-45.0,"axis":"z"}},{"from":[7.502,7.502,11.4213],"to":[8.498,8.498,13.417299],"faces":{"east":{"uv":[3.5,12.5,3.0,12.75],"tintindex":0,"rotation":0,"texture":"#0"},"south":{"uv":[12.75,5.75,12.5,6.0],"tintindex":0,"rotation":0,"texture":"#0"},"north":{"uv":[12.75,5.25,12.5,5.5],"tintindex":0,"rotation":0,"texture":"#0"},"west":{"uv":[2.75,12.5,2.25,12.75],"tintindex":0,"rotation":0,"texture":"#0"},"up":{"uv":[12.75,3.75,12.5,4.25],"tintindex":0,"rotation":0,"texture":"#0"},"down":{"uv":[12.75,4.5,12.5,5.0],"tintindex":0,"rotation":0,"texture":"#0"}},"rotation":{"origin":[8.0,8.0,7.2998],"angle":-45.0,"axis":"z"}}],"display":{"head":{"rotation":[0.0,0.0,0.0]},"firstperson_righthand":{"rotation":[0.0,0.0,0.0]},"thirdperson_lefthand":{"rotation":[0.0,-0.0,-0.0]},"firstperson_lefthand":{"rotation":[0.0,-0.0,-0.0]},"fixed":{"rotation":[0.0,0.0,0.0]},"ground":{"rotation":[0.0,0.0,0.0]},"thirdperson_righthand":{"rotation":[0.0,0.0,0.0]},"gui":{"rotation":[-150.0,-45.0,180.0]}}}