{"textures":{"0":"modelengine:entity/1bit_elite_baby_wither_skeleton","particle":"#0"},"elements":[{"from":[7.3775,5.175,6.5475],"to":[9.4525,9.08,9.4525],"faces":{"east":{"uv":[11.5,4.0,12.25,5.0],"tintindex":0,"rotation":0,"texture":"#0"},"south":{"uv":[11.5,5.25,12.25,6.25],"tintindex":0,"rotation":0,"texture":"#0"},"north":{"uv":[6.5,11.25,7.25,12.25],"tintindex":0,"rotation":0,"texture":"#0"},"west":{"uv":[10.0,11.5,10.75,12.5],"tintindex":0,"rotation":0,"texture":"#0"},"up":{"uv":[12.75,0.75,12.0,0.0],"tintindex":0,"rotation":0,"texture":"#0"},"down":{"uv":[12.75,1.0,12.0,1.75],"tintindex":0,"rotation":0,"texture":"#0"}}},{"from":[7.3775,2.4350004,7.3775],"to":[8.622499,8.83,8.6225],"faces":{"east":{"uv":[5.75,11.0,6.25,12.75],"tintindex":0,"rotation":0,"texture":"#0"},"south":{"uv":[11.25,0.0,11.75,1.75],"tintindex":0,"rotation":0,"texture":"#0"},"north":{"uv":[5.0,11.0,5.5,12.75],"tintindex":0,"rotation":0,"texture":"#0"},"west":{"uv":[11.25,2.0,11.75,3.75],"tintindex":0,"rotation":0,"texture":"#0"},"up":{"uv":[9.5,8.75,9.0,8.25],"tintindex":0,"rotation":0,"texture":"#0"},"down":{"uv":[12.0,2.5,12.5,3.0],"tintindex":0,"rotation":0,"texture":"#0"}}}],"display":{"head":{"rotation":[0.0,0.0,0.0]},"firstperson_righthand":{"rotation":[0.0,0.0,0.0]},"thirdperson_lefthand":{"rotation":[0.0,-0.0,-0.0]},"firstperson_lefthand":{"rotation":[0.0,-0.0,-0.0]},"fixed":{"rotation":[0.0,0.0,0.0]},"ground":{"rotation":[0.0,0.0,0.0]},"thirdperson_righthand":{"rotation":[0.0,0.0,0.0]},"gui":{"rotation":[-150.0,-45.0,180.0]}}}