{"textures":{"0":"modelengine:entity/1bit_elite_beby_wither_skeleton","particle":"#0"},"elements":[{"from":[7.3775,2.4350004,7.3775],"to":[8.622499,8.83,8.6225],"faces":{"east":{"uv":[11.75,2.0,11.25,3.75],"tintindex":0,"rotation":0,"texture":"#0"},"south":{"uv":[11.75,0.0,11.25,1.75],"tintindex":0,"rotation":0,"texture":"#0"},"north":{"uv":[5.5,11.0,5.0,12.75],"tintindex":0,"rotation":0,"texture":"#0"},"west":{"uv":[6.25,11.0,5.75,12.75],"tintindex":0,"rotation":0,"texture":"#0"},"up":{"uv":[9.5,8.25,9.0,8.75],"tintindex":0,"rotation":0,"texture":"#0"},"down":{"uv":[12.5,2.5,12.0,3.0],"tintindex":0,"rotation":0,"texture":"#0"}}},{"from":[6.5474997,5.175,6.5475],"to":[8.622499,9.08,9.4525],"faces":{"east":{"uv":[10.75,11.5,10.0,12.5],"tintindex":0,"rotation":0,"texture":"#0"},"south":{"uv":[12.25,5.25,11.5,6.25],"tintindex":0,"rotation":0,"texture":"#0"},"north":{"uv":[7.25,11.25,6.5,12.25],"tintindex":0,"rotation":0,"texture":"#0"},"west":{"uv":[12.25,4.0,11.5,5.0],"tintindex":0,"rotation":0,"texture":"#0"},"up":{"uv":[12.75,0.0,12.0,0.75],"tintindex":0,"rotation":0,"texture":"#0"},"down":{"uv":[12.75,1.0,12.0,1.75],"tintindex":0,"rotation":0,"texture":"#0"}}}],"display":{"head":{"rotation":[0.0,0.0,0.0]},"firstperson_righthand":{"rotation":[0.0,0.0,0.0]},"thirdperson_lefthand":{"rotation":[0.0,-0.0,-0.0]},"firstperson_lefthand":{"rotation":[0.0,-0.0,-0.0]},"fixed":{"rotation":[0.0,0.0,0.0]},"ground":{"rotation":[0.0,0.0,0.0]},"thirdperson_righthand":{"rotation":[0.0,0.0,0.0]},"gui":{"rotation":[-150.0,-45.0,180.0]}}}