{"textures":{"0":"modelengine:entity/1bit_elite_beby_wither_skeleton","particle":"#0"},"elements":[{"from":[7.3775,2.435,7.3775],"to":[8.6225,8.0,8.6225],"faces":{"east":{"uv":[11.0,11.5,11.5,13.0],"tintindex":0,"rotation":0,"texture":"#0"},"south":{"uv":[8.25,11.75,8.75,13.25],"tintindex":0,"rotation":0,"texture":"#0"},"north":{"uv":[7.5,11.25,8.0,12.75],"tintindex":0,"rotation":0,"texture":"#0"},"west":{"uv":[9.0,11.75,9.5,13.25],"tintindex":0,"rotation":0,"texture":"#0"},"up":{"uv":[12.75,9.5,12.25,9.0],"tintindex":0,"rotation":0,"texture":"#0"},"down":{"uv":[0.5,12.5,1.0,13.0],"tintindex":0,"rotation":0,"texture":"#0"}}}],"display":{"head":{"rotation":[0.0,0.0,0.0]},"firstperson_righthand":{"rotation":[0.0,0.0,0.0]},"thirdperson_lefthand":{"rotation":[0.0,-0.0,-0.0]},"firstperson_lefthand":{"rotation":[0.0,-0.0,-0.0]},"fixed":{"rotation":[0.0,0.0,0.0]},"ground":{"rotation":[0.0,0.0,0.0]},"thirdperson_righthand":{"rotation":[0.0,0.0,0.0]},"gui":{"rotation":[-150.0,-45.0,180.0]}}}