{"textures":{"0":"modelengine:entity/orc_warrior_am","particle":"#0"},"elements":[{"from":[3.9,7.4,7.4],"to":[12.1,8.6,8.6],"faces":{"east":{"uv":[9.75,6.375,9.875,6.5],"tintindex":0,"rotation":0,"texture":"#0"},"south":{"uv":[12.625,10.25,13.625,10.375],"tintindex":0,"rotation":0,"texture":"#0"},"north":{"uv":[8.375,10.625,9.375,10.75],"tintindex":0,"rotation":0,"texture":"#0"},"west":{"uv":[9.5,10.625,9.625,10.75],"tintindex":0,"rotation":0,"texture":"#0"},"up":{"uv":[14.0,9.625,13.0,9.5],"tintindex":0,"rotation":0,"texture":"#0"},"down":{"uv":[11.625,13.125,10.625,13.25],"tintindex":0,"rotation":0,"texture":"#0"}}}],"display":{"head":{"rotation":[0.0,0.0,0.0]},"firstperson_righthand":{"rotation":[0.0,0.0,0.0]},"thirdperson_lefthand":{"rotation":[0.0,-0.0,-0.0]},"firstperson_lefthand":{"rotation":[0.0,-0.0,-0.0]},"fixed":{"rotation":[0.0,0.0,0.0]},"ground":{"rotation":[0.0,0.0,0.0]},"thirdperson_righthand":{"rotation":[0.0,0.0,0.0]},"gui":{"rotation":[-150.0,-45.0,180.0]}}}