{"textures":{"0":"modelengine:entity/orc_warrior_am","particle":"#0"},"elements":[{"from":[8.0,2.4134216,15.1193905],"to":[8.0,13.413422,18.11939],"faces":{"east":{"uv":[6.25,0.0,6.625,1.375],"tintindex":0,"rotation":0,"texture":"#0"},"west":{"uv":[6.875,4.5,7.25,5.875],"tintindex":0,"rotation":0,"texture":"#0"}},"rotation":{"origin":[8.0,7.9134216,16.61939],"angle":-22.5,"axis":"x"}},{"from":[5.0,0.5,8.5],"to":[11.0,11.5,15.5],"faces":{"east":{"uv":[9.0,6.75,9.875,8.125],"tintindex":0,"rotation":0,"texture":"#0"},"south":{"uv":[9.125,0.0,9.875,1.375],"tintindex":0,"rotation":0,"texture":"#0"},"north":{"uv":[9.0,8.25,9.75,9.625],"tintindex":0,"rotation":0,"texture":"#0"},"west":{"uv":[7.5,9.0,8.375,10.375],"tintindex":0,"rotation":0,"texture":"#0"},"up":{"uv":[1.875,11.25,1.125,10.375],"tintindex":0,"rotation":0,"texture":"#0"},"down":{"uv":[2.75,10.375,2.0,11.25],"tintindex":0,"rotation":0,"texture":"#0"}},"rotation":{"origin":[8.0,6.0,12.0],"angle":-22.5,"axis":"x"}},{"from":[2.0,-3.499998,12.0],"to":[14.0,11.5,12.0],"faces":{"south":{"uv":[1.625,0.0,3.125,1.875],"tintindex":0,"rotation":0,"texture":"#0"},"north":{"uv":[0.0,0.0,1.5,1.875],"tintindex":0,"rotation":0,"texture":"#0"}},"rotation":{"origin":[8.0,6.0,12.0],"angle":-22.5,"axis":"x"}},{"from":[5.0,-3.499998,8.5],"to":[11.0,0.5,15.5],"faces":{"east":{"uv":[11.75,11.25,12.625,11.75],"tintindex":0,"rotation":0,"texture":"#0"},"south":{"uv":[2.5,12.25,3.25,12.75],"tintindex":0,"rotation":0,"texture":"#0"},"north":{"uv":[12.125,11.875,12.875,12.375],"tintindex":0,"rotation":0,"texture":"#0"},"west":{"uv":[4.125,11.875,5.0,12.375],"tintindex":0,"rotation":0,"texture":"#0"},"up":{"uv":[3.625,11.25,2.875,10.375],"tintindex":0,"rotation":0,"texture":"#0"},"down":{"uv":[4.5,10.375,3.75,11.25],"tintindex":0,"rotation":0,"texture":"#0"}},"rotation":{"origin":[8.0,6.0,12.0],"angle":-22.5,"axis":"x"}}],"display":{"head":{"rotation":[0.0,0.0,0.0]},"firstperson_righthand":{"rotation":[0.0,0.0,0.0]},"thirdperson_lefthand":{"rotation":[0.0,-0.0,-0.0]},"firstperson_lefthand":{"rotation":[0.0,-0.0,-0.0]},"fixed":{"rotation":[0.0,0.0,0.0]},"ground":{"rotation":[0.0,0.0,0.0]},"thirdperson_righthand":{"rotation":[0.0,0.0,0.0]},"gui":{"rotation":[-150.0,-45.0,180.0]}}}