{"textures":{"0":"modelengine:entity/orc_warrior_am","particle":"#0"},"elements":[{"from":[6.0,7.0,7.0],"to":[10.0,11.0,11.0],"faces":{"east":{"uv":[12.5,0.75,13.0,1.25],"tintindex":0,"rotation":0,"texture":"#0"},"south":{"uv":[12.5,1.375,13.0,1.875],"tintindex":0,"rotation":0,"texture":"#0"},"north":{"uv":[12.375,9.125,12.875,9.625],"tintindex":0,"rotation":0,"texture":"#0"},"west":{"uv":[3.875,12.5,4.375,13.0],"tintindex":0,"rotation":0,"texture":"#0"},"up":{"uv":[5.0,13.0,4.5,12.5],"tintindex":0,"rotation":0,"texture":"#0"},"down":{"uv":[12.625,12.5,12.125,13.0],"tintindex":0,"rotation":0,"texture":"#0"}}},{"from":[5.7,7.2,6.7],"to":[10.3,11.8,11.3],"faces":{"east":{"uv":[5.125,12.625,5.625,13.125],"tintindex":0,"rotation":0,"texture":"#0"},"south":{"uv":[12.625,5.25,13.125,5.75],"tintindex":0,"rotation":0,"texture":"#0"},"north":{"uv":[1.625,12.625,2.125,13.125],"tintindex":0,"rotation":0,"texture":"#0"},"west":{"uv":[5.75,12.625,6.25,13.125],"tintindex":0,"rotation":0,"texture":"#0"},"up":{"uv":[6.875,13.125,6.375,12.625],"tintindex":0,"rotation":0,"texture":"#0"},"down":{"uv":[7.5,12.625,7.0,13.125],"tintindex":0,"rotation":0,"texture":"#0"}}}],"display":{"head":{"rotation":[0.0,0.0,0.0]},"firstperson_righthand":{"rotation":[0.0,0.0,0.0]},"thirdperson_lefthand":{"rotation":[0.0,-0.0,-0.0]},"firstperson_lefthand":{"rotation":[0.0,-0.0,-0.0]},"fixed":{"rotation":[0.0,0.0,0.0]},"ground":{"rotation":[0.0,0.0,0.0]},"thirdperson_righthand":{"rotation":[0.0,0.0,0.0]},"gui":{"rotation":[-150.0,-45.0,180.0]}}}