{"textures":{"0":"modelengine:entity/orc_warrior_am","particle":"#0"},"elements":[{"from":[4.0,8.0,8.25],"to":[12.0,12.0,11.25],"faces":{"east":{"uv":[12.75,11.25,13.125,11.75],"tintindex":0,"rotation":0,"texture":"#0"},"south":{"uv":[11.375,1.5,12.375,2.0],"tintindex":0,"rotation":0,"texture":"#0"},"north":{"uv":[1.5,11.375,2.5,11.875],"tintindex":0,"rotation":0,"texture":"#0"},"west":{"uv":[12.75,12.5,13.125,13.0],"tintindex":0,"rotation":0,"texture":"#0"},"up":{"uv":[13.0,6.5,12.0,6.125],"tintindex":0,"rotation":0,"texture":"#0"},"down":{"uv":[13.125,2.125,12.125,2.5],"tintindex":0,"rotation":0,"texture":"#0"}}},{"from":[4.0,12.0,3.25],"to":[12.0,16.0,11.25],"faces":{"east":{"uv":[4.625,11.25,5.625,11.75],"tintindex":0,"rotation":0,"texture":"#0"},"south":{"uv":[5.75,11.25,6.75,11.75],"tintindex":0,"rotation":0,"texture":"#0"},"north":{"uv":[11.125,7.0,12.125,7.5],"tintindex":0,"rotation":0,"texture":"#0"},"west":{"uv":[6.875,11.25,7.875,11.75],"tintindex":0,"rotation":0,"texture":"#0"},"up":{"uv":[10.125,2.5,9.125,1.5],"tintindex":0,"rotation":0,"texture":"#0"},"down":{"uv":[10.125,2.625,9.125,3.625],"tintindex":0,"rotation":0,"texture":"#0"}}},{"from":[7.0,11.0,2.5],"to":[9.0,13.0,4.5],"faces":{"east":{"uv":[12.875,13.125,13.125,13.375],"tintindex":0,"rotation":0,"texture":"#0"},"south":{"uv":[0.375,13.25,0.625,13.5],"tintindex":0,"rotation":0,"texture":"#0"},"north":{"uv":[12.5,13.125,12.75,13.375],"tintindex":0,"rotation":0,"texture":"#0"},"west":{"uv":[1.5,13.25,1.75,13.5],"tintindex":0,"rotation":0,"texture":"#0"},"up":{"uv":[2.125,13.5,1.875,13.25],"tintindex":0,"rotation":0,"texture":"#0"},"down":{"uv":[13.5,2.0,13.25,2.25],"tintindex":0,"rotation":0,"texture":"#0"}}},{"from":[3.7,11.7,2.95],"to":[12.3,16.3,11.55],"faces":{"east":{"uv":[10.625,11.25,11.625,11.75],"tintindex":0,"rotation":0,"texture":"#0"},"south":{"uv":[0.375,11.375,1.375,11.875],"tintindex":0,"rotation":0,"texture":"#0"},"north":{"uv":[8.0,11.25,9.0,11.75],"tintindex":0,"rotation":0,"texture":"#0"},"west":{"uv":[11.375,0.875,12.375,1.375],"tintindex":0,"rotation":0,"texture":"#0"},"up":{"uv":[3.25,10.25,2.25,9.25],"tintindex":0,"rotation":0,"texture":"#0"},"down":{"uv":[4.375,9.25,3.375,10.25],"tintindex":0,"rotation":0,"texture":"#0"}}}],"display":{"head":{"rotation":[0.0,0.0,0.0]},"firstperson_righthand":{"rotation":[0.0,0.0,0.0]},"thirdperson_lefthand":{"rotation":[0.0,-0.0,-0.0]},"firstperson_lefthand":{"rotation":[0.0,-0.0,-0.0]},"fixed":{"rotation":[0.0,0.0,0.0]},"ground":{"rotation":[0.0,0.0,0.0]},"thirdperson_righthand":{"rotation":[0.0,0.0,0.0]},"gui":{"rotation":[-150.0,-45.0,180.0]}}}