{"textures":{"0":"modelengine:entity/orc_warrior_am","particle":"#0"},"elements":[{"from":[3.0,4.0,2.0],"to":[13.0,8.0,8.0],"faces":{"east":{"uv":[1.625,12.0,2.375,12.5],"tintindex":0,"rotation":0,"texture":"#0"},"south":{"uv":[11.0,9.125,12.25,9.625],"tintindex":0,"rotation":0,"texture":"#0"},"north":{"uv":[11.0,8.5,12.25,9.0],"tintindex":0,"rotation":0,"texture":"#0"},"west":{"uv":[8.875,12.125,9.625,12.625],"tintindex":0,"rotation":0,"texture":"#0"},"up":{"uv":[11.0,4.5,9.75,3.75],"tintindex":0,"rotation":0,"texture":"#0"},"down":{"uv":[11.0,4.625,9.75,5.375],"tintindex":0,"rotation":0,"texture":"#0"}}},{"from":[3.0,8.0,2.0],"to":[13.0,10.0,8.0],"faces":{"east":{"uv":[7.5,10.5,8.25,10.75],"tintindex":0,"rotation":0,"texture":"#0"},"south":{"uv":[12.0,6.625,13.25,6.875],"tintindex":0,"rotation":0,"texture":"#0"},"north":{"uv":[11.875,10.5,13.125,10.75],"tintindex":0,"rotation":0,"texture":"#0"},"west":{"uv":[12.75,4.875,13.5,5.125],"tintindex":0,"rotation":0,"texture":"#0"},"up":{"uv":[11.0,6.25,9.75,5.5],"tintindex":0,"rotation":0,"texture":"#0"},"down":{"uv":[9.75,9.75,8.5,10.5],"tintindex":0,"rotation":0,"texture":"#0"}}}],"display":{"head":{"rotation":[0.0,0.0,0.0]},"firstperson_righthand":{"rotation":[0.0,0.0,0.0]},"thirdperson_lefthand":{"rotation":[0.0,-0.0,-0.0]},"firstperson_lefthand":{"rotation":[0.0,-0.0,-0.0]},"fixed":{"rotation":[0.0,0.0,0.0]},"ground":{"rotation":[0.0,0.0,0.0]},"thirdperson_righthand":{"rotation":[0.0,0.0,0.0]},"gui":{"rotation":[-150.0,-45.0,180.0]}}}