{"textures":{"0":"modelengine:entity/orc_warrior_am","particle":"#0"},"elements":[{"from":[5.5,5.0,7.0],"to":[5.5,8.0,9.0],"faces":{"east":{"uv":[3.0,3.5,3.25,3.875],"tintindex":0,"rotation":0,"texture":"#0"},"west":{"uv":[3.0,3.875,3.25,4.25],"tintindex":0,"rotation":0,"texture":"#0"}},"rotation":{"origin":[5.5,6.5,8.0],"angle":-22.5,"axis":"z"}},{"from":[3.0,6.5,8.0],"to":[8.0,9.5,8.0],"faces":{"south":{"uv":[10.625,12.625,11.25,13.0],"tintindex":0,"rotation":0,"texture":"#0"},"north":{"uv":[12.625,9.75,13.25,10.125],"tintindex":0,"rotation":0,"texture":"#0"}}}],"display":{"head":{"rotation":[0.0,0.0,0.0]},"firstperson_righthand":{"rotation":[0.0,0.0,0.0]},"thirdperson_lefthand":{"rotation":[0.0,-0.0,-0.0]},"firstperson_lefthand":{"rotation":[0.0,-0.0,-0.0]},"fixed":{"rotation":[0.0,0.0,0.0]},"ground":{"rotation":[0.0,0.0,0.0]},"thirdperson_righthand":{"rotation":[0.0,0.0,0.0]},"gui":{"rotation":[-150.0,-45.0,180.0]}}}