{"textures":{"0":"modelengine:entity/orc_warrior_am","particle":"#0"},"elements":[{"from":[5.2,-9.8,4.7],"to":[10.8,7.8,11.3],"faces":{"east":{"uv":[3.5,4.75,4.25,6.875],"tintindex":0,"rotation":0,"texture":"#0"},"south":{"uv":[9.0,4.5,9.625,6.625],"tintindex":0,"rotation":0,"texture":"#0"},"north":{"uv":[6.75,8.625,7.375,10.75],"tintindex":0,"rotation":0,"texture":"#0"},"west":{"uv":[4.375,4.75,5.125,6.875],"tintindex":0,"rotation":0,"texture":"#0"},"up":{"uv":[12.125,4.625,11.5,3.875],"tintindex":0,"rotation":0,"texture":"#0"},"down":{"uv":[12.125,4.75,11.5,5.5],"tintindex":0,"rotation":0,"texture":"#0"}}},{"from":[5.5,-9.5,5.0],"to":[10.5,7.5,11.0],"faces":{"east":{"uv":[4.125,2.5,4.875,4.625],"tintindex":0,"rotation":0,"texture":"#0"},"south":{"uv":[6.0,8.625,6.625,10.75],"tintindex":0,"rotation":0,"texture":"#0"},"north":{"uv":[5.25,8.625,5.875,10.75],"tintindex":0,"rotation":0,"texture":"#0"},"west":{"uv":[2.625,4.75,3.375,6.875],"tintindex":0,"rotation":0,"texture":"#0"},"up":{"uv":[4.0,12.125,3.375,11.375],"tintindex":0,"rotation":0,"texture":"#0"},"down":{"uv":[12.125,3.0,11.5,3.75],"tintindex":0,"rotation":0,"texture":"#0"}}},{"from":[4.9,-10.1,4.4],"to":[11.1,8.1,11.6],"faces":{"east":{"uv":[4.75,13.125,5.5,15.25],"tintindex":0,"rotation":0,"texture":"#0"},"south":{"uv":[6.25,13.125,6.875,15.25],"tintindex":0,"rotation":0,"texture":"#0"},"north":{"uv":[12.125,2.5,12.75,4.625],"tintindex":0,"rotation":0,"texture":"#0"},"west":{"uv":[5.5,13.125,6.25,15.25],"tintindex":0,"rotation":0,"texture":"#0"},"up":{"uv":[3.875,12.875,3.25,12.125],"tintindex":0,"rotation":0,"texture":"#0"},"down":{"uv":[13.75,3.0,13.125,3.75],"tintindex":0,"rotation":0,"texture":"#0"}}}],"display":{"head":{"rotation":[0.0,0.0,0.0]},"firstperson_righthand":{"rotation":[0.0,0.0,0.0]},"thirdperson_lefthand":{"rotation":[0.0,-0.0,-0.0]},"firstperson_lefthand":{"rotation":[0.0,-0.0,-0.0]},"fixed":{"rotation":[0.0,0.0,0.0]},"ground":{"rotation":[0.0,0.0,0.0]},"thirdperson_righthand":{"rotation":[0.0,0.0,0.0]},"gui":{"rotation":[-150.0,-45.0,180.0]}}}