{"textures":{"0":"modelengine:entity/orc_warrior_am","particle":"#0"},"elements":[{"from":[2.2,-9.8,5.2],"to":[7.8,7.8,10.8],"faces":{"east":{"uv":[0.0,8.125,0.625,10.25],"tintindex":0,"rotation":0,"texture":"#0"},"south":{"uv":[0.75,8.125,1.375,10.25],"tintindex":0,"rotation":0,"texture":"#0"},"north":{"uv":[7.625,2.25,8.25,4.375],"tintindex":0,"rotation":0,"texture":"#0"},"west":{"uv":[1.5,8.125,2.125,10.25],"tintindex":0,"rotation":0,"texture":"#0"},"up":{"uv":[12.625,0.625,12.0,0.0],"tintindex":0,"rotation":0,"texture":"#0"},"down":{"uv":[1.0,12.0,0.375,12.625],"tintindex":0,"rotation":0,"texture":"#0"}}},{"from":[1.9,-10.1,4.9],"to":[8.1,8.1,11.1],"faces":{"east":{"uv":[0.875,13.5,1.5,15.625],"tintindex":0,"rotation":0,"texture":"#0"},"south":{"uv":[1.5,13.5,2.125,15.625],"tintindex":0,"rotation":0,"texture":"#0"},"north":{"uv":[0.25,13.5,0.875,15.625],"tintindex":0,"rotation":0,"texture":"#0"},"west":{"uv":[3.125,13.5,3.75,15.625],"tintindex":0,"rotation":0,"texture":"#0"},"up":{"uv":[12.75,5.25,12.125,4.625],"tintindex":0,"rotation":0,"texture":"#0"},"down":{"uv":[13.875,9.625,13.25,10.25],"tintindex":0,"rotation":0,"texture":"#0"}}},{"from":[2.5,-9.5,5.5],"to":[7.5,7.5,10.5],"faces":{"east":{"uv":[7.5,4.5,8.125,6.625],"tintindex":0,"rotation":0,"texture":"#0"},"south":{"uv":[7.5,6.75,8.125,8.875],"tintindex":0,"rotation":0,"texture":"#0"},"north":{"uv":[4.5,7.0,5.125,9.125],"tintindex":0,"rotation":0,"texture":"#0"},"west":{"uv":[7.625,0.0,8.25,2.125],"tintindex":0,"rotation":0,"texture":"#0"},"up":{"uv":[11.25,12.5,10.625,11.875],"tintindex":0,"rotation":0,"texture":"#0"},"down":{"uv":[12.0,11.875,11.375,12.5],"tintindex":0,"rotation":0,"texture":"#0"}}}],"display":{"head":{"rotation":[0.0,0.0,0.0]},"firstperson_righthand":{"rotation":[0.0,0.0,0.0]},"thirdperson_lefthand":{"rotation":[0.0,-0.0,-0.0]},"firstperson_lefthand":{"rotation":[0.0,-0.0,-0.0]},"fixed":{"rotation":[0.0,0.0,0.0]},"ground":{"rotation":[0.0,0.0,0.0]},"thirdperson_righthand":{"rotation":[0.0,0.0,0.0]},"gui":{"rotation":[-150.0,-45.0,180.0]}}}