{"textures":{"0":"modelengine:entity/orc_warrior_am","particle":"#0"},"elements":[{"from":[5.5,-9.5,5.0],"to":[10.5,7.5,11.0],"faces":{"east":{"uv":[3.25,2.5,4.0,4.625],"tintindex":0,"rotation":0,"texture":"#0"},"south":{"uv":[8.25,6.75,8.875,8.875],"tintindex":0,"rotation":0,"texture":"#0"},"north":{"uv":[8.25,4.5,8.875,6.625],"tintindex":0,"rotation":0,"texture":"#0"},"west":{"uv":[0.0,3.625,0.75,5.75],"tintindex":0,"rotation":0,"texture":"#0"},"up":{"uv":[5.125,10.0,4.5,9.25],"tintindex":0,"rotation":0,"texture":"#0"},"down":{"uv":[9.75,11.25,9.125,12.0],"tintindex":0,"rotation":0,"texture":"#0"}}},{"from":[5.2,-9.8,4.7],"to":[10.8,7.8,11.3],"faces":{"east":{"uv":[0.875,3.625,1.625,5.75],"tintindex":0,"rotation":0,"texture":"#0"},"south":{"uv":[8.375,2.25,9.0,4.375],"tintindex":0,"rotation":0,"texture":"#0"},"north":{"uv":[8.375,0.0,9.0,2.125],"tintindex":0,"rotation":0,"texture":"#0"},"west":{"uv":[1.75,3.625,2.5,5.75],"tintindex":0,"rotation":0,"texture":"#0"},"up":{"uv":[12.0,2.875,11.375,2.125],"tintindex":0,"rotation":0,"texture":"#0"},"down":{"uv":[3.25,11.375,2.625,12.125],"tintindex":0,"rotation":0,"texture":"#0"}}}],"display":{"head":{"rotation":[0.0,0.0,0.0]},"firstperson_righthand":{"rotation":[0.0,0.0,0.0]},"thirdperson_lefthand":{"rotation":[0.0,-0.0,-0.0]},"firstperson_lefthand":{"rotation":[0.0,-0.0,-0.0]},"fixed":{"rotation":[0.0,0.0,0.0]},"ground":{"rotation":[0.0,0.0,0.0]},"thirdperson_righthand":{"rotation":[0.0,0.0,0.0]},"gui":{"rotation":[-150.0,-45.0,180.0]}}}