{"textures":{"0":"modelengine:entity/orc_warrior_am","particle":"#0"},"elements":[{"from":[13.65,5.8999996,8.0],"to":[21.65,11.900002,8.0],"faces":{"south":{"uv":[0.0,10.375,1.0,11.125],"tintindex":0,"rotation":0,"texture":"#0"},"north":{"uv":[10.25,2.625,11.25,3.375],"tintindex":0,"rotation":0,"texture":"#0"}},"rotation":{"origin":[13.65,6.8999996,7.5],"angle":45.0,"axis":"z"}},{"from":[12.00355,6.460661,7.0],"to":[16.00355,9.460659,9.0],"faces":{"east":{"uv":[2.25,5.875,2.5,6.25],"tintindex":0,"rotation":0,"texture":"#0"},"south":{"uv":[12.75,0.0,13.25,0.375],"tintindex":0,"rotation":0,"texture":"#0"},"north":{"uv":[11.375,12.625,11.875,13.0],"tintindex":0,"rotation":0,"texture":"#0"},"west":{"uv":[2.25,6.375,2.5,6.75],"tintindex":0,"rotation":0,"texture":"#0"},"up":{"uv":[7.375,6.25,6.875,6.0],"tintindex":0,"rotation":0,"texture":"#0"},"down":{"uv":[4.75,13.125,4.25,13.375],"tintindex":0,"rotation":0,"texture":"#0"}},"rotation":{"origin":[14.00355,7.960659,8.0],"angle":45.0,"axis":"z"}},{"from":[8.2,-9.8,5.2],"to":[13.8,7.8,10.8],"faces":{"east":{"uv":[6.0,6.375,6.625,8.5],"tintindex":0,"rotation":0,"texture":"#0"},"south":{"uv":[6.75,6.375,7.375,8.5],"tintindex":0,"rotation":0,"texture":"#0"},"north":{"uv":[5.25,6.375,5.875,8.5],"tintindex":0,"rotation":0,"texture":"#0"},"west":{"uv":[6.875,0.0,7.5,2.125],"tintindex":0,"rotation":0,"texture":"#0"},"up":{"uv":[7.25,12.5,6.625,11.875],"tintindex":0,"rotation":0,"texture":"#0"},"down":{"uv":[8.0,11.875,7.375,12.5],"tintindex":0,"rotation":0,"texture":"#0"}}},{"from":[7.9,-10.1,4.9],"to":[14.1,8.1,11.1],"faces":{"east":{"uv":[2.25,7.0,2.875,9.125],"tintindex":0,"rotation":0,"texture":"#0"},"south":{"uv":[3.0,7.0,3.625,9.125],"tintindex":0,"rotation":0,"texture":"#0"},"north":{"uv":[6.875,2.25,7.5,4.375],"tintindex":0,"rotation":0,"texture":"#0"},"west":{"uv":[3.75,7.0,4.375,9.125],"tintindex":0,"rotation":0,"texture":"#0"},"up":{"uv":[8.75,12.5,8.125,11.875],"tintindex":0,"rotation":0,"texture":"#0"},"down":{"uv":[12.5,9.75,11.875,10.375],"tintindex":0,"rotation":0,"texture":"#0"}}},{"from":[8.5,-9.5,5.5],"to":[13.5,7.5,10.5],"faces":{"east":{"uv":[0.75,5.875,1.375,8.0],"tintindex":0,"rotation":0,"texture":"#0"},"south":{"uv":[1.5,5.875,2.125,8.0],"tintindex":0,"rotation":0,"texture":"#0"},"north":{"uv":[0.0,5.875,0.625,8.0],"tintindex":0,"rotation":0,"texture":"#0"},"west":{"uv":[6.125,1.625,6.75,3.75],"tintindex":0,"rotation":0,"texture":"#0"},"up":{"uv":[5.75,12.5,5.125,11.875],"tintindex":0,"rotation":0,"texture":"#0"},"down":{"uv":[6.5,11.875,5.875,12.5],"tintindex":0,"rotation":0,"texture":"#0"}}},{"from":[11.703549,6.1606607,6.7],"to":[16.303549,9.760659,9.3],"faces":{"east":{"uv":[9.5,12.75,9.75,13.125],"tintindex":0,"rotation":0,"texture":"#0"},"south":{"uv":[12.75,2.625,13.25,3.0],"tintindex":0,"rotation":0,"texture":"#0"},"north":{"uv":[0.375,12.75,0.875,13.125],"tintindex":0,"rotation":0,"texture":"#0"},"west":{"uv":[8.125,13.125,8.375,13.5],"tintindex":0,"rotation":0,"texture":"#0"},"up":{"uv":[13.625,6.125,13.125,5.875],"tintindex":0,"rotation":0,"texture":"#0"},"down":{"uv":[13.625,6.25,13.125,6.5],"tintindex":0,"rotation":0,"texture":"#0"}},"rotation":{"origin":[14.00355,7.960659,8.0],"angle":45.0,"axis":"z"}}],"display":{"head":{"rotation":[0.0,0.0,0.0]},"firstperson_righthand":{"rotation":[0.0,0.0,0.0]},"thirdperson_lefthand":{"rotation":[0.0,-0.0,-0.0]},"firstperson_lefthand":{"rotation":[0.0,-0.0,-0.0]},"fixed":{"rotation":[0.0,0.0,0.0]},"ground":{"rotation":[0.0,0.0,0.0]},"thirdperson_righthand":{"rotation":[0.0,0.0,0.0]},"gui":{"rotation":[-150.0,-45.0,180.0]}}}