{"textures":{"0":"modelengine:entity/orc_warrior_am","particle":"#0"},"elements":[{"from":[3.7,8.7,4.7],"to":[12.3,15.3,11.3],"faces":{"east":{"uv":[11.125,0.0,11.875,0.75],"tintindex":0,"rotation":0,"texture":"#0"},"south":{"uv":[9.875,10.0,10.875,10.75],"tintindex":0,"rotation":0,"texture":"#0"},"north":{"uv":[10.0,7.25,11.0,8.0],"tintindex":0,"rotation":0,"texture":"#0"},"west":{"uv":[11.125,6.125,11.875,6.875],"tintindex":0,"rotation":0,"texture":"#0"},"up":{"uv":[11.25,1.625,10.25,0.875],"tintindex":0,"rotation":0,"texture":"#0"},"down":{"uv":[11.25,1.75,10.25,2.5],"tintindex":0,"rotation":0,"texture":"#0"}}},{"from":[1.7653699,7.59776,4.5],"to":[5.76537,13.597759,11.5],"faces":{"east":{"uv":[14.125,2.25,13.25,3.0],"tintindex":0,"rotation":0,"texture":"#0"},"south":{"uv":[11.5,13.25,11.0,14.0],"tintindex":0,"rotation":0,"texture":"#0"},"north":{"uv":[11.0,13.25,10.5,14.0],"tintindex":0,"rotation":0,"texture":"#0"},"west":{"uv":[14.0,5.125,13.125,5.875],"tintindex":0,"rotation":0,"texture":"#0"},"up":{"uv":[6.875,14.0,7.375,13.125],"tintindex":0,"rotation":0,"texture":"#0"},"down":{"uv":[7.375,13.25,7.875,14.125],"tintindex":0,"rotation":0,"texture":"#0"}},"rotation":{"origin":[3.76537,10.597759,8.0],"angle":-22.5,"axis":"z"}},{"from":[1.7,12.7,3.7],"to":[14.3,25.3,12.3],"faces":{"east":{"uv":[8.75,13.125,9.75,14.625],"tintindex":0,"rotation":0,"texture":"#0"},"south":{"uv":[13.125,12.25,14.625,13.75],"tintindex":0,"rotation":0,"texture":"#0"},"north":{"uv":[13.125,10.375,14.625,11.875],"tintindex":0,"rotation":0,"texture":"#0"},"west":{"uv":[2.125,13.25,3.125,14.75],"tintindex":0,"rotation":0,"texture":"#0"},"up":{"uv":[14.75,4.75,13.25,3.75],"tintindex":0,"rotation":0,"texture":"#0"},"down":{"uv":[14.75,6.5,13.25,7.5],"tintindex":0,"rotation":0,"texture":"#0"}}},{"from":[2.0,13.0,4.0],"to":[14.0,25.0,12.0],"faces":{"east":{"uv":[5.0,2.5,6.0,4.0],"tintindex":0,"rotation":0,"texture":"#0"},"south":{"uv":[1.625,2.0,3.125,3.5],"tintindex":0,"rotation":0,"texture":"#0"},"north":{"uv":[0.0,2.0,1.5,3.5],"tintindex":0,"rotation":0,"texture":"#0"},"west":{"uv":[5.125,0.0,6.125,1.5],"tintindex":0,"rotation":0,"texture":"#0"},"up":{"uv":[6.75,5.125,5.25,4.125],"tintindex":0,"rotation":0,"texture":"#0"},"down":{"uv":[6.75,5.25,5.25,6.25],"tintindex":0,"rotation":0,"texture":"#0"}}},{"from":[10.234631,7.59776,4.5],"to":[14.234631,13.597759,11.5],"faces":{"east":{"uv":[13.125,5.125,14.0,5.875],"tintindex":0,"rotation":0,"texture":"#0"},"south":{"uv":[11.0,13.25,11.5,14.0],"tintindex":0,"rotation":0,"texture":"#0"},"north":{"uv":[10.5,13.25,11.0,14.0],"tintindex":0,"rotation":0,"texture":"#0"},"west":{"uv":[13.25,2.25,14.125,3.0],"tintindex":0,"rotation":0,"texture":"#0"},"up":{"uv":[7.375,14.0,6.875,13.125],"tintindex":0,"rotation":0,"texture":"#0"},"down":{"uv":[7.875,13.25,7.375,14.125],"tintindex":0,"rotation":0,"texture":"#0"}},"rotation":{"origin":[12.234631,10.597759,8.0],"angle":22.5,"axis":"z"}},{"from":[5.7,9.7,3.2],"to":[10.3,14.3,4.8],"faces":{"east":{"uv":[5.0,4.125,5.125,4.625],"tintindex":0,"rotation":0,"texture":"#0"},"south":{"uv":[12.375,8.5,12.875,9.0],"tintindex":0,"rotation":0,"texture":"#0"},"north":{"uv":[12.25,7.0,12.75,7.5],"tintindex":0,"rotation":0,"texture":"#0"},"west":{"uv":[10.0,0.875,10.125,1.375],"tintindex":0,"rotation":0,"texture":"#0"},"up":{"uv":[6.625,4.0,6.125,3.875],"tintindex":0,"rotation":0,"texture":"#0"},"down":{"uv":[10.75,3.5,10.25,3.625],"tintindex":0,"rotation":0,"texture":"#0"}}},{"from":[4.0,9.0,5.0],"to":[12.0,15.0,11.0],"faces":{"east":{"uv":[5.125,1.625,5.875,2.375],"tintindex":0,"rotation":0,"texture":"#0"},"south":{"uv":[9.875,9.125,10.875,9.875],"tintindex":0,"rotation":0,"texture":"#0"},"north":{"uv":[9.875,8.25,10.875,9.0],"tintindex":0,"rotation":0,"texture":"#0"},"west":{"uv":[11.0,9.75,11.75,10.5],"tintindex":0,"rotation":0,"texture":"#0"},"up":{"uv":[11.0,0.75,10.0,0.0],"tintindex":0,"rotation":0,"texture":"#0"},"down":{"uv":[11.0,6.375,10.0,7.125],"tintindex":0,"rotation":0,"texture":"#0"}}},{"from":[1.4653699,7.29776,4.2],"to":[6.06537,13.897759,11.8],"faces":{"east":{"uv":[12.375,13.375,11.5,14.125],"tintindex":0,"rotation":0,"texture":"#0"},"south":{"uv":[14.0,0.0,13.5,0.75],"tintindex":0,"rotation":0,"texture":"#0"},"north":{"uv":[12.875,13.375,12.375,14.125],"tintindex":0,"rotation":0,"texture":"#0"},"west":{"uv":[14.25,8.375,13.375,9.125],"tintindex":0,"rotation":0,"texture":"#0"},"up":{"uv":[4.125,14.25,4.625,13.375],"tintindex":0,"rotation":0,"texture":"#0"},"down":{"uv":[9.75,13.375,10.25,14.25],"tintindex":0,"rotation":0,"texture":"#0"}},"rotation":{"origin":[3.76537,10.597759,8.0],"angle":-22.5,"axis":"z"}},{"from":[1.4,12.4,3.4],"to":[14.6,25.6,12.6],"faces":{"east":{"uv":[14.0,4.75,15.0,6.25],"tintindex":0,"rotation":0,"texture":"#0"},"south":{"uv":[12.875,13.75,14.375,15.25],"tintindex":0,"rotation":0,"texture":"#0"},"north":{"uv":[13.5,0.75,15.0,2.25],"tintindex":0,"rotation":0,"texture":"#0"},"west":{"uv":[10.25,14.0,11.25,15.5],"tintindex":0,"rotation":0,"texture":"#0"},"up":{"uv":[15.5,10.125,14.0,9.125],"tintindex":0,"rotation":0,"texture":"#0"},"down":{"uv":[15.625,2.25,14.125,3.25],"tintindex":0,"rotation":0,"texture":"#0"}}},{"from":[9.93463,7.29776,4.2],"to":[14.534631,13.897759,11.8],"faces":{"east":{"uv":[13.375,8.375,14.25,9.125],"tintindex":0,"rotation":0,"texture":"#0"},"south":{"uv":[13.5,0.0,14.0,0.75],"tintindex":0,"rotation":0,"texture":"#0"},"north":{"uv":[12.375,13.375,12.875,14.125],"tintindex":0,"rotation":0,"texture":"#0"},"west":{"uv":[11.5,13.375,12.375,14.125],"tintindex":0,"rotation":0,"texture":"#0"},"up":{"uv":[4.625,14.25,4.125,13.375],"tintindex":0,"rotation":0,"texture":"#0"},"down":{"uv":[10.25,13.375,9.75,14.25],"tintindex":0,"rotation":0,"texture":"#0"}},"rotation":{"origin":[12.234631,10.597759,8.0],"angle":22.5,"axis":"z"}}],"display":{"head":{"rotation":[0.0,0.0,0.0]},"firstperson_righthand":{"rotation":[0.0,0.0,0.0]},"thirdperson_lefthand":{"rotation":[0.0,-0.0,-0.0]},"firstperson_lefthand":{"rotation":[0.0,-0.0,-0.0]},"fixed":{"rotation":[0.0,0.0,0.0]},"ground":{"rotation":[0.0,0.0,0.0]},"thirdperson_righthand":{"rotation":[0.0,0.0,0.0]},"gui":{"rotation":[-150.0,-45.0,180.0]}}}