{"textures":{"0":"modelengine:entity/orc_warrior_am","particle":"#0"},"elements":[{"from":[7.5,7.125,1.0],"to":[8.5,8.125,11.0],"faces":{"east":{"uv":[4.625,10.875,7.125,11.125],"tintindex":0,"rotation":0,"texture":"#0"},"south":{"uv":[8.5,13.125,8.75,13.375],"tintindex":0,"rotation":0,"texture":"#0"},"north":{"uv":[12.25,5.25,12.5,5.5],"tintindex":0,"rotation":0,"texture":"#0"},"west":{"uv":[7.25,10.875,9.75,11.125],"tintindex":0,"rotation":0,"texture":"#0"},"up":{"uv":[10.125,13.375,9.875,10.875],"tintindex":0,"rotation":0,"texture":"#0"},"down":{"uv":[10.5,10.875,10.25,13.375],"tintindex":0,"rotation":0,"texture":"#0"}}},{"from":[7.25,8.375,-3.0],"to":[8.75,10.875,-1.0],"faces":{"east":{"uv":[9.125,3.75,9.625,4.375],"tintindex":0,"rotation":0,"texture":"#0"},"south":{"uv":[7.625,12.625,8.0,13.25],"tintindex":0,"rotation":0,"texture":"#0"},"north":{"uv":[8.5,9.0,8.875,9.625],"tintindex":0,"rotation":0,"texture":"#0"},"west":{"uv":[4.625,10.125,5.125,10.75],"tintindex":0,"rotation":0,"texture":"#0"},"up":{"uv":[13.125,3.625,12.75,3.125],"tintindex":0,"rotation":0,"texture":"#0"},"down":{"uv":[13.125,3.75,12.75,4.25],"tintindex":0,"rotation":0,"texture":"#0"}}},{"from":[7.25,6.875,11.0],"to":[8.75,8.375,12.5],"faces":{"east":{"uv":[2.25,12.875,2.625,13.25],"tintindex":0,"rotation":0,"texture":"#0"},"south":{"uv":[2.75,12.875,3.125,13.25],"tintindex":0,"rotation":0,"texture":"#0"},"north":{"uv":[4.125,11.375,4.5,11.75],"tintindex":0,"rotation":0,"texture":"#0"},"west":{"uv":[12.875,7.0,13.25,7.375],"tintindex":0,"rotation":0,"texture":"#0"},"up":{"uv":[13.375,7.875,13.0,7.5],"tintindex":0,"rotation":0,"texture":"#0"},"down":{"uv":[13.375,8.5,13.0,8.875],"tintindex":0,"rotation":0,"texture":"#0"}}},{"from":[7.1,6.725,10.85],"to":[8.9,8.525,12.65],"faces":{"east":{"uv":[13.0,11.875,13.375,12.25],"tintindex":0,"rotation":0,"texture":"#0"},"south":{"uv":[13.125,0.5,13.5,0.875],"tintindex":0,"rotation":0,"texture":"#0"},"north":{"uv":[13.0,9.0,13.375,9.375],"tintindex":0,"rotation":0,"texture":"#0"},"west":{"uv":[1.0,13.125,1.375,13.5],"tintindex":0,"rotation":0,"texture":"#0"},"up":{"uv":[13.5,1.375,13.125,1.0],"tintindex":0,"rotation":0,"texture":"#0"},"down":{"uv":[13.5,1.5,13.125,1.875],"tintindex":0,"rotation":0,"texture":"#0"}}},{"from":[7.25,6.875,-3.0],"to":[8.75,8.375,1.0],"faces":{"east":{"uv":[11.125,7.625,12.125,8.0],"tintindex":0,"rotation":0,"texture":"#0"},"south":{"uv":[3.75,13.125,4.125,13.5],"tintindex":0,"rotation":0,"texture":"#0"},"north":{"uv":[3.25,13.125,3.625,13.5],"tintindex":0,"rotation":0,"texture":"#0"},"west":{"uv":[11.5,5.625,12.5,6.0],"tintindex":0,"rotation":0,"texture":"#0"},"up":{"uv":[3.0,4.625,2.625,3.625],"tintindex":0,"rotation":0,"texture":"#0"},"down":{"uv":[1.5,12.0,1.125,13.0],"tintindex":0,"rotation":0,"texture":"#0"}}},{"from":[8.0,10.875,-3.0],"to":[8.0,12.375,-1.0],"faces":{"east":{"uv":[12.75,4.375,13.25,4.75],"tintindex":0,"rotation":0,"texture":"#0"},"west":{"uv":[8.875,12.75,9.375,13.125],"tintindex":0,"rotation":0,"texture":"#0"}}},{"from":[8.0,2.375,-4.5],"to":[8.0,6.875,2.5],"faces":{"east":{"uv":[3.25,0.0,5.0,1.125],"tintindex":0,"rotation":0,"texture":"#0"},"west":{"uv":[3.25,1.25,5.0,2.375],"tintindex":0,"rotation":0,"texture":"#0"}}},{"from":[7.35,6.975,0.8499999],"to":[8.65,8.275,11.15],"faces":{"east":{"uv":[10.625,10.875,13.125,11.125],"tintindex":0,"rotation":0,"texture":"#0"},"south":{"uv":[12.125,13.125,12.375,13.375],"tintindex":0,"rotation":0,"texture":"#0"},"north":{"uv":[11.75,13.125,12.0,13.375],"tintindex":0,"rotation":0,"texture":"#0"},"west":{"uv":[11.0,8.125,13.5,8.375],"tintindex":0,"rotation":0,"texture":"#0"},"up":{"uv":[11.375,6.0,11.125,3.5],"tintindex":0,"rotation":0,"texture":"#0"},"down":{"uv":[0.25,11.25,0.0,13.75],"tintindex":0,"rotation":0,"texture":"#0"}}}],"display":{"head":{"rotation":[0.0,0.0,0.0]},"firstperson_righthand":{"rotation":[0.0,0.0,0.0]},"thirdperson_lefthand":{"rotation":[0.0,-0.0,-0.0]},"firstperson_lefthand":{"rotation":[0.0,-0.0,-0.0]},"fixed":{"rotation":[0.0,0.0,0.0]},"ground":{"rotation":[0.0,0.0,0.0]},"thirdperson_righthand":{"rotation":[0.0,0.0,0.0]},"gui":{"rotation":[-150.0,-45.0,180.0]}}}