{"textures":{"0":"modelengine:entity/orc_elite_am","particle":"#0"},"elements":[{"from":[3.9,7.4,7.4],"to":[12.1,8.6,8.6],"faces":{"east":{"uv":[3.0,4.3125,3.0625,4.375],"tintindex":0,"rotation":0,"texture":"#0"},"south":{"uv":[6.625,0.3125,7.125,0.375],"tintindex":0,"rotation":0,"texture":"#0"},"north":{"uv":[6.5,5.5625,7.0,5.625],"tintindex":0,"rotation":0,"texture":"#0"},"west":{"uv":[3.0,4.4375,3.0625,4.5],"tintindex":0,"rotation":0,"texture":"#0"},"up":{"uv":[8.0,5.125,7.5,5.0625],"tintindex":0,"rotation":0,"texture":"#0"},"down":{"uv":[8.0625,1.5625,7.5625,1.625],"tintindex":0,"rotation":0,"texture":"#0"}}}],"display":{"head":{"rotation":[0.0,0.0,0.0]},"firstperson_righthand":{"rotation":[0.0,0.0,0.0]},"thirdperson_lefthand":{"rotation":[0.0,-0.0,-0.0]},"firstperson_lefthand":{"rotation":[0.0,-0.0,-0.0]},"fixed":{"rotation":[0.0,0.0,0.0]},"ground":{"rotation":[0.0,0.0,0.0]},"thirdperson_righthand":{"rotation":[0.0,0.0,0.0]},"gui":{"rotation":[-150.0,-45.0,180.0]}}}