{"textures":{"0":"modelengine:entity/orc_elite_am","particle":"#0"},"elements":[{"from":[8.0,2.4134216,15.1193905],"to":[8.0,13.413422,18.11939],"faces":{"east":{"uv":[4.5,6.4375,4.6875,7.125],"tintindex":0,"rotation":0,"texture":"#0"},"west":{"uv":[4.75,6.4375,4.9375,7.125],"tintindex":0,"rotation":0,"texture":"#0"}},"rotation":{"origin":[8.0,7.9134216,16.61939],"angle":-22.5,"axis":"x"}},{"from":[5.0,0.5,8.5],"to":[11.0,11.5,15.5],"faces":{"east":{"uv":[2.25,5.4375,2.6875,6.125],"tintindex":0,"rotation":0,"texture":"#0"},"south":{"uv":[5.625,0.0,6.0,0.6875],"tintindex":0,"rotation":0,"texture":"#0"},"north":{"uv":[5.5625,2.25,5.9375,2.9375],"tintindex":0,"rotation":0,"texture":"#0"},"west":{"uv":[5.5,3.375,5.9375,4.0625],"tintindex":0,"rotation":0,"texture":"#0"},"up":{"uv":[6.1875,6.5625,5.8125,6.125],"tintindex":0,"rotation":0,"texture":"#0"},"down":{"uv":[2.625,6.1875,2.25,6.625],"tintindex":0,"rotation":0,"texture":"#0"}},"rotation":{"origin":[8.0,6.0,12.0],"angle":-22.5,"axis":"x"}},{"from":[2.0,-3.499998,12.0],"to":[14.0,11.5,12.0],"faces":{"south":{"uv":[0.8125,0.0,1.5625,0.9375],"tintindex":0,"rotation":0,"texture":"#0"},"north":{"uv":[0.0,0.0,0.75,0.9375],"tintindex":0,"rotation":0,"texture":"#0"}},"rotation":{"origin":[8.0,6.0,12.0],"angle":-22.5,"axis":"x"}},{"from":[5.0,-3.499998,8.5],"to":[11.0,0.5,15.5],"faces":{"east":{"uv":[6.6875,4.9375,7.125,5.1875],"tintindex":0,"rotation":0,"texture":"#0"},"south":{"uv":[7.125,2.6875,7.5,2.9375],"tintindex":0,"rotation":0,"texture":"#0"},"north":{"uv":[2.625,7.125,3.0,7.375],"tintindex":0,"rotation":0,"texture":"#0"},"west":{"uv":[0.0,6.75,0.4375,7.0],"tintindex":0,"rotation":0,"texture":"#0"},"up":{"uv":[6.5625,4.25,6.1875,3.8125],"tintindex":0,"rotation":0,"texture":"#0"},"down":{"uv":[6.5625,4.3125,6.1875,4.75],"tintindex":0,"rotation":0,"texture":"#0"}},"rotation":{"origin":[8.0,6.0,12.0],"angle":-22.5,"axis":"x"}}],"display":{"head":{"rotation":[0.0,0.0,0.0]},"firstperson_righthand":{"rotation":[0.0,0.0,0.0]},"thirdperson_lefthand":{"rotation":[0.0,-0.0,-0.0]},"firstperson_lefthand":{"rotation":[0.0,-0.0,-0.0]},"fixed":{"rotation":[0.0,0.0,0.0]},"ground":{"rotation":[0.0,0.0,0.0]},"thirdperson_righthand":{"rotation":[0.0,0.0,0.0]},"gui":{"rotation":[-150.0,-45.0,180.0]}}}