{"textures":{"0":"modelengine:entity/orc_elite_am","particle":"#0"},"elements":[{"from":[6.0,7.0,7.0],"to":[10.0,11.0,11.0],"faces":{"east":{"uv":[0.375,7.3125,0.625,7.5625],"tintindex":0,"rotation":0,"texture":"#0"},"south":{"uv":[0.6875,7.3125,0.9375,7.5625],"tintindex":0,"rotation":0,"texture":"#0"},"north":{"uv":[6.375,7.25,6.625,7.5],"tintindex":0,"rotation":0,"texture":"#0"},"west":{"uv":[1.0,7.3125,1.25,7.5625],"tintindex":0,"rotation":0,"texture":"#0"},"up":{"uv":[6.9375,7.5625,6.6875,7.3125],"tintindex":0,"rotation":0,"texture":"#0"},"down":{"uv":[7.25,7.3125,7.0,7.5625],"tintindex":0,"rotation":0,"texture":"#0"}}},{"from":[5.7,7.2,6.7],"to":[10.3,11.8,11.3],"faces":{"east":{"uv":[7.375,1.75,7.625,2.0],"tintindex":0,"rotation":0,"texture":"#0"},"south":{"uv":[2.0625,7.375,2.3125,7.625],"tintindex":0,"rotation":0,"texture":"#0"},"north":{"uv":[7.3125,7.3125,7.5625,7.5625],"tintindex":0,"rotation":0,"texture":"#0"},"west":{"uv":[7.375,2.0625,7.625,2.3125],"tintindex":0,"rotation":0,"texture":"#0"},"up":{"uv":[3.3125,7.625,3.0625,7.375],"tintindex":0,"rotation":0,"texture":"#0"},"down":{"uv":[3.625,7.375,3.375,7.625],"tintindex":0,"rotation":0,"texture":"#0"}}}],"display":{"head":{"rotation":[0.0,0.0,0.0]},"firstperson_righthand":{"rotation":[0.0,0.0,0.0]},"thirdperson_lefthand":{"rotation":[0.0,-0.0,-0.0]},"firstperson_lefthand":{"rotation":[0.0,-0.0,-0.0]},"fixed":{"rotation":[0.0,0.0,0.0]},"ground":{"rotation":[0.0,0.0,0.0]},"thirdperson_righthand":{"rotation":[0.0,0.0,0.0]},"gui":{"rotation":[-150.0,-45.0,180.0]}}}