{"textures":{"0":"modelengine:entity/orc_elite_am","particle":"#0"},"elements":[{"from":[3.0,4.0,2.0],"to":[13.0,8.0,8.0],"faces":{"east":{"uv":[3.3125,5.6875,3.6875,5.9375],"tintindex":0,"rotation":0,"texture":"#0"},"south":{"uv":[6.4375,1.125,7.0625,1.375],"tintindex":0,"rotation":0,"texture":"#0"},"north":{"uv":[6.4375,0.8125,7.0625,1.0625],"tintindex":0,"rotation":0,"texture":"#0"},"west":{"uv":[7.125,2.375,7.5,2.625],"tintindex":0,"rotation":0,"texture":"#0"},"up":{"uv":[6.375,1.125,5.75,0.75],"tintindex":0,"rotation":0,"texture":"#0"},"down":{"uv":[6.375,1.1875,5.75,1.5625],"tintindex":0,"rotation":0,"texture":"#0"}}},{"from":[3.0,8.0,2.0],"to":[13.0,10.0,8.0],"faces":{"east":{"uv":[7.375,0.4375,7.75,0.5625],"tintindex":0,"rotation":0,"texture":"#0"},"south":{"uv":[7.1875,3.875,7.8125,4.0],"tintindex":0,"rotation":0,"texture":"#0"},"north":{"uv":[7.125,6.875,7.75,7.0],"tintindex":0,"rotation":0,"texture":"#0"},"west":{"uv":[7.4375,3.25,7.8125,3.375],"tintindex":0,"rotation":0,"texture":"#0"},"up":{"uv":[6.375,2.0,5.75,1.625],"tintindex":0,"rotation":0,"texture":"#0"},"down":{"uv":[6.4375,5.25,5.8125,5.625],"tintindex":0,"rotation":0,"texture":"#0"}}},{"from":[6.0,4.7921906,0.29360008],"to":[10.0,4.7921906,2.2936],"faces":{"up":{"uv":[2.875,0.5,2.625,0.375],"tintindex":0,"rotation":0,"texture":"#0"},"down":{"uv":[2.875,0.5,2.625,0.625],"tintindex":0,"rotation":0,"texture":"#0"}},"rotation":{"origin":[8.0,4.7921906,1.2936001],"angle":-45.0,"axis":"x"}}],"display":{"head":{"rotation":[0.0,0.0,0.0]},"firstperson_righthand":{"rotation":[0.0,0.0,0.0]},"thirdperson_lefthand":{"rotation":[0.0,-0.0,-0.0]},"firstperson_lefthand":{"rotation":[0.0,-0.0,-0.0]},"fixed":{"rotation":[0.0,0.0,0.0]},"ground":{"rotation":[0.0,0.0,0.0]},"thirdperson_righthand":{"rotation":[0.0,0.0,0.0]},"gui":{"rotation":[-150.0,-45.0,180.0]}}}