{"textures":{"0":"modelengine:entity/orc_elite_am","particle":"#0"},"elements":[{"from":[7.0,6.25,1.0],"to":[9.0,8.25,14.0],"faces":{"east":{"uv":[2.375,1.125,3.1875,1.25],"tintindex":0,"rotation":0,"texture":"#0"},"south":{"uv":[2.5,1.0,2.625,1.125],"tintindex":0,"rotation":0,"texture":"#0"},"north":{"uv":[2.5,0.875,2.625,1.0],"tintindex":0,"rotation":0,"texture":"#0"},"west":{"uv":[2.5,0.75,3.3125,0.875],"tintindex":0,"rotation":0,"texture":"#0"},"up":{"uv":[4.0,4.75,3.875,3.9375],"tintindex":0,"rotation":0,"texture":"#0"},"down":{"uv":[4.8125,3.6875,4.6875,4.5],"tintindex":0,"rotation":0,"texture":"#0"}}},{"from":[6.5,5.75,14.0],"to":[9.5,8.75,17.0],"faces":{"east":{"uv":[7.4375,6.375,7.625,6.5625],"tintindex":0,"rotation":0,"texture":"#0"},"south":{"uv":[7.4375,6.625,7.625,6.8125],"tintindex":0,"rotation":0,"texture":"#0"},"north":{"uv":[2.75,5.4375,2.9375,5.625],"tintindex":0,"rotation":0,"texture":"#0"},"west":{"uv":[7.5,0.0,7.6875,0.1875],"tintindex":0,"rotation":0,"texture":"#0"},"up":{"uv":[7.6875,3.625,7.5,3.4375],"tintindex":0,"rotation":0,"texture":"#0"},"down":{"uv":[7.6875,4.8125,7.5,5.0],"tintindex":0,"rotation":0,"texture":"#0"}}},{"from":[6.2,5.45,13.7],"to":[9.8,9.05,17.3],"faces":{"east":{"uv":[7.5625,2.375,7.75,2.5625],"tintindex":0,"rotation":0,"texture":"#0"},"south":{"uv":[7.5625,2.625,7.75,2.8125],"tintindex":0,"rotation":0,"texture":"#0"},"north":{"uv":[7.5625,1.3125,7.75,1.5],"tintindex":0,"rotation":0,"texture":"#0"},"west":{"uv":[4.75,7.5625,4.9375,7.75],"tintindex":0,"rotation":0,"texture":"#0"},"up":{"uv":[6.5625,7.75,6.375,7.5625],"tintindex":0,"rotation":0,"texture":"#0"},"down":{"uv":[0.5625,7.625,0.375,7.8125],"tintindex":0,"rotation":0,"texture":"#0"}}},{"from":[7.0,5.75,-5.0],"to":[9.0,8.75,1.0],"faces":{"east":{"uv":[2.375,0.0,2.75,0.1875],"tintindex":0,"rotation":0,"texture":"#0"},"south":{"uv":[2.5,0.5625,2.625,0.75],"tintindex":0,"rotation":0,"texture":"#0"},"north":{"uv":[2.5,0.375,2.625,0.5625],"tintindex":0,"rotation":0,"texture":"#0"},"west":{"uv":[2.375,0.1875,2.75,0.375],"tintindex":0,"rotation":0,"texture":"#0"},"up":{"uv":[2.5,0.75,2.375,0.375],"tintindex":0,"rotation":0,"texture":"#0"},"down":{"uv":[2.5,0.75,2.375,1.125],"tintindex":0,"rotation":0,"texture":"#0"}}},{"from":[8.0,8.75,-5.0],"to":[8.0,11.75,-1.0],"faces":{"east":{"uv":[7.4375,5.25,7.6875,5.4375],"tintindex":0,"rotation":0,"texture":"#0"},"west":{"uv":[5.6875,7.4375,5.9375,7.625],"tintindex":0,"rotation":0,"texture":"#0"}}},{"from":[8.0,-0.25,-8.0],"to":[8.0,5.75,4.0],"faces":{"east":{"uv":[4.4375,4.9375,5.1875,5.3125],"tintindex":0,"rotation":0,"texture":"#0"},"west":{"uv":[4.4375,5.3125,5.1875,5.6875],"tintindex":0,"rotation":0,"texture":"#0"}}},{"from":[6.7,5.95,-7.3],"to":[9.3,8.55,13.3],"faces":{"east":{"uv":[6.375,5.875,7.625,6.0],"tintindex":0,"rotation":0,"texture":"#0"},"south":{"uv":[6.0625,6.625,6.1875,6.75],"tintindex":0,"rotation":0,"texture":"#0"},"north":{"uv":[2.0625,6.375,2.1875,6.5],"tintindex":0,"rotation":0,"texture":"#0"},"west":{"uv":[6.4375,0.625,7.6875,0.75],"tintindex":0,"rotation":0,"texture":"#0"},"up":{"uv":[1.8125,7.625,1.6875,6.375],"tintindex":0,"rotation":0,"texture":"#0"},"down":{"uv":[2.0,6.375,1.875,7.625],"tintindex":0,"rotation":0,"texture":"#0"}}}],"display":{"head":{"rotation":[0.0,0.0,0.0]},"firstperson_righthand":{"rotation":[0.0,0.0,0.0]},"thirdperson_lefthand":{"rotation":[0.0,-0.0,-0.0]},"firstperson_lefthand":{"rotation":[0.0,-0.0,-0.0]},"fixed":{"rotation":[0.0,0.0,0.0]},"ground":{"rotation":[0.0,0.0,0.0]},"thirdperson_righthand":{"rotation":[0.0,0.0,0.0]},"gui":{"rotation":[-150.0,-45.0,180.0]}}}