{"textures":{"0":"modelengine:entity/orc_elite_am","particle":"#0"},"elements":[{"from":[11.65,3.8999996,8.0],"to":[19.65,9.900002,8.0],"faces":{"south":{"uv":[6.0625,0.0,6.5625,0.375],"tintindex":0,"rotation":0,"texture":"#0"},"north":{"uv":[4.4375,6.0,4.9375,6.375],"tintindex":0,"rotation":0,"texture":"#0"}},"rotation":{"origin":[11.65,4.8999996,7.5],"angle":45.0,"axis":"z"}},{"from":[11.00355,5.460661,7.0],"to":[15.00355,8.460659,9.0],"faces":{"east":{"uv":[4.4375,1.125,4.5625,1.3125],"tintindex":0,"rotation":0,"texture":"#0"},"south":{"uv":[4.125,7.4375,4.375,7.625],"tintindex":0,"rotation":0,"texture":"#0"},"north":{"uv":[7.4375,3.0,7.6875,3.1875],"tintindex":0,"rotation":0,"texture":"#0"},"west":{"uv":[4.4375,1.375,4.5625,1.5625],"tintindex":0,"rotation":0,"texture":"#0"},"up":{"uv":[2.5,4.25,2.25,4.125],"tintindex":0,"rotation":0,"texture":"#0"},"down":{"uv":[7.6875,5.5,7.4375,5.625],"tintindex":0,"rotation":0,"texture":"#0"}},"rotation":{"origin":[13.00355,6.960661,8.0],"angle":45.0,"axis":"z"}},{"from":[8.2,-9.8,5.2],"to":[13.8,7.8,10.8],"faces":{"east":{"uv":[1.5,4.125,1.8125,5.1875],"tintindex":0,"rotation":0,"texture":"#0"},"south":{"uv":[1.875,4.125,2.1875,5.1875],"tintindex":0,"rotation":0,"texture":"#0"},"north":{"uv":[1.125,4.125,1.4375,5.1875],"tintindex":0,"rotation":0,"texture":"#0"},"west":{"uv":[4.25,1.625,4.5625,2.6875],"tintindex":0,"rotation":0,"texture":"#0"},"up":{"uv":[4.125,7.1875,3.8125,6.875],"tintindex":0,"rotation":0,"texture":"#0"},"down":{"uv":[6.375,6.875,6.0625,7.1875],"tintindex":0,"rotation":0,"texture":"#0"}}},{"from":[7.9,-10.1,4.9],"to":[14.1,8.1,11.1],"faces":{"east":{"uv":[2.625,4.3125,2.9375,5.375],"tintindex":0,"rotation":0,"texture":"#0"},"south":{"uv":[4.375,3.75,4.6875,4.8125],"tintindex":0,"rotation":0,"texture":"#0"},"north":{"uv":[2.25,4.3125,2.5625,5.375],"tintindex":0,"rotation":0,"texture":"#0"},"west":{"uv":[4.5,0.0,4.8125,1.0625],"tintindex":0,"rotation":0,"texture":"#0"},"up":{"uv":[6.75,7.1875,6.4375,6.875],"tintindex":0,"rotation":0,"texture":"#0"},"down":{"uv":[7.3125,4.0625,7.0,4.375],"tintindex":0,"rotation":0,"texture":"#0"}}},{"from":[8.5,-9.5,5.5],"to":[13.5,7.5,10.5],"faces":{"east":{"uv":[4.0,3.75,4.3125,4.8125],"tintindex":0,"rotation":0,"texture":"#0"},"south":{"uv":[0.375,4.0625,0.6875,5.125],"tintindex":0,"rotation":0,"texture":"#0"},"north":{"uv":[0.0,3.75,0.3125,4.8125],"tintindex":0,"rotation":0,"texture":"#0"},"west":{"uv":[0.75,4.125,1.0625,5.1875],"tintindex":0,"rotation":0,"texture":"#0"},"up":{"uv":[5.875,3.3125,5.5625,3.0],"tintindex":0,"rotation":0,"texture":"#0"},"down":{"uv":[7.1875,1.4375,6.875,1.75],"tintindex":0,"rotation":0,"texture":"#0"}}},{"from":[11.703549,6.1606607,6.7],"to":[16.303549,9.760659,9.3],"faces":{"east":{"uv":[4.625,2.25,4.75,2.4375],"tintindex":0,"rotation":0,"texture":"#0"},"south":{"uv":[7.4375,4.5625,7.6875,4.75],"tintindex":0,"rotation":0,"texture":"#0"},"north":{"uv":[7.4375,4.3125,7.6875,4.5],"tintindex":0,"rotation":0,"texture":"#0"},"west":{"uv":[4.625,2.5,4.75,2.6875],"tintindex":0,"rotation":0,"texture":"#0"},"up":{"uv":[7.75,0.375,7.5,0.25],"tintindex":0,"rotation":0,"texture":"#0"},"down":{"uv":[7.75,3.6875,7.5,3.8125],"tintindex":0,"rotation":0,"texture":"#0"}},"rotation":{"origin":[14.00355,7.960659,8.0],"angle":45.0,"axis":"z"}}],"display":{"head":{"rotation":[0.0,0.0,0.0]},"firstperson_righthand":{"rotation":[0.0,0.0,0.0]},"thirdperson_lefthand":{"rotation":[0.0,-0.0,-0.0]},"firstperson_lefthand":{"rotation":[0.0,-0.0,-0.0]},"fixed":{"rotation":[0.0,0.0,0.0]},"ground":{"rotation":[0.0,0.0,0.0]},"thirdperson_righthand":{"rotation":[0.0,0.0,0.0]},"gui":{"rotation":[-150.0,-45.0,180.0]}}}