{"textures":{"0":"modelengine:entity/orc_elite_am","particle":"#0"},"elements":[{"from":[5.5,-9.5,5.0],"to":[10.5,7.5,11.0],"faces":{"east":{"uv":[2.9375,2.375,2.5625,3.4375],"tintindex":0,"rotation":0,"texture":"#0"},"south":{"uv":[1.4375,5.25,1.125,6.3125],"tintindex":0,"rotation":0,"texture":"#0"},"north":{"uv":[1.0625,5.25,0.75,6.3125],"tintindex":0,"rotation":0,"texture":"#0"},"west":{"uv":[2.5,2.4375,2.125,3.5],"tintindex":0,"rotation":0,"texture":"#0"},"up":{"uv":[5.0,7.0,5.3125,6.625],"tintindex":0,"rotation":0,"texture":"#0"},"down":{"uv":[5.6875,6.625,6.0,7.0],"tintindex":0,"rotation":0,"texture":"#0"}}},{"from":[4.9,-10.1,4.4],"to":[11.1,8.1,11.6],"faces":{"east":{"uv":[3.375,2.375,3.0,3.4375],"tintindex":0,"rotation":0,"texture":"#0"},"south":{"uv":[5.6875,1.125,5.375,2.1875],"tintindex":0,"rotation":0,"texture":"#0"},"north":{"uv":[5.5625,4.5,5.25,5.5625],"tintindex":0,"rotation":0,"texture":"#0"},"west":{"uv":[0.8125,2.9375,0.4375,4.0],"tintindex":0,"rotation":0,"texture":"#0"},"up":{"uv":[2.8125,7.0625,3.125,6.6875],"tintindex":0,"rotation":0,"texture":"#0"},"down":{"uv":[6.6875,4.5,7.0,4.875],"tintindex":0,"rotation":0,"texture":"#0"}}},{"from":[5.2,-9.8,4.7],"to":[10.8,7.8,11.3],"faces":{"east":{"uv":[3.25,1.25,2.875,2.3125],"tintindex":0,"rotation":0,"texture":"#0"},"south":{"uv":[2.1875,5.25,1.875,6.3125],"tintindex":0,"rotation":0,"texture":"#0"},"north":{"uv":[1.8125,5.25,1.5,6.3125],"tintindex":0,"rotation":0,"texture":"#0"},"west":{"uv":[0.375,2.625,0.0,3.6875],"tintindex":0,"rotation":0,"texture":"#0"},"up":{"uv":[2.0625,7.0625,2.375,6.6875],"tintindex":0,"rotation":0,"texture":"#0"},"down":{"uv":[2.4375,6.6875,2.75,7.0625],"tintindex":0,"rotation":0,"texture":"#0"}}}],"display":{"head":{"rotation":[0.0,0.0,0.0]},"firstperson_righthand":{"rotation":[0.0,0.0,0.0]},"thirdperson_lefthand":{"rotation":[0.0,-0.0,-0.0]},"firstperson_lefthand":{"rotation":[0.0,-0.0,-0.0]},"fixed":{"rotation":[0.0,0.0,0.0]},"ground":{"rotation":[0.0,0.0,0.0]},"thirdperson_righthand":{"rotation":[0.0,0.0,0.0]},"gui":{"rotation":[-150.0,-45.0,180.0]}}}