{"textures":{"0":"modelengine:entity/orc_elite_am","particle":"#0"},"elements":[{"from":[3.7,8.7,4.7],"to":[12.3,15.3,11.3],"faces":{"east":{"uv":[3.625,6.4375,4.0,6.8125],"tintindex":0,"rotation":0,"texture":"#0"},"south":{"uv":[3.3125,6.0,3.8125,6.375],"tintindex":0,"rotation":0,"texture":"#0"},"north":{"uv":[6.0,2.9375,6.5,3.3125],"tintindex":0,"rotation":0,"texture":"#0"},"west":{"uv":[4.0625,6.4375,4.4375,6.8125],"tintindex":0,"rotation":0,"texture":"#0"},"up":{"uv":[6.5,3.75,6.0,3.375],"tintindex":0,"rotation":0,"texture":"#0"},"down":{"uv":[4.375,6.0,3.875,6.375],"tintindex":0,"rotation":0,"texture":"#0"}}},{"from":[1.7653699,7.59776,4.5],"to":[5.76537,13.597759,11.5],"faces":{"east":{"uv":[6.25,6.125,6.6875,6.5],"tintindex":0,"rotation":0,"texture":"#0"},"south":{"uv":[7.1875,4.8125,7.4375,5.1875],"tintindex":0,"rotation":0,"texture":"#0"},"north":{"uv":[4.4375,7.1875,4.6875,7.5625],"tintindex":0,"rotation":0,"texture":"#0"},"west":{"uv":[0.0,6.3125,0.4375,6.6875],"tintindex":0,"rotation":0,"texture":"#0"},"up":{"uv":[1.375,7.25,1.125,6.8125],"tintindex":0,"rotation":0,"texture":"#0"},"down":{"uv":[7.0625,6.5625,6.8125,7.0],"tintindex":0,"rotation":0,"texture":"#0"}},"rotation":{"origin":[3.76537,10.597759,8.0],"angle":-22.5,"axis":"z"}},{"from":[1.7,12.7,3.7],"to":[14.3,25.3,12.3],"faces":{"east":{"uv":[3.4375,3.1875,3.9375,3.9375],"tintindex":0,"rotation":0,"texture":"#0"},"south":{"uv":[1.625,0.8125,2.375,1.5625],"tintindex":0,"rotation":0,"texture":"#0"},"north":{"uv":[1.625,0.0,2.375,0.75],"tintindex":0,"rotation":0,"texture":"#0"},"west":{"uv":[2.5625,3.5,3.0625,4.25],"tintindex":0,"rotation":0,"texture":"#0"},"up":{"uv":[1.625,4.0625,0.875,3.5625],"tintindex":0,"rotation":0,"texture":"#0"},"down":{"uv":[2.4375,3.5625,1.6875,4.0625],"tintindex":0,"rotation":0,"texture":"#0"}}},{"from":[2.0,13.0,4.0],"to":[14.0,25.0,12.0],"faces":{"east":{"uv":[3.3125,1.25,3.8125,2.0],"tintindex":0,"rotation":0,"texture":"#0"},"south":{"uv":[0.8125,1.0,1.5625,1.75],"tintindex":0,"rotation":0,"texture":"#0"},"north":{"uv":[0.0,1.0,0.75,1.75],"tintindex":0,"rotation":0,"texture":"#0"},"west":{"uv":[3.375,0.0,3.875,0.75],"tintindex":0,"rotation":0,"texture":"#0"},"up":{"uv":[4.1875,2.5625,3.4375,2.0625],"tintindex":0,"rotation":0,"texture":"#0"},"down":{"uv":[4.1875,2.625,3.4375,3.125],"tintindex":0,"rotation":0,"texture":"#0"}}},{"from":[10.234631,7.59776,4.5],"to":[14.234631,13.597759,11.5],"faces":{"east":{"uv":[3.375,0.8125,3.8125,1.1875],"tintindex":0,"rotation":0,"texture":"#0"},"south":{"uv":[7.125,6.4375,7.375,6.8125],"tintindex":0,"rotation":0,"texture":"#0"},"north":{"uv":[7.125,3.0,7.375,3.375],"tintindex":0,"rotation":0,"texture":"#0"},"west":{"uv":[6.1875,4.8125,6.625,5.1875],"tintindex":0,"rotation":0,"texture":"#0"},"up":{"uv":[3.375,3.9375,3.125,3.5],"tintindex":0,"rotation":0,"texture":"#0"},"down":{"uv":[7.0,6.0625,6.75,6.5],"tintindex":0,"rotation":0,"texture":"#0"}},"rotation":{"origin":[12.234631,10.597759,8.0],"angle":22.5,"axis":"z"}},{"from":[4.0,9.0,5.0],"to":[12.0,15.0,11.0],"faces":{"east":{"uv":[6.4375,1.4375,6.8125,1.8125],"tintindex":0,"rotation":0,"texture":"#0"},"south":{"uv":[5.8125,5.6875,6.3125,6.0625],"tintindex":0,"rotation":0,"texture":"#0"},"north":{"uv":[4.25,2.75,4.75,3.125],"tintindex":0,"rotation":0,"texture":"#0"},"west":{"uv":[3.1875,6.4375,3.5625,6.8125],"tintindex":0,"rotation":0,"texture":"#0"},"up":{"uv":[6.5,2.4375,6.0,2.0625],"tintindex":0,"rotation":0,"texture":"#0"},"down":{"uv":[6.5,2.5,6.0,2.875],"tintindex":0,"rotation":0,"texture":"#0"}}},{"from":[1.4653699,7.29776,4.2],"to":[6.06537,13.897759,11.8],"faces":{"east":{"uv":[0.5,6.375,0.9375,6.75],"tintindex":0,"rotation":0,"texture":"#0"},"south":{"uv":[3.8125,7.25,4.0625,7.625],"tintindex":0,"rotation":0,"texture":"#0"},"north":{"uv":[7.25,1.3125,7.5,1.6875],"tintindex":0,"rotation":0,"texture":"#0"},"west":{"uv":[1.0,6.375,1.4375,6.75],"tintindex":0,"rotation":0,"texture":"#0"},"up":{"uv":[3.4375,7.3125,3.1875,6.875],"tintindex":0,"rotation":0,"texture":"#0"},"down":{"uv":[3.75,6.875,3.5,7.3125],"tintindex":0,"rotation":0,"texture":"#0"}},"rotation":{"origin":[3.76537,10.597759,8.0],"angle":-22.5,"axis":"z"}},{"from":[1.4,12.4,3.4],"to":[14.6,25.6,12.6],"faces":{"east":{"uv":[3.875,0.8125,4.375,1.5625],"tintindex":0,"rotation":0,"texture":"#0"},"south":{"uv":[0.0,1.8125,0.75,2.5625],"tintindex":0,"rotation":0,"texture":"#0"},"north":{"uv":[1.625,1.625,2.375,2.375],"tintindex":0,"rotation":0,"texture":"#0"},"west":{"uv":[3.9375,0.0,4.4375,0.75],"tintindex":0,"rotation":0,"texture":"#0"},"up":{"uv":[3.875,4.5,3.125,4.0],"tintindex":0,"rotation":0,"texture":"#0"},"down":{"uv":[4.75,3.1875,4.0,3.6875],"tintindex":0,"rotation":0,"texture":"#0"}}},{"from":[9.93463,7.29776,4.2],"to":[14.534631,13.897759,11.8],"faces":{"east":{"uv":[5.0,6.1875,5.4375,6.5625],"tintindex":0,"rotation":0,"texture":"#0"},"south":{"uv":[7.1875,3.4375,7.4375,3.8125],"tintindex":0,"rotation":0,"texture":"#0"},"north":{"uv":[7.1875,0.0,7.4375,0.375],"tintindex":0,"rotation":0,"texture":"#0"},"west":{"uv":[2.6875,6.25,3.125,6.625],"tintindex":0,"rotation":0,"texture":"#0"},"up":{"uv":[0.75,7.25,0.5,6.8125],"tintindex":0,"rotation":0,"texture":"#0"},"down":{"uv":[1.0625,6.8125,0.8125,7.25],"tintindex":0,"rotation":0,"texture":"#0"}},"rotation":{"origin":[12.234631,10.597759,8.0],"angle":22.5,"axis":"z"}}],"display":{"head":{"rotation":[0.0,0.0,0.0]},"firstperson_righthand":{"rotation":[0.0,0.0,0.0]},"thirdperson_lefthand":{"rotation":[0.0,-0.0,-0.0]},"firstperson_lefthand":{"rotation":[0.0,-0.0,-0.0]},"fixed":{"rotation":[0.0,0.0,0.0]},"ground":{"rotation":[0.0,0.0,0.0]},"thirdperson_righthand":{"rotation":[0.0,0.0,0.0]},"gui":{"rotation":[-150.0,-45.0,180.0]}}}