{"textures":{"0":"modelengine:entity/am_goblin_melee","particle":"#0"},"elements":[{"from":[3.35,7.35,6.85],"to":[12.65,8.65,9.15],"faces":{"east":{"uv":[2.25,0.875,2.5,1.0],"tintindex":0,"rotation":0,"texture":"#0"},"south":{"uv":[6.625,5.375,7.75,5.5],"tintindex":0,"rotation":0,"texture":"#0"},"north":{"uv":[6.5,2.625,7.625,2.75],"tintindex":0,"rotation":0,"texture":"#0"},"west":{"uv":[2.25,1.0,2.5,1.125],"tintindex":0,"rotation":0,"texture":"#0"},"up":{"uv":[7.375,4.375,6.25,4.125],"tintindex":0,"rotation":0,"texture":"#0"},"down":{"uv":[3.75,6.625,2.625,6.875],"tintindex":0,"rotation":0,"texture":"#0"}}}],"display":{"head":{"rotation":[0.0,0.0,0.0]},"firstperson_righthand":{"rotation":[0.0,0.0,0.0]},"thirdperson_lefthand":{"rotation":[0.0,-0.0,-0.0]},"firstperson_lefthand":{"rotation":[0.0,-0.0,-0.0]},"fixed":{"rotation":[0.0,0.0,0.0]},"ground":{"rotation":[0.0,0.0,0.0]},"thirdperson_righthand":{"rotation":[0.0,0.0,0.0]},"gui":{"rotation":[-150.0,-45.0,180.0]}}}