{"textures":{"0":"modelengine:entity/am_goblin_melee","particle":"#0"},"elements":[{"from":[3.5,5.5,5.5],"to":[12.5,9.5,10.5],"faces":{"east":{"uv":[0.625,6.375,1.25,6.875],"tintindex":0,"rotation":0,"texture":"#0"},"south":{"uv":[5.625,0.0,6.75,0.5],"tintindex":0,"rotation":0,"texture":"#0"},"north":{"uv":[5.5,5.375,6.625,5.875],"tintindex":0,"rotation":0,"texture":"#0"},"west":{"uv":[1.25,6.375,1.875,6.875],"tintindex":0,"rotation":0,"texture":"#0"},"up":{"uv":[6.5,2.75,5.375,2.125],"tintindex":0,"rotation":0,"texture":"#0"},"down":{"uv":[5.5,5.375,4.375,6.0],"tintindex":0,"rotation":0,"texture":"#0"}}},{"from":[6.5,7.5,-5.5],"to":[9.5,9.5,-2.5],"faces":{"east":{"uv":[5.125,4.375,5.5,4.625],"tintindex":0,"rotation":0,"texture":"#0"},"south":{"uv":[5.375,2.75,5.75,3.0],"tintindex":0,"rotation":0,"texture":"#0"},"north":{"uv":[4.25,3.75,4.625,4.0],"tintindex":0,"rotation":0,"texture":"#0"},"west":{"uv":[5.625,0.5,6.0,0.75],"tintindex":0,"rotation":0,"texture":"#0"},"up":{"uv":[0.375,7.0,0.0,6.625],"tintindex":0,"rotation":0,"texture":"#0"},"down":{"uv":[5.375,6.625,5.0,7.0],"tintindex":0,"rotation":0,"texture":"#0"}}},{"from":[3.51,9.51,-0.49],"to":[12.49,14.49,10.49],"faces":{"east":{"uv":[4.0,1.75,5.375,2.375],"tintindex":0,"rotation":0,"texture":"#0"},"south":{"uv":[5.375,1.5,6.5,2.125],"tintindex":0,"rotation":0,"texture":"#0"},"north":{"uv":[5.125,3.75,6.25,4.375],"tintindex":0,"rotation":0,"texture":"#0"},"west":{"uv":[4.0,2.375,5.375,3.0],"tintindex":0,"rotation":0,"texture":"#0"},"up":{"uv":[1.125,1.375,0.0,0.0],"tintindex":0,"rotation":0,"texture":"#0"},"down":{"uv":[2.25,0.0,1.125,1.375],"tintindex":0,"rotation":0,"texture":"#0"}}},{"from":[6.5,9.5,-5.5],"to":[9.5,12.5,0.5],"faces":{"east":{"uv":[6.5,1.5,7.25,1.875],"tintindex":0,"rotation":0,"texture":"#0"},"south":{"uv":[0.625,5.875,1.0,6.25],"tintindex":0,"rotation":0,"texture":"#0"},"north":{"uv":[2.25,5.25,2.625,5.625],"tintindex":0,"rotation":0,"texture":"#0"},"west":{"uv":[1.875,6.5,2.625,6.875],"tintindex":0,"rotation":0,"texture":"#0"},"up":{"uv":[4.625,3.75,4.25,3.0],"tintindex":0,"rotation":0,"texture":"#0"},"down":{"uv":[6.875,1.875,6.5,2.625],"tintindex":0,"rotation":0,"texture":"#0"}}}],"display":{"head":{"rotation":[0.0,0.0,0.0]},"firstperson_righthand":{"rotation":[0.0,0.0,0.0]},"thirdperson_lefthand":{"rotation":[0.0,-0.0,-0.0]},"firstperson_lefthand":{"rotation":[0.0,-0.0,-0.0]},"fixed":{"rotation":[0.0,0.0,0.0]},"ground":{"rotation":[0.0,0.0,0.0]},"thirdperson_righthand":{"rotation":[0.0,0.0,0.0]},"gui":{"rotation":[-150.0,-45.0,180.0]}}}