{"textures":{"0":"modelengine:entity/am_goblin_melee","particle":"#0"},"elements":[{"from":[3.5,8.0,1.0],"to":[12.5,11.0,8.0],"faces":{"east":{"uv":[6.125,5.875,7.0,6.25],"tintindex":0,"rotation":0,"texture":"#0"},"south":{"uv":[6.125,3.125,7.25,3.5],"tintindex":0,"rotation":0,"texture":"#0"},"north":{"uv":[6.125,2.75,7.25,3.125],"tintindex":0,"rotation":0,"texture":"#0"},"west":{"uv":[2.875,6.25,3.75,6.625],"tintindex":0,"rotation":0,"texture":"#0"},"up":{"uv":[4.625,0.875,3.5,0.0],"tintindex":0,"rotation":0,"texture":"#0"},"down":{"uv":[5.125,0.875,4.0,1.75],"tintindex":0,"rotation":0,"texture":"#0"}}},{"from":[3.51,4.01,1.01],"to":[12.49,7.99,7.99],"faces":{"east":{"uv":[6.125,0.5,7.0,1.0],"tintindex":0,"rotation":0,"texture":"#0"},"south":{"uv":[5.625,4.875,6.75,5.375],"tintindex":0,"rotation":0,"texture":"#0"},"north":{"uv":[5.625,4.375,6.75,4.875],"tintindex":0,"rotation":0,"texture":"#0"},"west":{"uv":[6.125,1.0,7.0,1.5],"tintindex":0,"rotation":0,"texture":"#0"},"up":{"uv":[4.25,4.0,3.125,3.125],"tintindex":0,"rotation":0,"texture":"#0"},"down":{"uv":[1.125,3.375,0.0,4.25],"tintindex":0,"rotation":0,"texture":"#0"}}}],"display":{"head":{"rotation":[0.0,0.0,0.0]},"firstperson_righthand":{"rotation":[0.0,0.0,0.0]},"thirdperson_lefthand":{"rotation":[0.0,-0.0,-0.0]},"firstperson_lefthand":{"rotation":[0.0,-0.0,-0.0]},"fixed":{"rotation":[0.0,0.0,0.0]},"ground":{"rotation":[0.0,0.0,0.0]},"thirdperson_righthand":{"rotation":[0.0,0.0,0.0]},"gui":{"rotation":[-150.0,-45.0,180.0]}}}