{"textures":{"0":"modelengine:entity/am_goblin_melee","particle":"#0"},"elements":[{"from":[4.0,-3.5,5.5],"to":[8.0,9.5,10.5],"faces":{"east":{"uv":[1.875,2.5,2.5,4.125],"tintindex":0,"rotation":0,"texture":"#0"},"south":{"uv":[4.625,3.0,5.125,4.625],"tintindex":0,"rotation":0,"texture":"#0"},"north":{"uv":[0.5,4.25,1.0,5.875],"tintindex":0,"rotation":0,"texture":"#0"},"west":{"uv":[2.5,2.5,3.125,4.125],"tintindex":0,"rotation":0,"texture":"#0"},"up":{"uv":[4.25,6.875,3.75,6.25],"tintindex":0,"rotation":0,"texture":"#0"},"down":{"uv":[6.625,6.25,6.125,6.875],"tintindex":0,"rotation":0,"texture":"#0"}}},{"from":[3.7,-3.8,5.2],"to":[8.3,9.8,10.8],"faces":{"east":{"uv":[2.5,8.0,3.125,9.625],"tintindex":0,"rotation":0,"texture":"#0"},"south":{"uv":[3.75,8.0,4.25,9.625],"tintindex":0,"rotation":0,"texture":"#0"},"north":{"uv":[8.0,3.125,8.5,4.75],"tintindex":0,"rotation":0,"texture":"#0"},"west":{"uv":[3.125,8.0,3.75,9.625],"tintindex":0,"rotation":0,"texture":"#0"},"up":{"uv":[4.75,8.75,4.25,8.125],"tintindex":0,"rotation":0,"texture":"#0"},"down":{"uv":[5.25,8.125,4.75,8.75],"tintindex":0,"rotation":0,"texture":"#0"}}}],"display":{"head":{"rotation":[0.0,0.0,0.0]},"firstperson_righthand":{"rotation":[0.0,0.0,0.0]},"thirdperson_lefthand":{"rotation":[0.0,-0.0,-0.0]},"firstperson_lefthand":{"rotation":[0.0,-0.0,-0.0]},"fixed":{"rotation":[0.0,0.0,0.0]},"ground":{"rotation":[0.0,0.0,0.0]},"thirdperson_righthand":{"rotation":[0.0,0.0,0.0]},"gui":{"rotation":[-150.0,-45.0,180.0]}}}