{"textures":{"0":"modelengine:entity/am_goblin_melee","particle":"#0"},"elements":[{"from":[5.2,-1.3,4.7],"to":[10.8,8.3,11.3],"faces":{"east":{"uv":[6.125,7.375,6.875,8.5],"tintindex":0,"rotation":0,"texture":"#0"},"south":{"uv":[7.75,0.0,8.375,1.125],"tintindex":0,"rotation":0,"texture":"#0"},"north":{"uv":[7.625,7.375,8.25,8.5],"tintindex":0,"rotation":0,"texture":"#0"},"west":{"uv":[6.875,7.375,7.625,8.5],"tintindex":0,"rotation":0,"texture":"#0"},"up":{"uv":[8.0,4.25,7.375,3.5],"tintindex":0,"rotation":0,"texture":"#0"},"down":{"uv":[8.25,5.5,7.625,6.25],"tintindex":0,"rotation":0,"texture":"#0"}}},{"from":[5.5,-1.0,5.0],"to":[10.5,8.0,11.0],"faces":{"east":{"uv":[1.125,4.125,1.875,5.25],"tintindex":0,"rotation":0,"texture":"#0"},"south":{"uv":[1.625,5.25,2.25,6.375],"tintindex":0,"rotation":0,"texture":"#0"},"north":{"uv":[1.0,5.25,1.625,6.375],"tintindex":0,"rotation":0,"texture":"#0"},"west":{"uv":[1.875,4.125,2.625,5.25],"tintindex":0,"rotation":0,"texture":"#0"},"up":{"uv":[6.125,6.625,5.5,5.875],"tintindex":0,"rotation":0,"texture":"#0"},"down":{"uv":[5.0,6.0,4.375,6.75],"tintindex":0,"rotation":0,"texture":"#0"}}}],"display":{"head":{"rotation":[0.0,0.0,0.0]},"firstperson_righthand":{"rotation":[0.0,0.0,0.0]},"thirdperson_lefthand":{"rotation":[0.0,-0.0,-0.0]},"firstperson_lefthand":{"rotation":[0.0,-0.0,-0.0]},"fixed":{"rotation":[0.0,0.0,0.0]},"ground":{"rotation":[0.0,0.0,0.0]},"thirdperson_righthand":{"rotation":[0.0,0.0,0.0]},"gui":{"rotation":[-150.0,-45.0,180.0]}}}