{"textures":{"0":"modelengine:entity/am_goblin_melee","particle":"#0"},"elements":[{"from":[5.2,-1.3,4.7],"to":[10.8,8.3,11.3],"faces":{"east":{"uv":[5.375,6.625,6.125,7.75],"tintindex":0,"rotation":0,"texture":"#0"},"south":{"uv":[7.25,1.125,7.875,2.25],"tintindex":0,"rotation":0,"texture":"#0"},"north":{"uv":[4.625,7.0,5.25,8.125],"tintindex":0,"rotation":0,"texture":"#0"},"west":{"uv":[7.0,0.0,7.75,1.125],"tintindex":0,"rotation":0,"texture":"#0"},"up":{"uv":[7.625,6.25,7.0,5.5],"tintindex":0,"rotation":0,"texture":"#0"},"down":{"uv":[7.875,2.75,7.25,3.5],"tintindex":0,"rotation":0,"texture":"#0"}}},{"from":[5.5,-1.0,5.0],"to":[10.5,8.0,11.0],"faces":{"east":{"uv":[3.125,4.0,3.875,5.125],"tintindex":0,"rotation":0,"texture":"#0"},"south":{"uv":[3.75,5.125,4.375,6.25],"tintindex":0,"rotation":0,"texture":"#0"},"north":{"uv":[3.125,5.125,3.75,6.25],"tintindex":0,"rotation":0,"texture":"#0"},"west":{"uv":[3.875,4.0,4.625,5.125],"tintindex":0,"rotation":0,"texture":"#0"},"up":{"uv":[2.875,6.5,2.25,5.75],"tintindex":0,"rotation":0,"texture":"#0"},"down":{"uv":[0.625,5.875,0.0,6.625],"tintindex":0,"rotation":0,"texture":"#0"}}}],"display":{"head":{"rotation":[0.0,0.0,0.0]},"firstperson_righthand":{"rotation":[0.0,0.0,0.0]},"thirdperson_lefthand":{"rotation":[0.0,-0.0,-0.0]},"firstperson_lefthand":{"rotation":[0.0,-0.0,-0.0]},"fixed":{"rotation":[0.0,0.0,0.0]},"ground":{"rotation":[0.0,0.0,0.0]},"thirdperson_righthand":{"rotation":[0.0,0.0,0.0]},"gui":{"rotation":[-150.0,-45.0,180.0]}}}