{"textures":{"0":"modelengine:entity/am_goblin_melee","particle":"#0"},"elements":[{"from":[8.0,-3.5,5.5],"to":[12.0,9.5,10.5],"faces":{"east":{"uv":[2.5,0.875,3.125,2.5],"tintindex":0,"rotation":0,"texture":"#0"},"south":{"uv":[0.0,4.25,0.5,5.875],"tintindex":0,"rotation":0,"texture":"#0"},"north":{"uv":[2.625,4.125,3.125,5.75],"tintindex":0,"rotation":0,"texture":"#0"},"west":{"uv":[1.25,2.5,1.875,4.125],"tintindex":0,"rotation":0,"texture":"#0"},"up":{"uv":[5.5,6.625,5.0,6.0],"tintindex":0,"rotation":0,"texture":"#0"},"down":{"uv":[6.75,3.5,6.25,4.125],"tintindex":0,"rotation":0,"texture":"#0"}}},{"from":[7.7,-3.8,5.2],"to":[12.3,9.8,10.8],"faces":{"east":{"uv":[1.875,7.75,2.5,9.375],"tintindex":0,"rotation":0,"texture":"#0"},"south":{"uv":[0.75,8.0,1.25,9.625],"tintindex":0,"rotation":0,"texture":"#0"},"north":{"uv":[0.25,8.0,0.75,9.625],"tintindex":0,"rotation":0,"texture":"#0"},"west":{"uv":[5.25,7.75,5.875,9.375],"tintindex":0,"rotation":0,"texture":"#0"},"up":{"uv":[7.25,4.125,6.75,3.5],"tintindex":0,"rotation":0,"texture":"#0"},"down":{"uv":[8.375,6.25,7.875,6.875],"tintindex":0,"rotation":0,"texture":"#0"}}}],"display":{"head":{"rotation":[0.0,0.0,0.0]},"firstperson_righthand":{"rotation":[0.0,0.0,0.0]},"thirdperson_lefthand":{"rotation":[0.0,-0.0,-0.0]},"firstperson_lefthand":{"rotation":[0.0,-0.0,-0.0]},"fixed":{"rotation":[0.0,0.0,0.0]},"ground":{"rotation":[0.0,0.0,0.0]},"thirdperson_righthand":{"rotation":[0.0,0.0,0.0]},"gui":{"rotation":[-150.0,-45.0,180.0]}}}