{"textures":{"0":"modelengine:entity/am_goblin_melee","particle":"#0"},"elements":[{"from":[3.0,8.4,4.5],"to":[13.0,17.4,11.5],"faces":{"east":{"uv":[3.125,0.875,4.0,2.0],"tintindex":0,"rotation":0,"texture":"#0"},"south":{"uv":[1.25,1.375,2.5,2.5],"tintindex":0,"rotation":0,"texture":"#0"},"north":{"uv":[0.0,1.375,1.25,2.5],"tintindex":0,"rotation":0,"texture":"#0"},"west":{"uv":[3.125,2.0,4.0,3.125],"tintindex":0,"rotation":0,"texture":"#0"},"up":{"uv":[3.5,0.875,2.25,0.0],"tintindex":0,"rotation":0,"texture":"#0"},"down":{"uv":[1.25,2.5,0.0,3.375],"tintindex":0,"rotation":0,"texture":"#0"}}},{"from":[2.7,8.099999,4.2],"to":[13.3,17.699999,11.8],"faces":{"east":{"uv":[2.875,6.875,3.75,8.0],"tintindex":0,"rotation":0,"texture":"#0"},"south":{"uv":[0.375,6.875,1.625,8.0],"tintindex":0,"rotation":0,"texture":"#0"},"north":{"uv":[6.625,6.25,7.875,7.375],"tintindex":0,"rotation":0,"texture":"#0"},"west":{"uv":[3.75,6.875,4.625,8.0],"tintindex":0,"rotation":0,"texture":"#0"},"up":{"uv":[8.0,5.25,6.75,4.375],"tintindex":0,"rotation":0,"texture":"#0"},"down":{"uv":[2.875,6.875,1.625,7.75],"tintindex":0,"rotation":0,"texture":"#0"}}}],"display":{"head":{"rotation":[0.0,0.0,0.0]},"firstperson_righthand":{"rotation":[0.0,0.0,0.0]},"thirdperson_lefthand":{"rotation":[0.0,-0.0,-0.0]},"firstperson_lefthand":{"rotation":[0.0,-0.0,-0.0]},"fixed":{"rotation":[0.0,0.0,0.0]},"ground":{"rotation":[0.0,0.0,0.0]},"thirdperson_righthand":{"rotation":[0.0,0.0,0.0]},"gui":{"rotation":[-150.0,-45.0,180.0]}}}