{"textures":{"0":"modelengine:entity/am_goblin_melee","particle":"#0"},"elements":[{"from":[8.0,4.5,-11.5],"to":[8.0,11.5,6.5],"faces":{"east":{"uv":[7.875,1.125,10.125,2.0],"tintindex":0,"rotation":0,"texture":"#0"},"west":{"uv":[7.875,2.0,10.125,2.875],"tintindex":0,"rotation":0,"texture":"#0"}}},{"from":[7.0,7.0,2.5],"to":[9.0,9.0,14.5],"faces":{"east":{"uv":[7.75,5.25,9.25,5.5],"tintindex":0,"rotation":0,"texture":"#0"},"south":{"uv":[5.125,1.5,5.375,1.75],"tintindex":0,"rotation":0,"texture":"#0"},"north":{"uv":[2.25,1.125,2.5,1.375],"tintindex":0,"rotation":0,"texture":"#0"},"west":{"uv":[7.875,2.875,9.375,3.125],"tintindex":0,"rotation":0,"texture":"#0"},"up":{"uv":[0.25,8.5,0.0,7.0],"tintindex":0,"rotation":0,"texture":"#0"},"down":{"uv":[1.875,7.75,1.625,9.25],"tintindex":0,"rotation":0,"texture":"#0"}}}],"display":{"head":{"rotation":[0.0,0.0,0.0]},"firstperson_righthand":{"rotation":[0.0,0.0,0.0]},"thirdperson_lefthand":{"rotation":[0.0,-0.0,-0.0]},"firstperson_lefthand":{"rotation":[0.0,-0.0,-0.0]},"fixed":{"rotation":[0.0,0.0,0.0]},"ground":{"rotation":[0.0,0.0,0.0]},"thirdperson_righthand":{"rotation":[0.0,0.0,0.0]},"gui":{"rotation":[-150.0,-45.0,180.0]}}}