{"textures":{"0":"modelengine:entity/1bit_elite_piglin","particle":"#0"},"elements":[{"from":[0.75,6.95,2.25],"to":[15.25,22.45,13.75],"faces":{"east":{"uv":[0.0,2.0,1.375,3.875],"tintindex":0,"rotation":0,"texture":"#0"},"south":{"uv":[1.875,0.0,3.625,1.875],"tintindex":0,"rotation":0,"texture":"#0"},"north":{"uv":[0.0,0.0,1.75,1.875],"tintindex":0,"rotation":0,"texture":"#0"},"west":{"uv":[1.5,2.0,2.875,3.875],"tintindex":0,"rotation":0,"texture":"#0"},"up":{"uv":[5.5,1.375,3.75,0.0],"tintindex":0,"rotation":0,"texture":"#0"},"down":{"uv":[1.75,4.0,0.0,5.375],"tintindex":0,"rotation":0,"texture":"#0"}}},{"from":[1.0,7.2,2.5],"to":[15.0,22.2,13.5],"faces":{"east":{"uv":[10.125,3.5,11.5,5.375],"tintindex":0,"rotation":0,"texture":"#0"},"south":{"uv":[12.0,0.0,13.75,1.875],"tintindex":0,"rotation":0,"texture":"#0"},"north":{"uv":[10.125,0.0,11.875,1.875],"tintindex":0,"rotation":0,"texture":"#0"},"west":{"uv":[10.125,3.5,11.5,5.375],"tintindex":0,"rotation":0,"texture":"#0"},"up":{"uv":[10.125,2.0,11.875,3.375],"tintindex":0,"rotation":0,"texture":"#0"},"down":{"uv":[12.0,2.0,13.75,3.375],"tintindex":0,"rotation":0,"texture":"#0"}}}],"display":{"head":{"rotation":[0.0,0.0,0.0]},"firstperson_righthand":{"rotation":[0.0,0.0,0.0]},"thirdperson_lefthand":{"rotation":[0.0,-0.0,-0.0]},"firstperson_lefthand":{"rotation":[0.0,-0.0,-0.0]},"fixed":{"rotation":[0.0,0.0,0.0]},"ground":{"rotation":[0.0,0.0,0.0]},"thirdperson_righthand":{"rotation":[0.0,0.0,0.0]},"gui":{"rotation":[-150.0,-45.0,180.0]}}}