{"textures":{"1":"modelengine:entity/1bit_elite_piglin_greatsword","particle":"#1"},"elements":[{"from":[6.5,8.25,7.5],"to":[9.5,11.250001,8.5],"faces":{"east":{"uv":[5.375,0.5,5.5,0.875],"tintindex":0,"rotation":0,"texture":"#1"},"south":{"uv":[6.125,0.5,6.5,0.875],"tintindex":0,"rotation":0,"texture":"#1"},"north":{"uv":[6.125,0.0,6.5,0.375],"tintindex":0,"rotation":0,"texture":"#1"},"west":{"uv":[5.375,0.0,5.5,0.375],"tintindex":0,"rotation":0,"texture":"#1"},"up":{"uv":[5.375,1.25,5.75,1.375],"tintindex":0,"rotation":0,"texture":"#1"},"down":{"uv":[5.375,1.0,5.75,1.125],"tintindex":0,"rotation":0,"texture":"#1"}},"rotation":{"origin":[8.0,9.75,8.0],"angle":-45.0,"axis":"z"}},{"from":[8.5,10.250001,8.5],"to":[7.5,9.25,7.5],"faces":{"east":{"uv":[5.625,0.375,5.75,0.25],"tintindex":0,"rotation":0,"texture":"#1"},"south":{"uv":[5.875,0.375,6.0,0.25],"tintindex":0,"rotation":0,"texture":"#1"},"north":{"uv":[5.625,0.125,5.75,0.0],"tintindex":0,"rotation":0,"texture":"#1"},"west":{"uv":[5.875,0.625,6.0,0.5],"tintindex":0,"rotation":0,"texture":"#1"},"up":{"uv":[5.75,0.5,5.625,0.625],"tintindex":0,"rotation":0,"texture":"#1"},"down":{"uv":[6.0,0.0,5.875,0.125],"tintindex":0,"rotation":0,"texture":"#1"}},"rotation":{"origin":[8.0,9.75,8.0],"angle":-45.0,"axis":"z"}}],"display":{"head":{"rotation":[0.0,0.0,0.0]},"firstperson_righthand":{"rotation":[0.0,0.0,0.0]},"thirdperson_lefthand":{"rotation":[0.0,-0.0,-0.0]},"firstperson_lefthand":{"rotation":[0.0,-0.0,-0.0]},"fixed":{"rotation":[0.0,0.0,0.0]},"ground":{"rotation":[0.0,0.0,0.0]},"thirdperson_righthand":{"rotation":[0.0,0.0,0.0]},"gui":{"rotation":[-150.0,-45.0,180.0]}}}