{"textures":{"1":"modelengine:entity/1bit_elite_piglin_greatsword","particle":"#1"},"elements":[{"from":[7.7654047,6.4154053,4.81318],"to":[9.025405,7.6754055,6.07318],"faces":{"east":{"uv":[3.375,4.625,3.75,5.0],"tintindex":0,"rotation":0,"texture":"#1"},"south":{"uv":[3.875,4.625,4.25,5.0],"tintindex":0,"rotation":0,"texture":"#1"},"north":{"uv":[4.625,2.375,5.0,2.75],"tintindex":0,"rotation":0,"texture":"#1"},"west":{"uv":[4.375,4.625,4.75,5.0],"tintindex":0,"rotation":0,"texture":"#1"},"up":{"uv":[1.375,5.125,1.0,4.75],"tintindex":0,"rotation":0,"texture":"#1"},"down":{"uv":[5.125,2.875,4.75,3.25],"tintindex":0,"rotation":0,"texture":"#1"}},"rotation":{"origin":[9.35,8.0,8.70568],"angle":-45.0,"axis":"z"}},{"from":[7.775,5.75,3.0131798],"to":[8.225,10.25,3.9131804],"faces":{"east":{"uv":[2.375,3.125,2.625,4.375],"tintindex":0,"rotation":0,"texture":"#1"},"south":{"uv":[0.25,4.0,0.375,5.25],"tintindex":0,"rotation":0,"texture":"#1"},"north":{"uv":[0.0,4.0,0.125,5.25],"tintindex":0,"rotation":0,"texture":"#1"},"west":{"uv":[3.125,3.125,3.375,4.375],"tintindex":0,"rotation":0,"texture":"#1"},"up":{"uv":[2.25,4.875,2.125,4.625],"tintindex":0,"rotation":0,"texture":"#1"},"down":{"uv":[5.375,4.75,5.25,5.0],"tintindex":0,"rotation":0,"texture":"#1"}}},{"from":[7.720405,6.370405,10.12318],"to":[9.070405,7.720405,10.57318],"faces":{"east":{"uv":[1.0,4.0,1.125,4.375],"tintindex":0,"rotation":0,"texture":"#1"},"south":{"uv":[4.875,1.5,5.25,1.875],"tintindex":0,"rotation":0,"texture":"#1"},"north":{"uv":[4.875,1.0,5.25,1.375],"tintindex":0,"rotation":0,"texture":"#1"},"west":{"uv":[5.25,3.125,5.375,3.5],"tintindex":0,"rotation":0,"texture":"#1"},"up":{"uv":[5.625,3.75,5.25,3.625],"tintindex":0,"rotation":0,"texture":"#1"},"down":{"uv":[5.625,3.875,5.25,4.0],"tintindex":0,"rotation":0,"texture":"#1"}},"rotation":{"origin":[9.35,8.0,7.35568],"angle":-45.0,"axis":"z"}},{"from":[8.45,8.675,13.72318],"to":[7.55,7.3250003,12.37318],"faces":{"east":{"uv":[2.875,4.5,3.25,4.875],"tintindex":0,"rotation":0,"texture":"#1"},"south":{"uv":[4.875,4.75,5.125,5.125],"tintindex":0,"rotation":0,"texture":"#1"},"north":{"uv":[2.75,4.0,3.0,4.375],"tintindex":0,"rotation":0,"texture":"#1"},"west":{"uv":[1.625,4.625,2.0,5.0],"tintindex":0,"rotation":0,"texture":"#1"},"up":{"uv":[0.75,5.375,0.5,5.0],"tintindex":0,"rotation":0,"texture":"#1"},"down":{"uv":[2.375,5.0,2.125,5.375],"tintindex":0,"rotation":0,"texture":"#1"}},"rotation":{"origin":[8.225,8.0,13.04818],"angle":-45.0,"axis":"x"}},{"from":[7.720405,6.370405,11.02318],"to":[9.070405,7.720405,12.37318],"faces":{"east":{"uv":[4.25,3.125,4.625,3.5],"tintindex":0,"rotation":0,"texture":"#1"},"south":{"uv":[4.25,3.625,4.625,4.0],"tintindex":0,"rotation":0,"texture":"#1"},"north":{"uv":[0.5,4.0,0.875,4.375],"tintindex":0,"rotation":0,"texture":"#1"},"west":{"uv":[4.25,4.125,4.625,4.5],"tintindex":0,"rotation":0,"texture":"#1"},"up":{"uv":[0.875,4.875,0.5,4.5],"tintindex":0,"rotation":0,"texture":"#1"},"down":{"uv":[2.75,4.5,2.375,4.875],"tintindex":0,"rotation":0,"texture":"#1"}},"rotation":{"origin":[9.35,8.0,7.35568],"angle":-45.0,"axis":"z"}},{"from":[7.1,5.3,3.9131804],"to":[8.9,10.7,4.81318],"faces":{"east":{"uv":[2.75,2.375,3.0,3.875],"tintindex":0,"rotation":0,"texture":"#1"},"south":{"uv":[0.625,2.375,1.125,3.875],"tintindex":0,"rotation":0,"texture":"#1"},"north":{"uv":[0.0,2.375,0.5,3.875],"tintindex":0,"rotation":0,"texture":"#1"},"west":{"uv":[1.25,3.125,1.5,4.625],"tintindex":0,"rotation":0,"texture":"#1"},"up":{"uv":[5.375,2.25,4.875,2.0],"tintindex":0,"rotation":0,"texture":"#1"},"down":{"uv":[5.375,4.375,4.875,4.625],"tintindex":0,"rotation":0,"texture":"#1"}}},{"from":[6.974595,11.024595,3.92443],"to":[8.234594,12.2845955,4.80193],"faces":{"east":{"uv":[2.5,5.0,2.75,5.375],"tintindex":0,"rotation":0,"texture":"#1"},"south":{"uv":[4.75,3.875,5.125,4.25],"tintindex":0,"rotation":0,"texture":"#1"},"north":{"uv":[4.75,3.375,5.125,3.75],"tintindex":0,"rotation":0,"texture":"#1"},"west":{"uv":[2.875,5.0,3.125,5.375],"tintindex":0,"rotation":0,"texture":"#1"},"up":{"uv":[1.875,5.375,1.5,5.125],"tintindex":0,"rotation":0,"texture":"#1"},"down":{"uv":[5.5,2.375,5.125,2.625],"tintindex":0,"rotation":0,"texture":"#1"}},"rotation":{"origin":[6.65,10.7,8.70568],"angle":-45.0,"axis":"z"}},{"from":[7.55,6.875,11.92318],"to":[8.45,9.125,14.17318],"faces":{"east":{"uv":[1.25,2.375,1.875,3.0],"tintindex":0,"rotation":0,"texture":"#1"},"south":{"uv":[3.875,3.125,4.125,3.75],"tintindex":0,"rotation":0,"texture":"#1"},"north":{"uv":[3.5,3.125,3.75,3.75],"tintindex":0,"rotation":0,"texture":"#1"},"west":{"uv":[2.0,2.375,2.625,3.0],"tintindex":0,"rotation":0,"texture":"#1"},"up":{"uv":[3.75,4.5,3.5,3.875],"tintindex":0,"rotation":0,"texture":"#1"},"down":{"uv":[4.125,3.875,3.875,4.5],"tintindex":0,"rotation":0,"texture":"#1"}},"rotation":{"origin":[8.225,8.0,13.04818],"angle":-45.0,"axis":"x"}},{"from":[7.945405,6.595405,6.07318],"to":[8.845406,7.495405,11.02318],"faces":{"east":{"uv":[3.125,2.375,4.5,2.625],"tintindex":0,"rotation":0,"texture":"#1"},"south":{"uv":[5.25,2.75,5.5,3.0],"tintindex":0,"rotation":0,"texture":"#1"},"north":{"uv":[4.5,5.125,4.75,5.375],"tintindex":0,"rotation":0,"texture":"#1"},"west":{"uv":[3.125,2.75,4.5,3.0],"tintindex":0,"rotation":0,"texture":"#1"},"up":{"uv":[1.875,4.5,1.625,3.125],"tintindex":0,"rotation":0,"texture":"#1"},"down":{"uv":[2.25,3.125,2.0,4.5],"tintindex":0,"rotation":0,"texture":"#1"}},"rotation":{"origin":[9.35,8.0,7.35568],"angle":-45.0,"axis":"z"}},{"from":[8.0,3.9500003,-14.086821],"to":[8.0,12.05,3.0131798],"faces":{"east":{"uv":[0.0,0.0,4.875,2.25],"tintindex":0,"rotation":0,"texture":"#1"},"west":{"uv":[4.875,0.0,0.0,2.25],"tintindex":0,"rotation":0,"texture":"#1"}}},{"from":[6.974595,3.715405,3.92443],"to":[8.234594,4.975405,4.80193],"faces":{"east":{"uv":[3.25,5.125,3.5,5.5],"tintindex":0,"rotation":0,"texture":"#1"},"south":{"uv":[4.875,0.5,5.25,0.875],"tintindex":0,"rotation":0,"texture":"#1"},"north":{"uv":[4.875,0.0,5.25,0.375],"tintindex":0,"rotation":0,"texture":"#1"},"west":{"uv":[3.625,5.125,3.875,5.5],"tintindex":0,"rotation":0,"texture":"#1"},"up":{"uv":[4.375,5.375,4.0,5.125],"tintindex":0,"rotation":0,"texture":"#1"},"down":{"uv":[1.25,5.25,0.875,5.5],"tintindex":0,"rotation":0,"texture":"#1"}},"rotation":{"origin":[6.65,5.3,8.70568],"angle":45.0,"axis":"z"}}],"display":{"head":{"rotation":[0.0,0.0,0.0]},"firstperson_righthand":{"rotation":[0.0,0.0,0.0]},"thirdperson_lefthand":{"rotation":[0.0,-0.0,-0.0]},"firstperson_lefthand":{"rotation":[0.0,-0.0,-0.0]},"fixed":{"rotation":[0.0,0.0,0.0]},"ground":{"rotation":[0.0,0.0,0.0]},"thirdperson_righthand":{"rotation":[0.0,0.0,0.0]},"gui":{"rotation":[-150.0,-45.0,180.0]}}}