{"textures":{"0":"modelengine:entity/1bit_elite_piglin","particle":"#0"},"elements":[{"from":[5.0,7.3999996,2.3000002],"to":[6.0,9.4,3.3000002],"faces":{"east":{"uv":[4.375,6.375,4.25,6.625],"tintindex":0,"rotation":0,"texture":"#0"},"south":{"uv":[4.75,5.0,4.625,5.25],"tintindex":0,"rotation":0,"texture":"#0"},"north":{"uv":[4.5,1.5,4.375,1.75],"tintindex":0,"rotation":0,"texture":"#0"},"west":{"uv":[4.75,1.5,4.625,1.75],"tintindex":0,"rotation":0,"texture":"#0"},"up":{"uv":[5.625,1.375,5.75,1.25],"tintindex":0,"rotation":0,"texture":"#0"},"down":{"uv":[5.875,1.25,6.0,1.375],"tintindex":0,"rotation":0,"texture":"#0"}}},{"from":[2.75,7.1499996,3.0500002],"to":[13.25,16.65,13.55],"faces":{"east":{"uv":[0.0,6.75,1.25,7.875],"tintindex":0,"rotation":0,"texture":"#0"},"south":{"uv":[6.75,1.25,8.0,2.375],"tintindex":0,"rotation":0,"texture":"#0"},"north":{"uv":[6.0,6.625,7.25,7.75],"tintindex":0,"rotation":0,"texture":"#0"},"west":{"uv":[6.75,2.5,8.0,3.625],"tintindex":0,"rotation":0,"texture":"#0"},"up":{"uv":[4.5,6.25,3.25,5.0],"tintindex":0,"rotation":0,"texture":"#0"},"down":{"uv":[5.875,5.375,4.625,6.625],"tintindex":0,"rotation":0,"texture":"#0"}}},{"from":[3.0,7.3999996,3.3000002],"to":[13.0,16.4,13.3],"faces":{"east":{"uv":[6.25,4.0,7.5,5.125],"tintindex":0,"rotation":0,"texture":"#0"},"south":{"uv":[1.5,6.375,2.75,7.5],"tintindex":0,"rotation":0,"texture":"#0"},"north":{"uv":[6.0,5.375,7.25,6.5],"tintindex":0,"rotation":0,"texture":"#0"},"west":{"uv":[2.875,6.375,4.125,7.5],"tintindex":0,"rotation":0,"texture":"#0"},"up":{"uv":[6.125,5.25,4.875,4.0],"tintindex":0,"rotation":0,"texture":"#0"},"down":{"uv":[3.125,5.0,1.875,6.25],"tintindex":0,"rotation":0,"texture":"#0"}}},{"from":[10.0,7.3999996,2.3000002],"to":[11.0,9.4,3.3000002],"faces":{"east":{"uv":[4.625,1.5,4.75,1.75],"tintindex":0,"rotation":0,"texture":"#0"},"south":{"uv":[4.625,5.0,4.75,5.25],"tintindex":0,"rotation":0,"texture":"#0"},"north":{"uv":[4.375,1.5,4.5,1.75],"tintindex":0,"rotation":0,"texture":"#0"},"west":{"uv":[4.25,6.375,4.375,6.625],"tintindex":0,"rotation":0,"texture":"#0"},"up":{"uv":[5.75,1.375,5.625,1.25],"tintindex":0,"rotation":0,"texture":"#0"},"down":{"uv":[6.0,1.25,5.875,1.375],"tintindex":0,"rotation":0,"texture":"#0"}}}],"display":{"head":{"rotation":[0.0,0.0,0.0]},"firstperson_righthand":{"rotation":[0.0,0.0,0.0]},"thirdperson_lefthand":{"rotation":[0.0,-0.0,-0.0]},"firstperson_lefthand":{"rotation":[0.0,-0.0,-0.0]},"fixed":{"rotation":[0.0,0.0,0.0]},"ground":{"rotation":[0.0,0.0,0.0]},"thirdperson_righthand":{"rotation":[0.0,0.0,0.0]},"gui":{"rotation":[-150.0,-45.0,180.0]}}}