{"textures":{"0":"modelengine:entity/1bit_elite_piglin","particle":"#0"},"elements":[{"from":[5.775,0.275,4.525],"to":[9.725,8.225,9.475],"faces":{"east":{"uv":[4.625,8.0,4.0,9.0],"tintindex":0,"rotation":0,"texture":"#0"},"south":{"uv":[5.25,8.0,4.75,9.0],"tintindex":0,"rotation":0,"texture":"#0"},"north":{"uv":[5.875,6.75,5.375,7.75],"tintindex":0,"rotation":0,"texture":"#0"},"west":{"uv":[0.625,8.0,0.0,9.0],"tintindex":0,"rotation":0,"texture":"#0"},"up":{"uv":[3.125,10.0,3.625,9.375],"tintindex":0,"rotation":0,"texture":"#0"},"down":{"uv":[8.125,9.375,8.625,10.0],"tintindex":0,"rotation":0,"texture":"#0"}}},{"from":[5.5,0.0,4.25],"to":[10.0,8.5,9.75],"faces":{"east":{"uv":[8.75,2.375,8.125,3.375],"tintindex":0,"rotation":0,"texture":"#0"},"south":{"uv":[6.5,8.875,6.0,9.875],"tintindex":0,"rotation":0,"texture":"#0"},"north":{"uv":[5.875,8.875,5.375,9.875],"tintindex":0,"rotation":0,"texture":"#0"},"west":{"uv":[8.75,1.25,8.125,2.25],"tintindex":0,"rotation":0,"texture":"#0"},"up":{"uv":[6.625,10.125,7.125,9.5],"tintindex":0,"rotation":0,"texture":"#0"},"down":{"uv":[7.25,9.5,7.75,10.125],"tintindex":0,"rotation":0,"texture":"#0"}}}],"display":{"head":{"rotation":[0.0,0.0,0.0]},"firstperson_righthand":{"rotation":[0.0,0.0,0.0]},"thirdperson_lefthand":{"rotation":[0.0,-0.0,-0.0]},"firstperson_lefthand":{"rotation":[0.0,-0.0,-0.0]},"fixed":{"rotation":[0.0,0.0,0.0]},"ground":{"rotation":[0.0,0.0,0.0]},"thirdperson_righthand":{"rotation":[0.0,0.0,0.0]},"gui":{"rotation":[-150.0,-45.0,180.0]}}}