{"textures":{"0":"modelengine:entity/1bit_elite_piglin","particle":"#0"},"elements":[{"from":[4.5,1.75,6.25],"to":[11.0,7.25,13.75],"faces":{"east":{"uv":[9.75,2.375,8.875,3.0],"tintindex":0,"rotation":0,"texture":"#0"},"south":{"uv":[10.0,6.125,9.25,6.75],"tintindex":0,"rotation":0,"texture":"#0"},"north":{"uv":[10.0,5.375,9.25,6.0],"tintindex":0,"rotation":0,"texture":"#0"},"west":{"uv":[9.75,1.625,8.875,2.25],"tintindex":0,"rotation":0,"texture":"#0"},"up":{"uv":[5.375,8.75,6.125,7.875],"tintindex":0,"rotation":0,"texture":"#0"},"down":{"uv":[6.25,7.875,7.0,8.75],"tintindex":0,"rotation":0,"texture":"#0"}}},{"from":[4.75,2.0,6.5],"to":[10.75,7.0,13.5],"faces":{"east":{"uv":[9.75,0.875,8.875,1.5],"tintindex":0,"rotation":0,"texture":"#0"},"south":{"uv":[10.0,4.625,9.25,5.25],"tintindex":0,"rotation":0,"texture":"#0"},"north":{"uv":[10.0,3.875,9.25,4.5],"tintindex":0,"rotation":0,"texture":"#0"},"west":{"uv":[8.0,8.75,7.125,9.375],"tintindex":0,"rotation":0,"texture":"#0"},"up":{"uv":[7.625,4.625,8.375,3.75],"tintindex":0,"rotation":0,"texture":"#0"},"down":{"uv":[7.375,7.75,8.125,8.625],"tintindex":0,"rotation":0,"texture":"#0"}}}],"display":{"head":{"rotation":[0.0,0.0,0.0]},"firstperson_righthand":{"rotation":[0.0,0.0,0.0]},"thirdperson_lefthand":{"rotation":[0.0,-0.0,-0.0]},"firstperson_lefthand":{"rotation":[0.0,-0.0,-0.0]},"fixed":{"rotation":[0.0,0.0,0.0]},"ground":{"rotation":[0.0,0.0,0.0]},"thirdperson_righthand":{"rotation":[0.0,0.0,0.0]},"gui":{"rotation":[-150.0,-45.0,180.0]}}}