{"textures":{"0":"modelengine:entity/1bit_elite_piglin","particle":"#0"},"elements":[{"from":[4.75,3.0,5.5],"to":[8.75,10.0,10.5],"faces":{"east":{"uv":[9.125,4.5,8.5,5.375],"tintindex":0,"rotation":0,"texture":"#0"},"south":{"uv":[5.125,9.125,4.625,10.0],"tintindex":0,"rotation":0,"texture":"#0"},"north":{"uv":[0.5,9.125,0.0,10.0],"tintindex":0,"rotation":0,"texture":"#0"},"west":{"uv":[9.125,3.5,8.5,4.375],"tintindex":0,"rotation":0,"texture":"#0"},"up":{"uv":[0.625,10.0,1.125,9.375],"tintindex":0,"rotation":0,"texture":"#0"},"down":{"uv":[1.25,9.375,1.75,10.0],"tintindex":0,"rotation":0,"texture":"#0"}}},{"from":[4.5,2.75,5.25],"to":[9.0,10.25,10.75],"faces":{"east":{"uv":[9.125,6.5,8.5,7.375],"tintindex":0,"rotation":0,"texture":"#0"},"south":{"uv":[9.75,9.25,9.25,10.125],"tintindex":0,"rotation":0,"texture":"#0"},"north":{"uv":[9.75,8.25,9.25,9.125],"tintindex":0,"rotation":0,"texture":"#0"},"west":{"uv":[9.125,5.5,8.5,6.375],"tintindex":0,"rotation":0,"texture":"#0"},"up":{"uv":[1.875,10.0,2.375,9.375],"tintindex":0,"rotation":0,"texture":"#0"},"down":{"uv":[2.5,9.375,3.0,10.0],"tintindex":0,"rotation":0,"texture":"#0"}}}],"display":{"head":{"rotation":[0.0,0.0,0.0]},"firstperson_righthand":{"rotation":[0.0,0.0,0.0]},"thirdperson_lefthand":{"rotation":[0.0,-0.0,-0.0]},"firstperson_lefthand":{"rotation":[0.0,-0.0,-0.0]},"fixed":{"rotation":[0.0,0.0,0.0]},"ground":{"rotation":[0.0,0.0,0.0]},"thirdperson_righthand":{"rotation":[0.0,0.0,0.0]},"gui":{"rotation":[-150.0,-45.0,180.0]}}}