{"textures":{"0":"modelengine:entity/1bit_elite_piglin","particle":"#0"},"elements":[{"from":[6.0,8.0,7.5],"to":[10.0,12.0,8.5],"faces":{"east":{"uv":[6.625,8.875,6.75,9.375],"tintindex":0,"rotation":0,"texture":"#0"},"south":{"uv":[9.25,6.875,9.75,7.375],"tintindex":0,"rotation":0,"texture":"#0"},"north":{"uv":[0.75,8.0,1.25,8.5],"tintindex":0,"rotation":0,"texture":"#0"},"west":{"uv":[6.875,8.875,7.0,9.375],"tintindex":0,"rotation":0,"texture":"#0"},"up":{"uv":[4.25,1.625,3.75,1.5],"tintindex":0,"rotation":0,"texture":"#0"},"down":{"uv":[4.25,1.75,3.75,1.875],"tintindex":0,"rotation":0,"texture":"#0"}}}],"display":{"head":{"rotation":[0.0,0.0,0.0]},"firstperson_righthand":{"rotation":[0.0,0.0,0.0]},"thirdperson_lefthand":{"rotation":[0.0,-0.0,-0.0]},"firstperson_lefthand":{"rotation":[0.0,-0.0,-0.0]},"fixed":{"rotation":[0.0,0.0,0.0]},"ground":{"rotation":[0.0,0.0,0.0]},"thirdperson_righthand":{"rotation":[0.0,0.0,0.0]},"gui":{"rotation":[-150.0,-45.0,180.0]}}}