{"textures":{"0":"modelengine:entity/1bit_elite_piglin","particle":"#0"},"elements":[{"from":[5.25,2.0,6.5],"to":[11.25,7.0,13.5],"faces":{"east":{"uv":[7.125,8.75,8.0,9.375],"tintindex":0,"rotation":0,"texture":"#0"},"south":{"uv":[9.25,4.625,10.0,5.25],"tintindex":0,"rotation":0,"texture":"#0"},"north":{"uv":[9.25,3.875,10.0,4.5],"tintindex":0,"rotation":0,"texture":"#0"},"west":{"uv":[8.875,0.875,9.75,1.5],"tintindex":0,"rotation":0,"texture":"#0"},"up":{"uv":[8.375,4.625,7.625,3.75],"tintindex":0,"rotation":0,"texture":"#0"},"down":{"uv":[8.125,7.75,7.375,8.625],"tintindex":0,"rotation":0,"texture":"#0"}}},{"from":[5.0,1.75,6.25],"to":[11.5,7.25,13.75],"faces":{"east":{"uv":[8.875,1.625,9.75,2.25],"tintindex":0,"rotation":0,"texture":"#0"},"south":{"uv":[9.25,6.125,10.0,6.75],"tintindex":0,"rotation":0,"texture":"#0"},"north":{"uv":[9.25,5.375,10.0,6.0],"tintindex":0,"rotation":0,"texture":"#0"},"west":{"uv":[8.875,2.375,9.75,3.0],"tintindex":0,"rotation":0,"texture":"#0"},"up":{"uv":[6.125,8.75,5.375,7.875],"tintindex":0,"rotation":0,"texture":"#0"},"down":{"uv":[7.0,7.875,6.25,8.75],"tintindex":0,"rotation":0,"texture":"#0"}}}],"display":{"head":{"rotation":[0.0,0.0,0.0]},"firstperson_righthand":{"rotation":[0.0,0.0,0.0]},"thirdperson_lefthand":{"rotation":[0.0,-0.0,-0.0]},"firstperson_lefthand":{"rotation":[0.0,-0.0,-0.0]},"fixed":{"rotation":[0.0,0.0,0.0]},"ground":{"rotation":[0.0,0.0,0.0]},"thirdperson_righthand":{"rotation":[0.0,0.0,0.0]},"gui":{"rotation":[-150.0,-45.0,180.0]}}}