{"textures":{"0":"modelengine:entity/1bit_elite_piglin","particle":"#0"},"elements":[{"from":[7.25,3.0,5.5],"to":[11.25,10.0,10.5],"faces":{"east":{"uv":[8.5,3.5,9.125,4.375],"tintindex":0,"rotation":0,"texture":"#0"},"south":{"uv":[4.625,9.125,5.125,10.0],"tintindex":0,"rotation":0,"texture":"#0"},"north":{"uv":[0.0,9.125,0.5,10.0],"tintindex":0,"rotation":0,"texture":"#0"},"west":{"uv":[8.5,4.5,9.125,5.375],"tintindex":0,"rotation":0,"texture":"#0"},"up":{"uv":[1.125,10.0,0.625,9.375],"tintindex":0,"rotation":0,"texture":"#0"},"down":{"uv":[1.75,9.375,1.25,10.0],"tintindex":0,"rotation":0,"texture":"#0"}}},{"from":[7.0,2.75,5.25],"to":[11.5,10.25,10.75],"faces":{"east":{"uv":[8.5,5.5,9.125,6.375],"tintindex":0,"rotation":0,"texture":"#0"},"south":{"uv":[9.25,9.25,9.75,10.125],"tintindex":0,"rotation":0,"texture":"#0"},"north":{"uv":[9.25,8.25,9.75,9.125],"tintindex":0,"rotation":0,"texture":"#0"},"west":{"uv":[8.5,6.5,9.125,7.375],"tintindex":0,"rotation":0,"texture":"#0"},"up":{"uv":[2.375,10.0,1.875,9.375],"tintindex":0,"rotation":0,"texture":"#0"},"down":{"uv":[3.0,9.375,2.5,10.0],"tintindex":0,"rotation":0,"texture":"#0"}}}],"display":{"head":{"rotation":[0.0,0.0,0.0]},"firstperson_righthand":{"rotation":[0.0,0.0,0.0]},"thirdperson_lefthand":{"rotation":[0.0,-0.0,-0.0]},"firstperson_lefthand":{"rotation":[0.0,-0.0,-0.0]},"fixed":{"rotation":[0.0,0.0,0.0]},"ground":{"rotation":[0.0,0.0,0.0]},"thirdperson_righthand":{"rotation":[0.0,0.0,0.0]},"gui":{"rotation":[-150.0,-45.0,180.0]}}}