{"textures":{"0":"modelengine:entity/1bit_elite_piglin","particle":"#0"},"elements":[{"from":[5.0,3.5,4.5],"to":[11.0,8.5,11.5],"faces":{"east":{"uv":[0.75,8.625,1.625,9.25],"tintindex":0,"rotation":0,"texture":"#0"},"south":{"uv":[3.75,9.125,4.5,9.75],"tintindex":0,"rotation":0,"texture":"#0"},"north":{"uv":[9.125,0.0,9.875,0.625],"tintindex":0,"rotation":0,"texture":"#0"},"west":{"uv":[1.75,8.625,2.625,9.25],"tintindex":0,"rotation":0,"texture":"#0"},"up":{"uv":[2.625,4.875,1.875,4.0],"tintindex":0,"rotation":0,"texture":"#0"},"down":{"uv":[2.125,7.625,1.375,8.5],"tintindex":0,"rotation":0,"texture":"#0"}}},{"from":[4.75,3.25,4.25],"to":[11.25,8.75,11.75],"faces":{"east":{"uv":[2.75,8.625,3.625,9.25],"tintindex":0,"rotation":0,"texture":"#0"},"south":{"uv":[9.25,3.125,10.0,3.75],"tintindex":0,"rotation":0,"texture":"#0"},"north":{"uv":[9.125,7.5,9.875,8.125],"tintindex":0,"rotation":0,"texture":"#0"},"west":{"uv":[8.25,8.625,9.125,9.25],"tintindex":0,"rotation":0,"texture":"#0"},"up":{"uv":[3.0,8.5,2.25,7.625],"tintindex":0,"rotation":0,"texture":"#0"},"down":{"uv":[3.875,7.625,3.125,8.5],"tintindex":0,"rotation":0,"texture":"#0"}}}],"display":{"head":{"rotation":[0.0,0.0,0.0]},"firstperson_righthand":{"rotation":[0.0,0.0,0.0]},"thirdperson_lefthand":{"rotation":[0.0,-0.0,-0.0]},"firstperson_lefthand":{"rotation":[0.0,-0.0,-0.0]},"fixed":{"rotation":[0.0,0.0,0.0]},"ground":{"rotation":[0.0,0.0,0.0]},"thirdperson_righthand":{"rotation":[0.0,0.0,0.0]},"gui":{"rotation":[-150.0,-45.0,180.0]}}}