{"textures":{"0":"modelengine:entity/1bit_elite_piglin","particle":"#0"},"elements":[{"from":[7.5,3.0,5.0],"to":[8.5,9.0,11.0],"faces":{"east":{"uv":[9.0,7.75,8.25,8.5],"tintindex":0,"rotation":0,"texture":"#0"},"south":{"uv":[1.625,5.5,1.5,6.25],"tintindex":0,"rotation":0,"texture":"#0"},"north":{"uv":[2.875,4.0,2.75,4.75],"tintindex":0,"rotation":0,"texture":"#0"},"west":{"uv":[9.0,0.0,8.25,0.75],"tintindex":0,"rotation":0,"texture":"#0"},"up":{"uv":[7.125,8.625,7.25,7.875],"tintindex":0,"rotation":0,"texture":"#0"},"down":{"uv":[8.75,9.375,8.875,10.125],"tintindex":0,"rotation":0,"texture":"#0"}}}],"display":{"head":{"rotation":[0.0,0.0,0.0]},"firstperson_righthand":{"rotation":[0.0,0.0,0.0]},"thirdperson_lefthand":{"rotation":[0.0,-0.0,-0.0]},"firstperson_lefthand":{"rotation":[0.0,-0.0,-0.0]},"fixed":{"rotation":[0.0,0.0,0.0]},"ground":{"rotation":[0.0,0.0,0.0]},"thirdperson_righthand":{"rotation":[0.0,0.0,0.0]},"gui":{"rotation":[-150.0,-45.0,180.0]}}}