{"textures":{"0":"modelengine:entity/1bit_elite_piglin","particle":"#0"},"elements":[{"from":[6.275,0.275,4.525],"to":[10.225,8.225,9.475],"faces":{"east":{"uv":[0.0,8.0,0.625,9.0],"tintindex":0,"rotation":0,"texture":"#0"},"south":{"uv":[4.75,8.0,5.25,9.0],"tintindex":0,"rotation":0,"texture":"#0"},"north":{"uv":[5.375,6.75,5.875,7.75],"tintindex":0,"rotation":0,"texture":"#0"},"west":{"uv":[4.0,8.0,4.625,9.0],"tintindex":0,"rotation":0,"texture":"#0"},"up":{"uv":[3.625,10.0,3.125,9.375],"tintindex":0,"rotation":0,"texture":"#0"},"down":{"uv":[8.625,9.375,8.125,10.0],"tintindex":0,"rotation":0,"texture":"#0"}}},{"from":[6.0,0.0,4.25],"to":[10.5,8.5,9.75],"faces":{"east":{"uv":[8.125,1.25,8.75,2.25],"tintindex":0,"rotation":0,"texture":"#0"},"south":{"uv":[6.0,8.875,6.5,9.875],"tintindex":0,"rotation":0,"texture":"#0"},"north":{"uv":[5.375,8.875,5.875,9.875],"tintindex":0,"rotation":0,"texture":"#0"},"west":{"uv":[8.125,2.375,8.75,3.375],"tintindex":0,"rotation":0,"texture":"#0"},"up":{"uv":[7.125,10.125,6.625,9.5],"tintindex":0,"rotation":0,"texture":"#0"},"down":{"uv":[7.75,9.5,7.25,10.125],"tintindex":0,"rotation":0,"texture":"#0"}}}],"display":{"head":{"rotation":[0.0,0.0,0.0]},"firstperson_righthand":{"rotation":[0.0,0.0,0.0]},"thirdperson_lefthand":{"rotation":[0.0,-0.0,-0.0]},"firstperson_lefthand":{"rotation":[0.0,-0.0,-0.0]},"fixed":{"rotation":[0.0,0.0,0.0]},"ground":{"rotation":[0.0,0.0,0.0]},"thirdperson_righthand":{"rotation":[0.0,0.0,0.0]},"gui":{"rotation":[-150.0,-45.0,180.0]}}}