{"textures":{"0":"modelengine:entity/am_goblin_brute","particle":"#0"},"elements":[{"from":[3.35,7.35,6.85],"to":[12.65,8.65,9.15],"faces":{"east":{"uv":[1.25,3.375,1.5,3.5],"tintindex":0,"rotation":0,"texture":"#0"},"south":{"uv":[8.5,8.25,9.625,8.375],"tintindex":0,"rotation":0,"texture":"#0"},"north":{"uv":[7.75,4.125,8.875,4.25],"tintindex":0,"rotation":0,"texture":"#0"},"west":{"uv":[1.5,3.375,1.75,3.5],"tintindex":0,"rotation":0,"texture":"#0"},"up":{"uv":[9.625,8.25,8.5,8.0],"tintindex":0,"rotation":0,"texture":"#0"},"down":{"uv":[9.375,8.5,8.25,8.75],"tintindex":0,"rotation":0,"texture":"#0"}}}],"display":{"head":{"rotation":[0.0,0.0,0.0]},"firstperson_righthand":{"rotation":[0.0,0.0,0.0]},"thirdperson_lefthand":{"rotation":[0.0,-0.0,-0.0]},"firstperson_lefthand":{"rotation":[0.0,-0.0,-0.0]},"fixed":{"rotation":[0.0,0.0,0.0]},"ground":{"rotation":[0.0,0.0,0.0]},"thirdperson_righthand":{"rotation":[0.0,0.0,0.0]},"gui":{"rotation":[-150.0,-45.0,180.0]}}}