{"textures":{"0":"modelengine:entity/am_goblin_brute","particle":"#0"},"elements":[{"from":[6.5,9.5,-5.5],"to":[9.5,12.5,0.5],"faces":{"east":{"uv":[8.5,7.25,9.25,7.625],"tintindex":0,"rotation":0,"texture":"#0"},"south":{"uv":[4.75,6.875,5.125,7.25],"tintindex":0,"rotation":0,"texture":"#0"},"north":{"uv":[6.375,1.625,6.75,2.0],"tintindex":0,"rotation":0,"texture":"#0"},"west":{"uv":[8.5,7.625,9.25,8.0],"tintindex":0,"rotation":0,"texture":"#0"},"up":{"uv":[6.375,0.75,6.0,0.0],"tintindex":0,"rotation":0,"texture":"#0"},"down":{"uv":[8.25,8.5,7.875,9.25],"tintindex":0,"rotation":0,"texture":"#0"}}},{"from":[3.51,9.51,-0.49],"to":[12.49,14.49,10.49],"faces":{"east":{"uv":[5.5,4.875,6.875,5.5],"tintindex":0,"rotation":0,"texture":"#0"},"south":{"uv":[7.5,4.875,8.625,5.5],"tintindex":0,"rotation":0,"texture":"#0"},"north":{"uv":[7.5,4.25,8.625,4.875],"tintindex":0,"rotation":0,"texture":"#0"},"west":{"uv":[5.5,5.5,6.875,6.125],"tintindex":0,"rotation":0,"texture":"#0"},"up":{"uv":[1.125,2.625,0.0,1.25],"tintindex":0,"rotation":0,"texture":"#0"},"down":{"uv":[2.25,1.25,1.125,2.625],"tintindex":0,"rotation":0,"texture":"#0"}}},{"from":[3.5,5.5,5.5],"to":[12.5,9.5,10.5],"faces":{"east":{"uv":[0.0,7.375,0.625,7.875],"tintindex":0,"rotation":0,"texture":"#0"},"south":{"uv":[7.75,3.125,8.875,3.625],"tintindex":0,"rotation":0,"texture":"#0"},"north":{"uv":[2.875,7.625,4.0,8.125],"tintindex":0,"rotation":0,"texture":"#0"},"west":{"uv":[8.5,6.75,9.125,7.25],"tintindex":0,"rotation":0,"texture":"#0"},"up":{"uv":[8.5,0.625,7.375,0.0],"tintindex":0,"rotation":0,"texture":"#0"},"down":{"uv":[8.5,0.625,7.375,1.25],"tintindex":0,"rotation":0,"texture":"#0"}}},{"from":[6.5,7.5,-5.5],"to":[9.5,9.5,-2.5],"faces":{"east":{"uv":[5.25,0.875,5.625,1.125],"tintindex":0,"rotation":0,"texture":"#0"},"south":{"uv":[5.625,2.0,6.0,2.25],"tintindex":0,"rotation":0,"texture":"#0"},"north":{"uv":[4.875,0.875,5.25,1.125],"tintindex":0,"rotation":0,"texture":"#0"},"west":{"uv":[6.125,3.75,6.5,4.0],"tintindex":0,"rotation":0,"texture":"#0"},"up":{"uv":[3.25,7.5,2.875,7.125],"tintindex":0,"rotation":0,"texture":"#0"},"down":{"uv":[7.5,4.25,7.125,4.625],"tintindex":0,"rotation":0,"texture":"#0"}}}],"display":{"head":{"rotation":[0.0,0.0,0.0]},"firstperson_righthand":{"rotation":[0.0,0.0,0.0]},"thirdperson_lefthand":{"rotation":[0.0,-0.0,-0.0]},"firstperson_lefthand":{"rotation":[0.0,-0.0,-0.0]},"fixed":{"rotation":[0.0,0.0,0.0]},"ground":{"rotation":[0.0,0.0,0.0]},"thirdperson_righthand":{"rotation":[0.0,0.0,0.0]},"gui":{"rotation":[-150.0,-45.0,180.0]}}}