{"textures":{"0":"modelengine:entity/am_goblin_brute","particle":"#0"},"elements":[{"from":[3.51,4.01,1.01],"to":[12.49,7.99,7.99],"faces":{"east":{"uv":[2.875,8.125,3.75,8.625],"tintindex":0,"rotation":0,"texture":"#0"},"south":{"uv":[0.0,7.875,1.125,8.375],"tintindex":0,"rotation":0,"texture":"#0"},"north":{"uv":[7.75,3.625,8.875,4.125],"tintindex":0,"rotation":0,"texture":"#0"},"west":{"uv":[6.75,8.125,7.625,8.625],"tintindex":0,"rotation":0,"texture":"#0"},"up":{"uv":[6.0,0.875,4.875,0.0],"tintindex":0,"rotation":0,"texture":"#0"},"down":{"uv":[6.125,2.25,5.0,3.125],"tintindex":0,"rotation":0,"texture":"#0"}}},{"from":[3.5,8.0,1.0],"to":[12.5,11.0,8.0],"faces":{"east":{"uv":[0.0,8.375,0.875,8.75],"tintindex":0,"rotation":0,"texture":"#0"},"south":{"uv":[1.75,8.25,2.875,8.625],"tintindex":0,"rotation":0,"texture":"#0"},"north":{"uv":[7.875,2.75,9.0,3.125],"tintindex":0,"rotation":0,"texture":"#0"},"west":{"uv":[5.625,8.375,6.5,8.75],"tintindex":0,"rotation":0,"texture":"#0"},"up":{"uv":[6.125,4.0,5.0,3.125],"tintindex":0,"rotation":0,"texture":"#0"},"down":{"uv":[6.625,4.0,5.5,4.875],"tintindex":0,"rotation":0,"texture":"#0"}}}],"display":{"head":{"rotation":[0.0,0.0,0.0]},"firstperson_righthand":{"rotation":[0.0,0.0,0.0]},"thirdperson_lefthand":{"rotation":[0.0,-0.0,-0.0]},"firstperson_lefthand":{"rotation":[0.0,-0.0,-0.0]},"fixed":{"rotation":[0.0,0.0,0.0]},"ground":{"rotation":[0.0,0.0,0.0]},"thirdperson_righthand":{"rotation":[0.0,0.0,0.0]},"gui":{"rotation":[-150.0,-45.0,180.0]}}}