{"textures":{"0":"modelengine:entity/am_goblin_brute","particle":"#0"},"elements":[{"from":[5.5,-1.0,5.0],"to":[10.5,8.0,11.0],"faces":{"east":{"uv":[6.125,2.0,6.875,3.125],"tintindex":0,"rotation":0,"texture":"#0"},"south":{"uv":[7.25,5.875,7.875,7.0],"tintindex":0,"rotation":0,"texture":"#0"},"north":{"uv":[5.375,7.25,6.0,8.375],"tintindex":0,"rotation":0,"texture":"#0"},"west":{"uv":[5.25,6.125,6.0,7.25],"tintindex":0,"rotation":0,"texture":"#0"},"up":{"uv":[8.5,6.25,7.875,5.5],"tintindex":0,"rotation":0,"texture":"#0"},"down":{"uv":[8.5,6.25,7.875,7.0],"tintindex":0,"rotation":0,"texture":"#0"}}},{"from":[5.2,-1.3,4.7],"to":[10.8,8.3,11.3],"faces":{"east":{"uv":[6.0,6.125,6.75,7.25],"tintindex":0,"rotation":0,"texture":"#0"},"south":{"uv":[7.25,7.0,7.875,8.125],"tintindex":0,"rotation":0,"texture":"#0"},"north":{"uv":[6.0,7.25,6.625,8.375],"tintindex":0,"rotation":0,"texture":"#0"},"west":{"uv":[0.0,6.25,0.75,7.375],"tintindex":0,"rotation":0,"texture":"#0"},"up":{"uv":[8.5,7.75,7.875,7.0],"tintindex":0,"rotation":0,"texture":"#0"},"down":{"uv":[8.5,7.75,7.875,8.5],"tintindex":0,"rotation":0,"texture":"#0"}}}],"display":{"head":{"rotation":[0.0,0.0,0.0]},"firstperson_righthand":{"rotation":[0.0,0.0,0.0]},"thirdperson_lefthand":{"rotation":[0.0,-0.0,-0.0]},"firstperson_lefthand":{"rotation":[0.0,-0.0,-0.0]},"fixed":{"rotation":[0.0,0.0,0.0]},"ground":{"rotation":[0.0,0.0,0.0]},"thirdperson_righthand":{"rotation":[0.0,0.0,0.0]},"gui":{"rotation":[-150.0,-45.0,180.0]}}}