{"textures":{"0":"modelengine:entity/am_goblin_brute","particle":"#0"},"elements":[{"from":[4.0,-3.5,5.5],"to":[8.0,9.5,10.5],"faces":{"east":{"uv":[0.0,4.625,0.625,6.25],"tintindex":0,"rotation":0,"texture":"#0"},"south":{"uv":[6.625,3.125,7.125,4.75],"tintindex":0,"rotation":0,"texture":"#0"},"north":{"uv":[6.375,0.0,6.875,1.625],"tintindex":0,"rotation":0,"texture":"#0"},"west":{"uv":[0.625,4.625,1.25,6.25],"tintindex":0,"rotation":0,"texture":"#0"},"up":{"uv":[9.0,2.125,8.5,1.5],"tintindex":0,"rotation":0,"texture":"#0"},"down":{"uv":[9.0,2.125,8.5,2.75],"tintindex":0,"rotation":0,"texture":"#0"}}},{"from":[3.7,-3.8,5.2],"to":[8.3,9.8,10.8],"faces":{"east":{"uv":[1.25,4.625,1.875,6.25],"tintindex":0,"rotation":0,"texture":"#0"},"south":{"uv":[6.875,0.0,7.375,1.625],"tintindex":0,"rotation":0,"texture":"#0"},"north":{"uv":[6.75,6.125,7.25,7.75],"tintindex":0,"rotation":0,"texture":"#0"},"west":{"uv":[1.875,4.625,2.5,6.25],"tintindex":0,"rotation":0,"texture":"#0"},"up":{"uv":[9.0,6.125,8.5,5.5],"tintindex":0,"rotation":0,"texture":"#0"},"down":{"uv":[9.0,6.125,8.5,6.75],"tintindex":0,"rotation":0,"texture":"#0"}}}],"display":{"head":{"rotation":[0.0,0.0,0.0]},"firstperson_righthand":{"rotation":[0.0,0.0,0.0]},"thirdperson_lefthand":{"rotation":[0.0,-0.0,-0.0]},"firstperson_lefthand":{"rotation":[0.0,-0.0,-0.0]},"fixed":{"rotation":[0.0,0.0,0.0]},"ground":{"rotation":[0.0,0.0,0.0]},"thirdperson_righthand":{"rotation":[0.0,0.0,0.0]},"gui":{"rotation":[-150.0,-45.0,180.0]}}}