{"textures":{"0":"modelengine:entity/am_goblin_brute","particle":"#0"},"elements":[{"from":[7.0,5.49,8.0],"to":[15.0,11.49,8.0],"faces":{"south":{"uv":[6.875,1.625,7.875,2.375],"tintindex":0,"rotation":0,"texture":"#0"},"north":{"uv":[1.25,2.625,2.25,3.375],"tintindex":0,"rotation":0,"texture":"#0"}}}],"display":{"head":{"rotation":[0.0,0.0,0.0]},"firstperson_righthand":{"rotation":[0.0,0.0,0.0]},"thirdperson_lefthand":{"rotation":[0.0,-0.0,-0.0]},"firstperson_lefthand":{"rotation":[0.0,-0.0,-0.0]},"fixed":{"rotation":[0.0,0.0,0.0]},"ground":{"rotation":[0.0,0.0,0.0]},"thirdperson_righthand":{"rotation":[0.0,0.0,0.0]},"gui":{"rotation":[-150.0,-45.0,180.0]}}}