{"textures":{"0":"modelengine:entity/am_goblin_brute","particle":"#0"},"elements":[{"from":[8.0,-3.5,5.5],"to":[12.0,9.5,10.5],"faces":{"east":{"uv":[3.75,3.0,4.375,4.625],"tintindex":0,"rotation":0,"texture":"#0"},"south":{"uv":[0.75,6.25,1.25,7.875],"tintindex":0,"rotation":0,"texture":"#0"},"north":{"uv":[3.25,6.0,3.75,7.625],"tintindex":0,"rotation":0,"texture":"#0"},"west":{"uv":[2.5,4.375,3.125,6.0],"tintindex":0,"rotation":0,"texture":"#0"},"up":{"uv":[5.5,4.625,5.0,4.0],"tintindex":0,"rotation":0,"texture":"#0"},"down":{"uv":[6.625,3.125,6.125,3.75],"tintindex":0,"rotation":0,"texture":"#0"}}},{"from":[7.7,-3.8,5.2],"to":[12.3,9.8,10.8],"faces":{"east":{"uv":[4.375,3.0,5.0,4.625],"tintindex":0,"rotation":0,"texture":"#0"},"south":{"uv":[1.75,6.25,2.25,7.875],"tintindex":0,"rotation":0,"texture":"#0"},"north":{"uv":[1.25,6.25,1.75,7.875],"tintindex":0,"rotation":0,"texture":"#0"},"west":{"uv":[3.125,4.375,3.75,6.0],"tintindex":0,"rotation":0,"texture":"#0"},"up":{"uv":[9.0,0.875,8.5,0.25],"tintindex":0,"rotation":0,"texture":"#0"},"down":{"uv":[9.0,0.875,8.5,1.5],"tintindex":0,"rotation":0,"texture":"#0"}}}],"display":{"head":{"rotation":[0.0,0.0,0.0]},"firstperson_righthand":{"rotation":[0.0,0.0,0.0]},"thirdperson_lefthand":{"rotation":[0.0,-0.0,-0.0]},"firstperson_lefthand":{"rotation":[0.0,-0.0,-0.0]},"fixed":{"rotation":[0.0,0.0,0.0]},"ground":{"rotation":[0.0,0.0,0.0]},"thirdperson_righthand":{"rotation":[0.0,0.0,0.0]},"gui":{"rotation":[-150.0,-45.0,180.0]}}}