{"textures":{"0":"modelengine:entity/am_goblin_brute","particle":"#0"},"elements":[{"from":[5.2,-1.3,4.7],"to":[10.8,8.3,11.3],"faces":{"east":{"uv":[4.5,5.75,5.25,6.875],"tintindex":0,"rotation":0,"texture":"#0"},"south":{"uv":[4.75,7.25,5.375,8.375],"tintindex":0,"rotation":0,"texture":"#0"},"north":{"uv":[7.125,3.125,7.75,4.25],"tintindex":0,"rotation":0,"texture":"#0"},"west":{"uv":[2.5,6.0,3.25,7.125],"tintindex":0,"rotation":0,"texture":"#0"},"up":{"uv":[8.5,2.0,7.875,1.25],"tintindex":0,"rotation":0,"texture":"#0"},"down":{"uv":[8.5,2.0,7.875,2.75],"tintindex":0,"rotation":0,"texture":"#0"}}},{"from":[5.5,-1.0,5.0],"to":[10.5,8.0,11.0],"faces":{"east":{"uv":[5.625,0.875,6.375,2.0],"tintindex":0,"rotation":0,"texture":"#0"},"south":{"uv":[2.25,7.125,2.875,8.25],"tintindex":0,"rotation":0,"texture":"#0"},"north":{"uv":[6.875,4.75,7.5,5.875],"tintindex":0,"rotation":0,"texture":"#0"},"west":{"uv":[3.75,5.75,4.5,6.875],"tintindex":0,"rotation":0,"texture":"#0"},"up":{"uv":[4.75,8.375,4.125,7.625],"tintindex":0,"rotation":0,"texture":"#0"},"down":{"uv":[1.75,7.875,1.125,8.625],"tintindex":0,"rotation":0,"texture":"#0"}}}],"display":{"head":{"rotation":[0.0,0.0,0.0]},"firstperson_righthand":{"rotation":[0.0,0.0,0.0]},"thirdperson_lefthand":{"rotation":[0.0,-0.0,-0.0]},"firstperson_lefthand":{"rotation":[0.0,-0.0,-0.0]},"fixed":{"rotation":[0.0,0.0,0.0]},"ground":{"rotation":[0.0,0.0,0.0]},"thirdperson_righthand":{"rotation":[0.0,0.0,0.0]},"gui":{"rotation":[-150.0,-45.0,180.0]}}}