{"textures":{"0":"modelengine:entity/am_goblin_brute","particle":"#0"},"elements":[{"from":[3.0,8.4,4.5],"to":[13.0,17.4,11.5],"faces":{"east":{"uv":[4.0,0.0,4.875,1.125],"tintindex":0,"rotation":0,"texture":"#0"},"south":{"uv":[2.25,2.375,3.5,3.5],"tintindex":0,"rotation":0,"texture":"#0"},"north":{"uv":[2.25,1.25,3.5,2.375],"tintindex":0,"rotation":0,"texture":"#0"},"west":{"uv":[3.75,4.625,4.625,5.75],"tintindex":0,"rotation":0,"texture":"#0"},"up":{"uv":[4.75,2.125,3.5,1.25],"tintindex":0,"rotation":0,"texture":"#0"},"down":{"uv":[4.75,2.125,3.5,3.0],"tintindex":0,"rotation":0,"texture":"#0"}}},{"from":[2.7,8.099999,4.2],"to":[13.3,17.699999,11.8],"faces":{"east":{"uv":[4.625,4.625,5.5,5.75],"tintindex":0,"rotation":0,"texture":"#0"},"south":{"uv":[1.25,3.5,2.5,4.625],"tintindex":0,"rotation":0,"texture":"#0"},"north":{"uv":[0.0,2.625,1.25,3.75],"tintindex":0,"rotation":0,"texture":"#0"},"west":{"uv":[4.75,1.125,5.625,2.25],"tintindex":0,"rotation":0,"texture":"#0"},"up":{"uv":[3.75,4.375,2.5,3.5],"tintindex":0,"rotation":0,"texture":"#0"},"down":{"uv":[1.25,3.75,0.0,4.625],"tintindex":0,"rotation":0,"texture":"#0"}}}],"display":{"head":{"rotation":[0.0,0.0,0.0]},"firstperson_righthand":{"rotation":[0.0,0.0,0.0]},"thirdperson_lefthand":{"rotation":[0.0,-0.0,-0.0]},"firstperson_lefthand":{"rotation":[0.0,-0.0,-0.0]},"fixed":{"rotation":[0.0,0.0,0.0]},"ground":{"rotation":[0.0,0.0,0.0]},"thirdperson_righthand":{"rotation":[0.0,0.0,0.0]},"gui":{"rotation":[-150.0,-45.0,180.0]}}}