{"textures":{"0":"modelengine:entity/am_goblin_brute","particle":"#0"},"elements":[{"from":[7.75,6.75,-9.75],"to":[8.25,9.25,6.25],"faces":{"east":{"uv":[0.0,0.0,4.0,0.625],"tintindex":0,"rotation":0,"texture":"#0"},"south":{"uv":[4.75,2.25,4.875,2.875],"tintindex":0,"rotation":0,"texture":"#0"},"north":{"uv":[4.75,2.25,4.875,2.875],"tintindex":0,"rotation":0,"texture":"#0"},"west":{"uv":[0.0,0.625,4.0,1.25],"tintindex":0,"rotation":0,"texture":"#0"},"up":{"uv":[6.75,11.25,6.625,7.25],"tintindex":0,"rotation":0,"texture":"#0"},"down":{"uv":[4.125,7.625,4.0,11.625],"tintindex":0,"rotation":0,"texture":"#0"}}},{"from":[7.5,7.5,5.25],"to":[8.5,8.5,11.25],"faces":{"east":{"uv":[4.125,8.375,5.625,8.625],"tintindex":0,"rotation":0,"texture":"#0"},"south":{"uv":[3.5,3.25,3.75,3.5],"tintindex":0,"rotation":0,"texture":"#0"},"north":{"uv":[3.5,3.0,3.75,3.25],"tintindex":0,"rotation":0,"texture":"#0"},"west":{"uv":[8.5,0.0,10.0,0.25],"tintindex":0,"rotation":0,"texture":"#0"},"up":{"uv":[4.0,9.625,3.75,8.125],"tintindex":0,"rotation":0,"texture":"#0"},"down":{"uv":[7.875,8.125,7.625,9.625],"tintindex":0,"rotation":0,"texture":"#0"}}}],"display":{"head":{"rotation":[0.0,0.0,0.0]},"firstperson_righthand":{"rotation":[0.0,0.0,0.0]},"thirdperson_lefthand":{"rotation":[0.0,-0.0,-0.0]},"firstperson_lefthand":{"rotation":[0.0,-0.0,-0.0]},"fixed":{"rotation":[0.0,0.0,0.0]},"ground":{"rotation":[0.0,0.0,0.0]},"thirdperson_righthand":{"rotation":[0.0,0.0,0.0]},"gui":{"rotation":[-150.0,-45.0,180.0]}}}