{"textures":{"0":"modelengine:entity/1bit_elite_baby_piglin_brute_1","particle":"#0"},"elements":[{"from":[4.31,8.059999,5.21],"to":[11.690001,14.540001,10.790001],"faces":{"east":{"uv":[5.375,0.0,6.125,0.875],"tintindex":0,"rotation":0,"texture":"#0"},"south":{"uv":[2.75,5.125,3.75,6.0],"tintindex":0,"rotation":0,"texture":"#0"},"north":{"uv":[4.125,4.5,5.125,5.375],"tintindex":0,"rotation":0,"texture":"#0"},"west":{"uv":[5.5,1.0,6.25,1.875],"tintindex":0,"rotation":0,"texture":"#0"},"up":{"uv":[6.25,4.125,5.25,3.375],"tintindex":0,"rotation":0,"texture":"#0"},"down":{"uv":[6.25,4.25,5.25,5.0],"tintindex":0,"rotation":0,"texture":"#0"}}},{"from":[4.4,8.15,5.3],"to":[11.6,14.450001,10.7],"faces":{"east":{"uv":[5.25,5.125,6.0,6.0],"tintindex":0,"rotation":0,"texture":"#0"},"south":{"uv":[4.125,3.5,5.125,4.375],"tintindex":0,"rotation":0,"texture":"#0"},"north":{"uv":[4.125,2.5,5.125,3.375],"tintindex":0,"rotation":0,"texture":"#0"},"west":{"uv":[0.0,5.375,0.75,6.25],"tintindex":0,"rotation":0,"texture":"#0"},"up":{"uv":[2.375,6.0,1.375,5.25],"tintindex":0,"rotation":0,"texture":"#0"},"down":{"uv":[6.25,2.5,5.25,3.25],"tintindex":0,"rotation":0,"texture":"#0"}}},{"from":[5.3,5.45,5.3],"to":[10.7,8.15,10.7],"faces":{"south":{"uv":[6.5,6.75,7.25,7.125],"tintindex":0,"rotation":0,"texture":"#0"},"north":{"uv":[5.5,2.0,6.25,2.375],"tintindex":0,"rotation":0,"texture":"#0"}}},{"from":[10.7,8.15,10.7],"to":[5.3,5.45,5.3],"faces":{"south":{"uv":[5.5,2.375,6.25,2.0],"tintindex":0,"rotation":0,"texture":"#0"},"north":{"uv":[6.5,7.125,7.25,6.75],"tintindex":0,"rotation":0,"texture":"#0"}}}],"display":{"head":{"rotation":[0.0,0.0,0.0]},"firstperson_righthand":{"rotation":[0.0,0.0,0.0]},"thirdperson_lefthand":{"rotation":[0.0,-0.0,-0.0]},"firstperson_lefthand":{"rotation":[0.0,-0.0,-0.0]},"fixed":{"rotation":[0.0,0.0,0.0]},"ground":{"rotation":[0.0,0.0,0.0]},"thirdperson_righthand":{"rotation":[0.0,0.0,0.0]},"gui":{"rotation":[-150.0,-45.0,180.0]}}}