{"textures":{"1":"modelengine:entity/1bit_elite_baby_piglin_brute_2","particle":"#1"},"elements":[{"from":[8.0,3.5,2.5],"to":[8.0,12.5,11.5],"faces":{"east":{"uv":[4.5,4.5,0.0,0.0],"tintindex":0,"rotation":90,"texture":"#1"},"west":{"uv":[4.5,0.0,0.0,4.5],"tintindex":0,"rotation":90,"texture":"#1"}}},{"from":[3.5,8.0,2.5],"to":[12.5,8.0,11.5],"faces":{"up":{"uv":[0.0,4.5,4.5,0.0],"tintindex":0,"rotation":0,"texture":"#1"},"down":{"uv":[0.0,0.0,4.5,4.5],"tintindex":0,"rotation":0,"texture":"#1"}}}],"display":{"head":{"rotation":[0.0,0.0,0.0]},"firstperson_righthand":{"rotation":[0.0,0.0,0.0]},"thirdperson_lefthand":{"rotation":[0.0,-0.0,-0.0]},"firstperson_lefthand":{"rotation":[0.0,-0.0,-0.0]},"fixed":{"rotation":[0.0,0.0,0.0]},"ground":{"rotation":[0.0,0.0,0.0]},"thirdperson_righthand":{"rotation":[0.0,0.0,0.0]},"gui":{"rotation":[-150.0,-45.0,180.0]}}}