{"textures":{"2":"modelengine:entity/1bit_elite_baby_piglin_brute_3","particle":"#2"},"elements":[{"from":[5.05,7.25,5.5125],"to":[7.05,9.25,6.4875],"faces":{"east":{"uv":[11.5,5.0,11.0,6.0],"tintindex":0,"rotation":0,"texture":"#2"},"south":{"uv":[12.0,2.0,11.0,3.0],"tintindex":0,"rotation":0,"texture":"#2"},"north":{"uv":[2.0,11.0,1.0,12.0],"tintindex":0,"rotation":0,"texture":"#2"},"west":{"uv":[11.5,3.5,11.0,4.5],"tintindex":0,"rotation":0,"texture":"#2"},"up":{"uv":[11.0,7.0,12.0,6.5],"tintindex":0,"rotation":0,"texture":"#2"},"down":{"uv":[10.5,11.5,11.5,12.0],"tintindex":0,"rotation":0,"texture":"#2"}},"rotation":{"origin":[8.05,10.25,5.9875],"angle":-45.0,"axis":"z"}},{"from":[9.5,4.5,2.5],"to":[9.5,12.5,5.5],"faces":{"east":{"uv":[13.5,3.5,12.0,7.5],"tintindex":0,"rotation":0,"texture":"#2"},"south":{"uv":[0.0,4.0,3.5,7.5],"tintindex":0,"rotation":0,"texture":"#2"},"north":{"uv":[0.0,0.0,3.5,3.5],"tintindex":0,"rotation":0,"texture":"#2"},"west":{"uv":[12.0,3.5,13.5,7.5],"tintindex":0,"rotation":0,"texture":"#2"},"up":{"uv":[13.5,8.0,10.0,7.5],"tintindex":0,"rotation":0,"texture":"#2"},"down":{"uv":[13.5,8.5,10.0,9.0],"tintindex":0,"rotation":0,"texture":"#2"}},"rotation":{"origin":[9.5,8.5,5.5],"angle":-22.5,"axis":"y"}},{"from":[8.0,4.5,2.5],"to":[8.0,12.5,5.5],"faces":{"east":{"uv":[13.5,3.5,12.0,7.5],"tintindex":0,"rotation":0,"texture":"#2"},"south":{"uv":[0.0,4.0,3.5,7.5],"tintindex":0,"rotation":0,"texture":"#2"},"north":{"uv":[0.0,0.0,3.5,3.5],"tintindex":0,"rotation":0,"texture":"#2"},"west":{"uv":[12.0,3.5,13.5,7.5],"tintindex":0,"rotation":0,"texture":"#2"},"up":{"uv":[13.5,8.0,10.0,7.5],"tintindex":0,"rotation":0,"texture":"#2"},"down":{"uv":[13.5,8.5,10.0,9.0],"tintindex":0,"rotation":0,"texture":"#2"}}},{"from":[6.5,4.5,2.5],"to":[6.5,12.5,5.5],"faces":{"east":{"uv":[13.5,3.5,12.0,7.5],"tintindex":0,"rotation":0,"texture":"#2"},"south":{"uv":[0.0,4.0,3.5,7.5],"tintindex":0,"rotation":0,"texture":"#2"},"north":{"uv":[0.0,0.0,3.5,3.5],"tintindex":0,"rotation":0,"texture":"#2"},"west":{"uv":[12.0,3.5,13.5,7.5],"tintindex":0,"rotation":0,"texture":"#2"},"up":{"uv":[13.5,8.0,10.0,7.5],"tintindex":0,"rotation":0,"texture":"#2"},"down":{"uv":[13.5,8.5,10.0,9.0],"tintindex":0,"rotation":0,"texture":"#2"}},"rotation":{"origin":[6.5,8.5,5.5],"angle":22.5,"axis":"y"}},{"from":[5.0,1.25,5.5125],"to":[11.0,7.25,6.4875],"faces":{"east":{"uv":[4.0,10.5,4.5,13.5],"tintindex":0,"rotation":0,"texture":"#2"},"south":{"uv":[4.0,3.5,7.0,6.5],"tintindex":0,"rotation":0,"texture":"#2"},"north":{"uv":[4.0,0.0,7.0,3.0],"tintindex":0,"rotation":0,"texture":"#2"},"west":{"uv":[5.0,10.5,5.5,13.5],"tintindex":0,"rotation":0,"texture":"#2"},"up":{"uv":[13.5,10.0,10.5,9.5],"tintindex":0,"rotation":0,"texture":"#2"},"down":{"uv":[13.5,10.5,10.5,11.0],"tintindex":0,"rotation":0,"texture":"#2"}},"rotation":{"origin":[8.0,4.25,5.9875],"angle":-45.0,"axis":"z"}},{"from":[5.0,8.75,5.5125],"to":[11.0,14.75,6.4875],"faces":{"east":{"uv":[6.0,10.5,6.5,13.5],"tintindex":0,"rotation":0,"texture":"#2"},"south":{"uv":[7.5,0.0,10.5,3.0],"tintindex":0,"rotation":0,"texture":"#2"},"north":{"uv":[4.0,7.0,7.0,10.0],"tintindex":0,"rotation":0,"texture":"#2"},"west":{"uv":[0.0,11.0,0.5,14.0],"tintindex":0,"rotation":0,"texture":"#2"},"up":{"uv":[14.0,0.5,11.0,0.0],"tintindex":0,"rotation":0,"texture":"#2"},"down":{"uv":[14.0,1.0,11.0,1.5],"tintindex":0,"rotation":0,"texture":"#2"}},"rotation":{"origin":[8.0,11.75,5.9875],"angle":45.0,"axis":"z"}},{"from":[8.95,5.0,5.5125],"to":[10.95,7.0,6.4875],"faces":{"east":{"uv":[11.0,3.5,11.5,4.5],"tintindex":0,"rotation":0,"texture":"#2"},"south":{"uv":[11.0,2.0,12.0,3.0],"tintindex":0,"rotation":0,"texture":"#2"},"north":{"uv":[1.0,11.0,2.0,12.0],"tintindex":0,"rotation":0,"texture":"#2"},"west":{"uv":[11.0,5.0,11.5,6.0],"tintindex":0,"rotation":0,"texture":"#2"},"up":{"uv":[12.0,7.0,11.0,6.5],"tintindex":0,"rotation":0,"texture":"#2"},"down":{"uv":[11.5,11.5,10.5,12.0],"tintindex":0,"rotation":0,"texture":"#2"}},"rotation":{"origin":[7.95,8.0,5.9875],"angle":45.0,"axis":"z"}},{"from":[8.95,2.75,5.5125],"to":[10.95,4.75,6.4875],"faces":{"east":{"uv":[11.0,3.5,11.5,4.5],"tintindex":0,"rotation":0,"texture":"#2"},"south":{"uv":[11.0,2.0,12.0,3.0],"tintindex":0,"rotation":0,"texture":"#2"},"north":{"uv":[1.0,11.0,2.0,12.0],"tintindex":0,"rotation":0,"texture":"#2"},"west":{"uv":[11.0,5.0,11.5,6.0],"tintindex":0,"rotation":0,"texture":"#2"},"up":{"uv":[12.0,7.0,11.0,6.5],"tintindex":0,"rotation":0,"texture":"#2"},"down":{"uv":[11.5,11.5,10.5,12.0],"tintindex":0,"rotation":0,"texture":"#2"}},"rotation":{"origin":[7.95,5.75,5.9875],"angle":45.0,"axis":"z"}},{"from":[5.05,2.75,5.5125],"to":[7.05,4.75,6.4875],"faces":{"east":{"uv":[11.5,5.0,11.0,6.0],"tintindex":0,"rotation":0,"texture":"#2"},"south":{"uv":[12.0,2.0,11.0,3.0],"tintindex":0,"rotation":0,"texture":"#2"},"north":{"uv":[2.0,11.0,1.0,12.0],"tintindex":0,"rotation":0,"texture":"#2"},"west":{"uv":[11.5,3.5,11.0,4.5],"tintindex":0,"rotation":0,"texture":"#2"},"up":{"uv":[11.0,7.0,12.0,6.5],"tintindex":0,"rotation":0,"texture":"#2"},"down":{"uv":[10.5,11.5,11.5,12.0],"tintindex":0,"rotation":0,"texture":"#2"}},"rotation":{"origin":[8.05,5.75,5.9875],"angle":-45.0,"axis":"z"}},{"from":[8.95,7.25,5.5125],"to":[10.95,9.25,6.4875],"faces":{"east":{"uv":[11.0,3.5,11.5,4.5],"tintindex":0,"rotation":0,"texture":"#2"},"south":{"uv":[11.0,2.0,12.0,3.0],"tintindex":0,"rotation":0,"texture":"#2"},"north":{"uv":[1.0,11.0,2.0,12.0],"tintindex":0,"rotation":0,"texture":"#2"},"west":{"uv":[11.0,5.0,11.5,6.0],"tintindex":0,"rotation":0,"texture":"#2"},"up":{"uv":[12.0,7.0,11.0,6.5],"tintindex":0,"rotation":0,"texture":"#2"},"down":{"uv":[11.5,11.5,10.5,12.0],"tintindex":0,"rotation":0,"texture":"#2"}},"rotation":{"origin":[7.95,10.25,5.9875],"angle":45.0,"axis":"z"}},{"from":[4.5,4.5,5.5],"to":[11.5,11.5,6.5],"faces":{"east":{"uv":[3.0,8.0,3.5,11.5],"tintindex":0,"rotation":0,"texture":"#2"},"south":{"uv":[0.0,4.0,3.5,7.5],"tintindex":0,"rotation":0,"texture":"#2"},"north":{"uv":[0.0,0.0,3.5,3.5],"tintindex":0,"rotation":0,"texture":"#2"},"west":{"uv":[10.0,3.5,10.5,7.0],"tintindex":0,"rotation":0,"texture":"#2"},"up":{"uv":[13.5,8.0,10.0,7.5],"tintindex":0,"rotation":0,"texture":"#2"},"down":{"uv":[13.5,8.5,10.0,9.0],"tintindex":0,"rotation":0,"texture":"#2"}}},{"from":[7.0,5.5,6.5],"to":[9.0,10.5,10.5],"faces":{"east":{"uv":[7.5,3.5,9.5,6.0],"tintindex":0,"rotation":0,"texture":"#2"},"south":{"uv":[1.5,8.0,2.5,10.5],"tintindex":0,"rotation":0,"texture":"#2"},"north":{"uv":[0.0,8.0,1.0,10.5],"tintindex":0,"rotation":0,"texture":"#2"},"west":{"uv":[7.5,6.5,9.5,9.0],"tintindex":0,"rotation":0,"texture":"#2"},"up":{"uv":[8.5,11.5,7.5,9.5],"tintindex":0,"rotation":0,"texture":"#2"},"down":{"uv":[10.0,9.5,9.0,11.5],"tintindex":0,"rotation":0,"texture":"#2"}}},{"from":[5.05,5.0,5.5125],"to":[7.05,7.0,6.4875],"faces":{"east":{"uv":[11.5,5.0,11.0,6.0],"tintindex":0,"rotation":0,"texture":"#2"},"south":{"uv":[12.0,2.0,11.0,3.0],"tintindex":0,"rotation":0,"texture":"#2"},"north":{"uv":[2.0,11.0,1.0,12.0],"tintindex":0,"rotation":0,"texture":"#2"},"west":{"uv":[11.5,3.5,11.0,4.5],"tintindex":0,"rotation":0,"texture":"#2"},"up":{"uv":[11.0,7.0,12.0,6.5],"tintindex":0,"rotation":0,"texture":"#2"},"down":{"uv":[10.5,11.5,11.5,12.0],"tintindex":0,"rotation":0,"texture":"#2"}},"rotation":{"origin":[8.05,8.0,5.9875],"angle":-45.0,"axis":"z"}}],"display":{"head":{"rotation":[0.0,0.0,0.0]},"firstperson_righthand":{"rotation":[0.0,0.0,0.0]},"thirdperson_lefthand":{"rotation":[0.0,-0.0,-0.0]},"firstperson_lefthand":{"rotation":[0.0,-0.0,-0.0]},"fixed":{"rotation":[0.0,0.0,0.0]},"ground":{"rotation":[0.0,0.0,0.0]},"thirdperson_righthand":{"rotation":[0.0,0.0,0.0]},"gui":{"rotation":[-150.0,-45.0,180.0]}}}