{"textures":{"0":"modelengine:entity/1bit_elite_baby_piglin_brute_1","particle":"#0"},"elements":[{"from":[3.6950002,7.8030005,3.6860003],"to":[12.305,15.592999,12.296],"faces":{"east":{"uv":[1.375,4.0,2.625,5.125],"tintindex":0,"rotation":0,"texture":"#0"},"south":{"uv":[0.0,4.125,1.25,5.25],"tintindex":0,"rotation":0,"texture":"#0"},"north":{"uv":[4.0,0.0,5.25,1.125],"tintindex":0,"rotation":0,"texture":"#0"},"west":{"uv":[4.125,1.25,5.375,2.375],"tintindex":0,"rotation":0,"texture":"#0"},"up":{"uv":[3.875,1.25,2.625,0.0],"tintindex":0,"rotation":0,"texture":"#0"},"down":{"uv":[1.25,2.75,0.0,4.0],"tintindex":0,"rotation":0,"texture":"#0"}}},{"from":[9.64,8.008,3.071],"to":[10.46,9.648,3.8910003],"faces":{"east":{"uv":[3.5,7.75,3.625,8.0],"tintindex":0,"rotation":0,"texture":"#0"},"south":{"uv":[6.875,7.75,7.0,8.0],"tintindex":0,"rotation":0,"texture":"#0"},"north":{"uv":[3.875,5.125,4.0,5.375],"tintindex":0,"rotation":0,"texture":"#0"},"west":{"uv":[7.875,6.0,8.0,6.25],"tintindex":0,"rotation":0,"texture":"#0"},"up":{"uv":[3.75,6.25,3.625,6.125],"tintindex":0,"rotation":0,"texture":"#0"},"down":{"uv":[6.875,5.75,6.75,5.875],"tintindex":0,"rotation":0,"texture":"#0"}}},{"from":[3.9,8.008,3.8910003],"to":[12.1,15.388,12.091],"faces":{"east":{"uv":[2.75,1.375,4.0,2.5],"tintindex":0,"rotation":0,"texture":"#0"},"south":{"uv":[2.75,2.625,4.0,3.75],"tintindex":0,"rotation":0,"texture":"#0"},"north":{"uv":[1.375,2.75,2.625,3.875],"tintindex":0,"rotation":0,"texture":"#0"},"west":{"uv":[2.75,3.875,4.0,5.0],"tintindex":0,"rotation":0,"texture":"#0"},"up":{"uv":[1.25,2.625,0.0,1.375],"tintindex":0,"rotation":0,"texture":"#0"},"down":{"uv":[2.625,1.375,1.375,2.625],"tintindex":0,"rotation":0,"texture":"#0"}}},{"from":[8.0,15.55,8.05],"to":[8.0,22.55,17.05],"faces":{"east":{"uv":[10.125,0.0,9.0,0.875],"tintindex":0,"rotation":0,"texture":"#0"},"west":{"uv":[9.0,0.0,10.125,0.875],"tintindex":0,"rotation":0,"texture":"#0"}}},{"from":[5.54,8.008,3.071],"to":[6.36,9.648,3.8910003],"faces":{"east":{"uv":[8.0,6.0,7.875,6.25],"tintindex":0,"rotation":0,"texture":"#0"},"south":{"uv":[7.0,7.75,6.875,8.0],"tintindex":0,"rotation":0,"texture":"#0"},"north":{"uv":[4.0,5.125,3.875,5.375],"tintindex":0,"rotation":0,"texture":"#0"},"west":{"uv":[3.625,7.75,3.5,8.0],"tintindex":0,"rotation":0,"texture":"#0"},"up":{"uv":[3.625,6.25,3.75,6.125],"tintindex":0,"rotation":0,"texture":"#0"},"down":{"uv":[6.75,5.75,6.875,5.875],"tintindex":0,"rotation":0,"texture":"#0"}}},{"from":[7.0,15.55,8.05],"to":[9.0,17.55,10.05],"faces":{"east":{"uv":[8.625,0.75,8.875,1.0],"tintindex":0,"rotation":0,"texture":"#0"},"south":{"uv":[8.25,0.75,8.5,1.0],"tintindex":0,"rotation":0,"texture":"#0"},"north":{"uv":[8.25,0.375,8.5,0.625],"tintindex":0,"rotation":0,"texture":"#0"},"west":{"uv":[8.625,0.375,8.875,0.625],"tintindex":0,"rotation":0,"texture":"#0"},"up":{"uv":[8.625,0.0,8.875,0.25],"tintindex":0,"rotation":0,"texture":"#0"},"down":{"uv":[8.25,0.0,8.5,0.25],"tintindex":0,"rotation":0,"texture":"#0"}}},{"from":[3.4450002,7.5530005,3.4360003],"to":[12.555,15.842999,12.546],"faces":{"east":{"uv":[9.625,2.5,10.875,3.625],"tintindex":0,"rotation":0,"texture":"#0"},"south":{"uv":[8.25,2.5,9.5,3.625],"tintindex":0,"rotation":0,"texture":"#0"},"north":{"uv":[11.0,1.25,12.25,2.375],"tintindex":0,"rotation":0,"texture":"#0"},"west":{"uv":[11.0,2.5,12.25,3.625],"tintindex":0,"rotation":0,"texture":"#0"},"up":{"uv":[10.875,2.375,9.625,1.125],"tintindex":0,"rotation":0,"texture":"#0"},"down":{"uv":[9.5,1.125,8.25,2.375],"tintindex":0,"rotation":0,"texture":"#0"}}}],"display":{"head":{"rotation":[0.0,0.0,0.0]},"firstperson_righthand":{"rotation":[0.0,0.0,0.0]},"thirdperson_lefthand":{"rotation":[0.0,-0.0,-0.0]},"firstperson_lefthand":{"rotation":[0.0,-0.0,-0.0]},"fixed":{"rotation":[0.0,0.0,0.0]},"ground":{"rotation":[0.0,0.0,0.0]},"thirdperson_righthand":{"rotation":[0.0,0.0,0.0]},"gui":{"rotation":[-150.0,-45.0,180.0]}}}