{"textures":{"0":"modelengine:entity/1bit_elite_baby_piglin_brute_1","particle":"#0"},"elements":[{"from":[6.11,2.96,6.11],"to":[8.990001,9.440001,9.89],"faces":{"east":{"uv":[5.25,6.125,4.75,7.0],"tintindex":0,"rotation":0,"texture":"#0"},"south":{"uv":[6.75,1.0,6.375,1.875],"tintindex":0,"rotation":0,"texture":"#0"},"north":{"uv":[0.375,6.375,0.0,7.25],"tintindex":0,"rotation":0,"texture":"#0"},"west":{"uv":[3.5,6.125,3.0,7.0],"tintindex":0,"rotation":0,"texture":"#0"},"up":{"uv":[2.75,7.625,3.125,7.125],"tintindex":0,"rotation":0,"texture":"#0"},"down":{"uv":[3.25,7.125,3.625,7.625],"tintindex":0,"rotation":0,"texture":"#0"}}},{"from":[6.2,3.0500002,6.2],"to":[8.9,9.35,9.8],"faces":{"east":{"uv":[2.875,6.125,2.375,7.0],"tintindex":0,"rotation":0,"texture":"#0"},"south":{"uv":[6.625,0.0,6.25,0.875],"tintindex":0,"rotation":0,"texture":"#0"},"north":{"uv":[6.375,6.125,6.0,7.0],"tintindex":0,"rotation":0,"texture":"#0"},"west":{"uv":[2.25,6.125,1.75,7.0],"tintindex":0,"rotation":0,"texture":"#0"},"up":{"uv":[0.875,5.875,1.25,5.375],"tintindex":0,"rotation":0,"texture":"#0"},"down":{"uv":[4.75,5.5,5.125,6.0],"tintindex":0,"rotation":0,"texture":"#0"}}}],"display":{"head":{"rotation":[0.0,0.0,0.0]},"firstperson_righthand":{"rotation":[0.0,0.0,0.0]},"thirdperson_lefthand":{"rotation":[0.0,-0.0,-0.0]},"firstperson_lefthand":{"rotation":[0.0,-0.0,-0.0]},"fixed":{"rotation":[0.0,0.0,0.0]},"ground":{"rotation":[0.0,0.0,0.0]},"thirdperson_righthand":{"rotation":[0.0,0.0,0.0]},"gui":{"rotation":[-150.0,-45.0,180.0]}}}