{"textures":{"0":"modelengine:entity/1bit_elite_baby_piglin_brute_1","particle":"#0"},"elements":[{"from":[6.2,3.5,6.2],"to":[9.8,9.0,9.8],"faces":{"east":{"uv":[3.625,6.375,4.121875,7.121875],"tintindex":0,"rotation":0,"texture":"#0"},"south":{"uv":[6.375,2.0,6.871875,2.746875],"tintindex":0,"rotation":0,"texture":"#0"},"north":{"uv":[6.375,3.5,6.871875,4.246875],"tintindex":0,"rotation":0,"texture":"#0"},"west":{"uv":[6.375,2.75,6.871875,3.496875],"tintindex":0,"rotation":0,"texture":"#0"},"up":{"uv":[0.5,7.0,0.95,7.45],"tintindex":0,"rotation":0,"texture":"#0"},"down":{"uv":[1.125,7.45,1.575,7.0],"tintindex":0,"rotation":0,"texture":"#0"}}},{"from":[6.11,3.4099998,6.11],"to":[9.89,9.09,9.89],"faces":{"east":{"uv":[6.75,5.0,7.2475,5.7475],"tintindex":0,"rotation":0,"texture":"#0"},"south":{"uv":[6.375,4.25,6.8725,4.9975],"tintindex":0,"rotation":0,"texture":"#0"},"north":{"uv":[6.75,0.0,7.2475,0.7475],"tintindex":0,"rotation":0,"texture":"#0"},"west":{"uv":[6.5,6.0,6.9975,6.7475],"tintindex":0,"rotation":0,"texture":"#0"},"up":{"uv":[7.0,2.0,7.4475,2.4475],"tintindex":0,"rotation":0,"texture":"#0"},"down":{"uv":[7.0,3.0725,7.4475,2.625],"tintindex":0,"rotation":0,"texture":"#0"}}}],"display":{"head":{"rotation":[0.0,0.0,0.0]},"firstperson_righthand":{"rotation":[0.0,0.0,0.0]},"thirdperson_lefthand":{"rotation":[0.0,-0.0,-0.0]},"firstperson_lefthand":{"rotation":[0.0,-0.0,-0.0]},"fixed":{"rotation":[0.0,0.0,0.0]},"ground":{"rotation":[0.0,0.0,0.0]},"thirdperson_righthand":{"rotation":[0.0,0.0,0.0]},"gui":{"rotation":[-150.0,-45.0,180.0]}}}