{"textures":{"1":"modelengine:entity/1bit_elite_baby_piglin_brute_2","particle":"#1"},"elements":[{"from":[7.125,7.125,-2.92],"to":[8.875,8.875,5.83],"faces":{"east":{"uv":[0.0,5.0,4.0,5.5],"tintindex":0,"rotation":0,"texture":"#1"},"south":{"uv":[0.0,7.0,0.5,7.5],"tintindex":0,"rotation":0,"texture":"#1"},"north":{"uv":[6.5,6.5,7.0,7.0],"tintindex":0,"rotation":0,"texture":"#1"},"west":{"uv":[5.0,0.0,9.0,0.5],"tintindex":0,"rotation":0,"texture":"#1"},"up":{"uv":[5.5,5.0,5.0,1.0],"tintindex":0,"rotation":0,"texture":"#1"},"down":{"uv":[5.0,5.5,4.5,9.5],"tintindex":0,"rotation":0,"texture":"#1"}},"rotation":{"origin":[8.0,8.0,2.855],"angle":45.0,"axis":"z"}},{"from":[7.37,7.37,5.725],"to":[8.629999,8.629999,10.485],"faces":{"east":{"uv":[5.5,5.5,8.0,6.0],"tintindex":0,"rotation":0,"texture":"#1"},"south":{"uv":[5.5,6.5,6.0,7.0],"tintindex":0,"rotation":0,"texture":"#1"},"north":{"uv":[6.0,4.0,6.5,4.5],"tintindex":0,"rotation":0,"texture":"#1"},"west":{"uv":[0.0,6.0,2.5,6.5],"tintindex":0,"rotation":0,"texture":"#1"},"up":{"uv":[6.5,3.5,6.0,1.0],"tintindex":0,"rotation":0,"texture":"#1"},"down":{"uv":[3.5,6.0,3.0,8.5],"tintindex":0,"rotation":0,"texture":"#1"}},"rotation":{"origin":[8.0,8.0,9.155],"angle":45.0,"axis":"z"}},{"from":[6.81789,6.525,10.38],"to":[8.76789,8.475,12.23],"faces":{"east":{"uv":[7.0,1.0,8.0,2.0],"tintindex":0,"rotation":0,"texture":"#1"},"south":{"uv":[2.0,7.0,3.0,8.0],"tintindex":0,"rotation":0,"texture":"#1"},"north":{"uv":[1.0,7.0,2.0,8.0],"tintindex":0,"rotation":0,"texture":"#1"},"west":{"uv":[7.0,2.0,8.0,3.0],"tintindex":0,"rotation":0,"texture":"#1"},"up":{"uv":[8.0,4.0,7.0,3.0],"tintindex":0,"rotation":0,"texture":"#1"},"down":{"uv":[8.0,4.0,7.0,5.0],"tintindex":0,"rotation":0,"texture":"#1"}},"rotation":{"origin":[7.29289,8.0,9.155],"angle":45.0,"axis":"z"}}],"display":{"head":{"rotation":[0.0,0.0,0.0]},"firstperson_righthand":{"rotation":[0.0,0.0,0.0]},"thirdperson_lefthand":{"rotation":[0.0,-0.0,-0.0]},"firstperson_lefthand":{"rotation":[0.0,-0.0,-0.0]},"fixed":{"rotation":[0.0,0.0,0.0]},"ground":{"rotation":[0.0,0.0,0.0]},"thirdperson_righthand":{"rotation":[0.0,0.0,0.0]},"gui":{"rotation":[-150.0,-45.0,180.0]}}}