{"textures":{"0":"modelengine:entity/1bit_elite_baby_piglin_brute_1","particle":"#0"},"elements":[{"from":[6.36,8.0,7.335],"to":[9.64,11.28,8.155001],"faces":{"east":{"uv":[7.625,5.5,7.75,6.0],"tintindex":0,"rotation":0,"texture":"#0"},"south":{"uv":[6.875,1.375,7.375,1.875],"tintindex":0,"rotation":0,"texture":"#0"},"north":{"uv":[6.875,0.75,7.375,1.25],"tintindex":0,"rotation":0,"texture":"#0"},"west":{"uv":[7.625,6.125,7.75,6.625],"tintindex":0,"rotation":0,"texture":"#0"},"up":{"uv":[8.125,4.375,7.625,4.25],"tintindex":0,"rotation":0,"texture":"#0"},"down":{"uv":[7.625,7.625,7.125,7.75],"tintindex":0,"rotation":0,"texture":"#0"}}}],"display":{"head":{"rotation":[0.0,0.0,0.0]},"firstperson_righthand":{"rotation":[0.0,0.0,0.0]},"thirdperson_lefthand":{"rotation":[0.0,-0.0,-0.0]},"firstperson_lefthand":{"rotation":[0.0,-0.0,-0.0]},"fixed":{"rotation":[0.0,0.0,0.0]},"ground":{"rotation":[0.0,0.0,0.0]},"thirdperson_righthand":{"rotation":[0.0,0.0,0.0]},"gui":{"rotation":[-150.0,-45.0,180.0]}}}