{"textures":{"0":"modelengine:entity/1bit_elite_baby_piglin_brute_1","particle":"#0"},"elements":[{"from":[7.0099998,2.96,6.11],"to":[9.89,9.440001,9.89],"faces":{"east":{"uv":[3.0,6.125,3.5,7.0],"tintindex":0,"rotation":0,"texture":"#0"},"south":{"uv":[6.375,1.0,6.75,1.875],"tintindex":0,"rotation":0,"texture":"#0"},"north":{"uv":[0.0,6.375,0.375,7.25],"tintindex":0,"rotation":0,"texture":"#0"},"west":{"uv":[4.75,6.125,5.25,7.0],"tintindex":0,"rotation":0,"texture":"#0"},"up":{"uv":[3.125,7.625,2.75,7.125],"tintindex":0,"rotation":0,"texture":"#0"},"down":{"uv":[3.625,7.125,3.25,7.625],"tintindex":0,"rotation":0,"texture":"#0"}}},{"from":[7.1,3.0500002,6.2],"to":[9.8,9.35,9.8],"faces":{"east":{"uv":[1.75,6.125,2.25,7.0],"tintindex":0,"rotation":0,"texture":"#0"},"south":{"uv":[6.25,0.0,6.625,0.875],"tintindex":0,"rotation":0,"texture":"#0"},"north":{"uv":[6.0,6.125,6.375,7.0],"tintindex":0,"rotation":0,"texture":"#0"},"west":{"uv":[2.375,6.125,2.875,7.0],"tintindex":0,"rotation":0,"texture":"#0"},"up":{"uv":[1.25,5.875,0.875,5.375],"tintindex":0,"rotation":0,"texture":"#0"},"down":{"uv":[5.125,5.5,4.75,6.0],"tintindex":0,"rotation":0,"texture":"#0"}}}],"display":{"head":{"rotation":[0.0,0.0,0.0]},"firstperson_righthand":{"rotation":[0.0,0.0,0.0]},"thirdperson_lefthand":{"rotation":[0.0,-0.0,-0.0]},"firstperson_lefthand":{"rotation":[0.0,-0.0,-0.0]},"fixed":{"rotation":[0.0,0.0,0.0]},"ground":{"rotation":[0.0,0.0,0.0]},"thirdperson_righthand":{"rotation":[0.0,0.0,0.0]},"gui":{"rotation":[-150.0,-45.0,180.0]}}}