{"textures":{"0":"modelengine:entity/1bit_elite_baby_piglin_brute_1","particle":"#0"},"elements":[{"from":[6.2,3.5,6.2],"to":[9.8,9.0,9.8],"faces":{"east":{"uv":[6.871875,2.75,6.375,3.496875],"tintindex":0,"rotation":0,"texture":"#0"},"south":{"uv":[6.871875,2.0,6.375,2.746875],"tintindex":0,"rotation":0,"texture":"#0"},"north":{"uv":[6.871875,3.5,6.375,4.246875],"tintindex":0,"rotation":0,"texture":"#0"},"west":{"uv":[4.121875,6.375,3.625,7.121875],"tintindex":0,"rotation":0,"texture":"#0"},"up":{"uv":[0.95,7.0,0.5,7.45],"tintindex":0,"rotation":0,"texture":"#0"},"down":{"uv":[1.575,7.45,1.125,7.0],"tintindex":0,"rotation":0,"texture":"#0"}}},{"from":[6.11,3.4099998,6.11],"to":[9.89,9.09,9.89],"faces":{"east":{"uv":[6.9975,6.0,6.5,6.7475],"tintindex":0,"rotation":0,"texture":"#0"},"south":{"uv":[6.8725,4.25,6.375,4.9975],"tintindex":0,"rotation":0,"texture":"#0"},"north":{"uv":[7.2475,0.0,6.75,0.7475],"tintindex":0,"rotation":0,"texture":"#0"},"west":{"uv":[7.2475,5.0,6.75,5.7475],"tintindex":0,"rotation":0,"texture":"#0"},"up":{"uv":[7.4475,2.0,7.0,2.4475],"tintindex":0,"rotation":0,"texture":"#0"},"down":{"uv":[7.4475,3.0725,7.0,2.625],"tintindex":0,"rotation":0,"texture":"#0"}}}],"display":{"head":{"rotation":[0.0,0.0,0.0]},"firstperson_righthand":{"rotation":[0.0,0.0,0.0]},"thirdperson_lefthand":{"rotation":[0.0,-0.0,-0.0]},"firstperson_lefthand":{"rotation":[0.0,-0.0,-0.0]},"fixed":{"rotation":[0.0,0.0,0.0]},"ground":{"rotation":[0.0,0.0,0.0]},"thirdperson_righthand":{"rotation":[0.0,0.0,0.0]},"gui":{"rotation":[-150.0,-45.0,180.0]}}}