{"textures":{"0":"modelengine:entity/1bit_elite_baby_piglin_brute_1","particle":"#0"},"elements":[{"from":[7.58829,4.71142,5.285],"to":[8.40829,9.63142,10.205],"faces":{"east":{"uv":[3.875,5.5,4.625,6.25],"tintindex":0,"rotation":0,"texture":"#0"},"south":{"uv":[7.5,0.375,7.625,1.125],"tintindex":0,"rotation":0,"texture":"#0"},"north":{"uv":[2.5,5.25,2.625,6.0],"tintindex":0,"rotation":0,"texture":"#0"},"west":{"uv":[0.875,6.125,1.625,6.875],"tintindex":0,"rotation":0,"texture":"#0"},"up":{"uv":[1.875,8.25,1.75,7.5],"tintindex":0,"rotation":0,"texture":"#0"},"down":{"uv":[2.125,7.5,2.0,8.25],"tintindex":0,"rotation":0,"texture":"#0"}},"rotation":{"origin":[12.1,8.82,7.745],"angle":22.5,"axis":"z"}}],"display":{"head":{"rotation":[0.0,0.0,0.0]},"firstperson_righthand":{"rotation":[0.0,0.0,0.0]},"thirdperson_lefthand":{"rotation":[0.0,-0.0,-0.0]},"firstperson_lefthand":{"rotation":[0.0,-0.0,-0.0]},"fixed":{"rotation":[0.0,0.0,0.0]},"ground":{"rotation":[0.0,0.0,0.0]},"thirdperson_righthand":{"rotation":[0.0,0.0,0.0]},"gui":{"rotation":[-150.0,-45.0,180.0]}}}