{"textures":{"0":"modelengine:entity/am_goblin_ranger","particle":"#0"},"elements":[{"from":[3.35,7.35,6.85],"to":[12.65,8.65,9.15],"faces":{"east":{"uv":[2.5,4.125,2.75,4.25],"tintindex":0,"rotation":0,"texture":"#0"},"south":{"uv":[9.375,8.875,10.5,9.0],"tintindex":0,"rotation":0,"texture":"#0"},"north":{"uv":[9.25,7.625,10.375,7.75],"tintindex":0,"rotation":0,"texture":"#0"},"west":{"uv":[2.75,4.125,3.0,4.25],"tintindex":0,"rotation":0,"texture":"#0"},"up":{"uv":[10.125,3.5,9.0,3.25],"tintindex":0,"rotation":0,"texture":"#0"},"down":{"uv":[10.375,1.5,9.25,1.75],"tintindex":0,"rotation":0,"texture":"#0"}}}],"display":{"head":{"rotation":[0.0,0.0,0.0]},"firstperson_righthand":{"rotation":[0.0,0.0,0.0]},"thirdperson_lefthand":{"rotation":[0.0,-0.0,-0.0]},"firstperson_lefthand":{"rotation":[0.0,-0.0,-0.0]},"fixed":{"rotation":[0.0,0.0,0.0]},"ground":{"rotation":[0.0,0.0,0.0]},"thirdperson_righthand":{"rotation":[0.0,0.0,0.0]},"gui":{"rotation":[-150.0,-45.0,180.0]}}}