{"textures":{"0":"modelengine:entity/am_goblin_ranger","particle":"#0"},"elements":[{"from":[3.51,9.51,-0.49],"to":[12.49,14.49,10.49],"faces":{"east":{"uv":[3.375,5.875,4.75,6.5],"tintindex":0,"rotation":0,"texture":"#0"},"south":{"uv":[5.625,8.25,6.75,8.875],"tintindex":0,"rotation":0,"texture":"#0"},"north":{"uv":[4.5,8.25,5.625,8.875],"tintindex":0,"rotation":0,"texture":"#0"},"west":{"uv":[5.875,3.75,7.25,4.375],"tintindex":0,"rotation":0,"texture":"#0"},"up":{"uv":[1.125,3.875,0.0,2.5],"tintindex":0,"rotation":0,"texture":"#0"},"down":{"uv":[2.25,2.5,1.125,3.875],"tintindex":0,"rotation":0,"texture":"#0"}}},{"from":[6.5,9.5,-5.5],"to":[9.5,12.5,0.5],"faces":{"east":{"uv":[9.25,6.875,10.0,7.25],"tintindex":0,"rotation":0,"texture":"#0"},"south":{"uv":[9.5,0.5,9.875,0.875],"tintindex":0,"rotation":0,"texture":"#0"},"north":{"uv":[5.375,2.875,5.75,3.25],"tintindex":0,"rotation":0,"texture":"#0"},"west":{"uv":[9.25,7.25,10.0,7.625],"tintindex":0,"rotation":0,"texture":"#0"},"up":{"uv":[3.75,5.875,3.375,5.125],"tintindex":0,"rotation":0,"texture":"#0"},"down":{"uv":[7.75,9.25,7.375,10.0],"tintindex":0,"rotation":0,"texture":"#0"}}},{"from":[3.2,5.2,-1.8],"to":[12.8,9.8,10.8],"faces":{"east":{"uv":[7.375,5.25,8.875,5.75],"tintindex":0,"rotation":0,"texture":"#0"},"south":{"uv":[8.375,0.5,9.5,1.0],"tintindex":0,"rotation":0,"texture":"#0"},"north":{"uv":[6.75,8.25,7.875,8.75],"tintindex":0,"rotation":0,"texture":"#0"},"west":{"uv":[7.5,3.0,9.0,3.5],"tintindex":0,"rotation":0,"texture":"#0"},"up":{"uv":[3.5,1.5,2.375,0.0],"tintindex":0,"rotation":0,"texture":"#0"},"down":{"uv":[3.5,1.5,2.375,3.0],"tintindex":0,"rotation":0,"texture":"#0"}}},{"from":[6.5,7.5,-5.5],"to":[9.5,9.5,-2.5],"faces":{"east":{"uv":[1.625,3.875,2.0,4.125],"tintindex":0,"rotation":0,"texture":"#0"},"south":{"uv":[7.5,3.5,7.875,3.75],"tintindex":0,"rotation":0,"texture":"#0"},"north":{"uv":[1.25,3.875,1.625,4.125],"tintindex":0,"rotation":0,"texture":"#0"},"west":{"uv":[7.5,7.25,7.875,7.5],"tintindex":0,"rotation":0,"texture":"#0"},"up":{"uv":[9.875,2.125,9.5,1.75],"tintindex":0,"rotation":0,"texture":"#0"},"down":{"uv":[9.875,4.5,9.5,4.875],"tintindex":0,"rotation":0,"texture":"#0"}}}],"display":{"head":{"rotation":[0.0,0.0,0.0]},"firstperson_righthand":{"rotation":[0.0,0.0,0.0]},"thirdperson_lefthand":{"rotation":[0.0,-0.0,-0.0]},"firstperson_lefthand":{"rotation":[0.0,-0.0,-0.0]},"fixed":{"rotation":[0.0,0.0,0.0]},"ground":{"rotation":[0.0,0.0,0.0]},"thirdperson_righthand":{"rotation":[0.0,0.0,0.0]},"gui":{"rotation":[-150.0,-45.0,180.0]}}}