{"textures":{"0":"modelengine:entity/am_goblin_ranger","particle":"#0"},"elements":[{"from":[3.5,8.0,1.0],"to":[12.5,11.0,8.0],"faces":{"east":{"uv":[8.5,8.875,9.375,9.25],"tintindex":0,"rotation":0,"texture":"#0"},"south":{"uv":[7.375,8.875,8.5,9.25],"tintindex":0,"rotation":0,"texture":"#0"},"north":{"uv":[8.875,5.25,10.0,5.625],"tintindex":0,"rotation":0,"texture":"#0"},"west":{"uv":[9.0,2.875,9.875,3.25],"tintindex":0,"rotation":0,"texture":"#0"},"up":{"uv":[6.125,6.375,5.0,5.5],"tintindex":0,"rotation":0,"texture":"#0"},"down":{"uv":[7.0,2.875,5.875,3.75],"tintindex":0,"rotation":0,"texture":"#0"}}},{"from":[3.51,4.01,1.01],"to":[12.49,7.99,7.99],"faces":{"east":{"uv":[8.625,1.75,9.5,2.25],"tintindex":0,"rotation":0,"texture":"#0"},"south":{"uv":[8.5,5.75,9.625,6.25],"tintindex":0,"rotation":0,"texture":"#0"},"north":{"uv":[8.5,4.0,9.625,4.5],"tintindex":0,"rotation":0,"texture":"#0"},"west":{"uv":[8.625,7.75,9.5,8.25],"tintindex":0,"rotation":0,"texture":"#0"},"up":{"uv":[6.5,2.0,5.375,1.125],"tintindex":0,"rotation":0,"texture":"#0"},"down":{"uv":[6.5,2.0,5.375,2.875],"tintindex":0,"rotation":0,"texture":"#0"}}},{"from":[3.5,4.0,8.0],"to":[12.5,8.0,13.0],"faces":{"east":{"uv":[9.25,1.0,9.875,1.5],"tintindex":0,"rotation":0,"texture":"#0"},"south":{"uv":[8.5,3.5,9.625,4.0],"tintindex":0,"rotation":0,"texture":"#0"},"north":{"uv":[7.875,8.375,9.0,8.875],"tintindex":0,"rotation":0,"texture":"#0"},"west":{"uv":[3.875,9.25,4.5,9.75],"tintindex":0,"rotation":0,"texture":"#0"},"up":{"uv":[9.0,5.25,7.875,4.625],"tintindex":0,"rotation":0,"texture":"#0"},"down":{"uv":[9.125,2.25,8.0,2.875],"tintindex":0,"rotation":0,"texture":"#0"}}}],"display":{"head":{"rotation":[0.0,0.0,0.0]},"firstperson_righthand":{"rotation":[0.0,0.0,0.0]},"thirdperson_lefthand":{"rotation":[0.0,-0.0,-0.0]},"firstperson_lefthand":{"rotation":[0.0,-0.0,-0.0]},"fixed":{"rotation":[0.0,0.0,0.0]},"ground":{"rotation":[0.0,0.0,0.0]},"thirdperson_righthand":{"rotation":[0.0,0.0,0.0]},"gui":{"rotation":[-150.0,-45.0,180.0]}}}