{"textures":{"0":"modelengine:entity/am_goblin_ranger","particle":"#0"},"elements":[{"from":[4.0,-3.5,5.5],"to":[8.0,9.5,10.5],"faces":{"east":{"uv":[1.25,5.0,1.875,6.625],"tintindex":0,"rotation":0,"texture":"#0"},"south":{"uv":[6.875,4.375,7.375,6.0],"tintindex":0,"rotation":0,"texture":"#0"},"north":{"uv":[6.5,6.625,7.0,8.25],"tintindex":0,"rotation":0,"texture":"#0"},"west":{"uv":[1.875,5.0,2.5,6.625],"tintindex":0,"rotation":0,"texture":"#0"},"up":{"uv":[9.625,2.875,9.125,2.25],"tintindex":0,"rotation":0,"texture":"#0"},"down":{"uv":[9.625,6.25,9.125,6.875],"tintindex":0,"rotation":0,"texture":"#0"}}},{"from":[3.7,-3.8,5.2],"to":[8.3,9.8,10.8],"faces":{"east":{"uv":[0.625,4.75,1.25,6.375],"tintindex":0,"rotation":0,"texture":"#0"},"south":{"uv":[6.0,6.625,6.5,8.25],"tintindex":0,"rotation":0,"texture":"#0"},"north":{"uv":[1.75,6.625,2.25,8.25],"tintindex":0,"rotation":0,"texture":"#0"},"west":{"uv":[4.75,1.625,5.375,3.25],"tintindex":0,"rotation":0,"texture":"#0"},"up":{"uv":[9.5,8.875,9.0,8.25],"tintindex":0,"rotation":0,"texture":"#0"},"down":{"uv":[1.0,9.125,0.5,9.75],"tintindex":0,"rotation":0,"texture":"#0"}}}],"display":{"head":{"rotation":[0.0,0.0,0.0]},"firstperson_righthand":{"rotation":[0.0,0.0,0.0]},"thirdperson_lefthand":{"rotation":[0.0,-0.0,-0.0]},"firstperson_lefthand":{"rotation":[0.0,-0.0,-0.0]},"fixed":{"rotation":[0.0,0.0,0.0]},"ground":{"rotation":[0.0,0.0,0.0]},"thirdperson_righthand":{"rotation":[0.0,0.0,0.0]},"gui":{"rotation":[-150.0,-45.0,180.0]}}}