{"textures":{"0":"modelengine:entity/am_goblin_ranger","particle":"#0"},"elements":[{"from":[5.2,-1.3,4.7],"to":[10.8,8.3,11.3],"faces":{"east":{"uv":[5.875,4.375,6.625,5.5],"tintindex":0,"rotation":0,"texture":"#0"},"south":{"uv":[7.75,0.0,8.375,1.125],"tintindex":0,"rotation":0,"texture":"#0"},"north":{"uv":[3.25,7.625,3.875,8.75],"tintindex":0,"rotation":0,"texture":"#0"},"west":{"uv":[6.125,5.5,6.875,6.625],"tintindex":0,"rotation":0,"texture":"#0"},"up":{"uv":[9.125,7.0,8.5,6.25],"tintindex":0,"rotation":0,"texture":"#0"},"down":{"uv":[9.25,1.0,8.625,1.75],"tintindex":0,"rotation":0,"texture":"#0"}}},{"from":[5.5,-1.0,5.0],"to":[10.5,8.0,11.0],"faces":{"east":{"uv":[6.25,0.0,7.0,1.125],"tintindex":0,"rotation":0,"texture":"#0"},"south":{"uv":[0.5,8.0,1.125,9.125],"tintindex":0,"rotation":0,"texture":"#0"},"north":{"uv":[7.875,3.5,8.5,4.625],"tintindex":0,"rotation":0,"texture":"#0"},"west":{"uv":[2.5,6.25,3.25,7.375],"tintindex":0,"rotation":0,"texture":"#0"},"up":{"uv":[9.25,7.75,8.625,7.0],"tintindex":0,"rotation":0,"texture":"#0"},"down":{"uv":[3.875,8.75,3.25,9.5],"tintindex":0,"rotation":0,"texture":"#0"}}}],"display":{"head":{"rotation":[0.0,0.0,0.0]},"firstperson_righthand":{"rotation":[0.0,0.0,0.0]},"thirdperson_lefthand":{"rotation":[0.0,-0.0,-0.0]},"firstperson_lefthand":{"rotation":[0.0,-0.0,-0.0]},"fixed":{"rotation":[0.0,0.0,0.0]},"ground":{"rotation":[0.0,0.0,0.0]},"thirdperson_righthand":{"rotation":[0.0,0.0,0.0]},"gui":{"rotation":[-150.0,-45.0,180.0]}}}