{"textures":{"0":"modelengine:entity/am_goblin_ranger","particle":"#0"},"elements":[{"from":[8.0,-3.5,5.5],"to":[12.0,9.5,10.5],"faces":{"east":{"uv":[3.75,4.25,4.375,5.875],"tintindex":0,"rotation":0,"texture":"#0"},"south":{"uv":[5.5,6.375,6.0,8.0],"tintindex":0,"rotation":0,"texture":"#0"},"north":{"uv":[0.75,6.375,1.25,8.0],"tintindex":0,"rotation":0,"texture":"#0"},"west":{"uv":[4.375,4.25,5.0,5.875],"tintindex":0,"rotation":0,"texture":"#0"},"up":{"uv":[7.0,2.875,6.5,2.25],"tintindex":0,"rotation":0,"texture":"#0"},"down":{"uv":[6.625,8.875,6.125,9.5],"tintindex":0,"rotation":0,"texture":"#0"}}},{"from":[7.7,-3.8,5.2],"to":[12.3,9.8,10.8],"faces":{"east":{"uv":[0.0,4.75,0.625,6.375],"tintindex":0,"rotation":0,"texture":"#0"},"south":{"uv":[1.25,6.625,1.75,8.25],"tintindex":0,"rotation":0,"texture":"#0"},"north":{"uv":[4.0,6.5,4.5,8.125],"tintindex":0,"rotation":0,"texture":"#0"},"west":{"uv":[4.75,0.0,5.375,1.625],"tintindex":0,"rotation":0,"texture":"#0"},"up":{"uv":[0.5,9.625,0.0,9.0],"tintindex":0,"rotation":0,"texture":"#0"},"down":{"uv":[9.5,4.5,9.0,5.125],"tintindex":0,"rotation":0,"texture":"#0"}}}],"display":{"head":{"rotation":[0.0,0.0,0.0]},"firstperson_righthand":{"rotation":[0.0,0.0,0.0]},"thirdperson_lefthand":{"rotation":[0.0,-0.0,-0.0]},"firstperson_lefthand":{"rotation":[0.0,-0.0,-0.0]},"fixed":{"rotation":[0.0,0.0,0.0]},"ground":{"rotation":[0.0,0.0,0.0]},"thirdperson_righthand":{"rotation":[0.0,0.0,0.0]},"gui":{"rotation":[-150.0,-45.0,180.0]}}}