{"textures":{"0":"modelengine:entity/am_goblin_ranger","particle":"#0"},"elements":[{"from":[8.0,7.5,-1.5],"to":[8.0,17.5,17.5],"faces":{"east":{"uv":[0.0,0.0,2.375,1.25],"tintindex":0,"rotation":0,"texture":"#0"},"west":{"uv":[0.0,1.25,2.375,2.5],"tintindex":0,"rotation":0,"texture":"#0"}}}],"display":{"head":{"rotation":[0.0,0.0,0.0]},"firstperson_righthand":{"rotation":[0.0,0.0,0.0]},"thirdperson_lefthand":{"rotation":[0.0,-0.0,-0.0]},"firstperson_lefthand":{"rotation":[0.0,-0.0,-0.0]},"fixed":{"rotation":[0.0,0.0,0.0]},"ground":{"rotation":[0.0,0.0,0.0]},"thirdperson_righthand":{"rotation":[0.0,0.0,0.0]},"gui":{"rotation":[-150.0,-45.0,180.0]}}}