{"textures":{"0":"modelengine:entity/am_goblin_ranger","particle":"#0"},"elements":[{"from":[10.5922,18.48655,13.5],"to":[13.592199,25.48655,13.5],"faces":{"south":{"uv":[5.75,8.875,6.125,9.75],"tintindex":0,"rotation":0,"texture":"#0"},"north":{"uv":[2.875,8.875,3.25,9.75],"tintindex":0,"rotation":0,"texture":"#0"}},"rotation":{"origin":[13.092199,24.48655,13.0],"angle":-22.5,"axis":"z"}},{"from":[3.0,8.4,4.5],"to":[13.0,17.4,11.5],"faces":{"east":{"uv":[5.0,3.25,5.875,4.375],"tintindex":0,"rotation":0,"texture":"#0"},"south":{"uv":[3.5,0.0,4.75,1.125],"tintindex":0,"rotation":0,"texture":"#0"},"north":{"uv":[2.25,3.0,3.5,4.125],"tintindex":0,"rotation":0,"texture":"#0"},"west":{"uv":[5.0,4.375,5.875,5.5],"tintindex":0,"rotation":0,"texture":"#0"},"up":{"uv":[4.75,4.25,3.5,3.375],"tintindex":0,"rotation":0,"texture":"#0"},"down":{"uv":[1.25,3.875,0.0,4.75],"tintindex":0,"rotation":0,"texture":"#0"}}},{"from":[5.7,7.0999994,11.2],"to":[10.3,19.699999,15.8],"faces":{"east":{"uv":[7.375,3.75,7.875,5.25],"tintindex":0,"rotation":0,"texture":"#0"},"south":{"uv":[0.0,7.5,0.5,9.0],"tintindex":0,"rotation":0,"texture":"#0"},"north":{"uv":[2.75,7.375,3.25,8.875],"tintindex":0,"rotation":0,"texture":"#0"},"west":{"uv":[7.5,1.5,8.0,3.0],"tintindex":0,"rotation":0,"texture":"#0"},"up":{"uv":[9.25,9.75,8.75,9.25],"tintindex":0,"rotation":0,"texture":"#0"},"down":{"uv":[9.75,9.25,9.25,9.75],"tintindex":0,"rotation":0,"texture":"#0"}},"rotation":{"origin":[8.5,13.4,13.0],"angle":-22.5,"axis":"z"}},{"from":[6.0,7.3999996,11.5],"to":[10.0,19.4,15.5],"faces":{"east":{"uv":[7.0,6.0,7.5,7.5],"tintindex":0,"rotation":0,"texture":"#0"},"south":{"uv":[7.25,0.0,7.75,1.5],"tintindex":0,"rotation":0,"texture":"#0"},"north":{"uv":[7.0,2.25,7.5,3.75],"tintindex":0,"rotation":0,"texture":"#0"},"west":{"uv":[2.25,7.375,2.75,8.875],"tintindex":0,"rotation":0,"texture":"#0"},"up":{"uv":[8.25,9.75,7.75,9.25],"tintindex":0,"rotation":0,"texture":"#0"},"down":{"uv":[8.75,9.25,8.25,9.75],"tintindex":0,"rotation":0,"texture":"#0"}},"rotation":{"origin":[8.5,13.4,13.0],"angle":-22.5,"axis":"z"}},{"from":[2.7,8.099999,4.2],"to":[13.3,17.699999,11.8],"faces":{"east":{"uv":[2.5,5.125,3.375,6.25],"tintindex":0,"rotation":0,"texture":"#0"},"south":{"uv":[3.5,2.25,4.75,3.375],"tintindex":0,"rotation":0,"texture":"#0"},"north":{"uv":[3.5,1.125,4.75,2.25],"tintindex":0,"rotation":0,"texture":"#0"},"west":{"uv":[5.375,0.0,6.25,1.125],"tintindex":0,"rotation":0,"texture":"#0"},"up":{"uv":[2.5,5.0,1.25,4.125],"tintindex":0,"rotation":0,"texture":"#0"},"down":{"uv":[3.75,4.25,2.5,5.125],"tintindex":0,"rotation":0,"texture":"#0"}}},{"from":[11.51608,18.10387,14.499001],"to":[14.51608,22.10387,14.499001],"faces":{"south":{"uv":[1.375,9.375,1.75,9.875],"tintindex":0,"rotation":0,"texture":"#0"},"north":{"uv":[1.0,9.375,1.375,9.875],"tintindex":0,"rotation":0,"texture":"#0"}},"rotation":{"origin":[14.01608,24.10387,13.999001],"angle":-22.5,"axis":"z"}}],"display":{"head":{"rotation":[0.0,0.0,0.0]},"firstperson_righthand":{"rotation":[0.0,0.0,0.0]},"thirdperson_lefthand":{"rotation":[0.0,-0.0,-0.0]},"firstperson_lefthand":{"rotation":[0.0,-0.0,-0.0]},"fixed":{"rotation":[0.0,0.0,0.0]},"ground":{"rotation":[0.0,0.0,0.0]},"thirdperson_righthand":{"rotation":[0.0,0.0,0.0]},"gui":{"rotation":[-150.0,-45.0,180.0]}}}