{"textures":{"0":"modelengine:entity/am_goblin_ranger","particle":"#0"},"elements":[{"from":[7.0,12.0,18.5],"to":[9.0,14.0,20.5],"faces":{"east":{"uv":[6.625,5.25,6.875,5.5],"tintindex":0,"rotation":0,"texture":"#0"},"south":{"uv":[7.0,0.625,7.25,0.875],"tintindex":0,"rotation":0,"texture":"#0"},"north":{"uv":[6.625,5.0,6.875,5.25],"tintindex":0,"rotation":0,"texture":"#0"},"west":{"uv":[7.0,0.875,7.25,1.125],"tintindex":0,"rotation":0,"texture":"#0"},"up":{"uv":[4.75,7.375,4.5,7.125],"tintindex":0,"rotation":0,"texture":"#0"},"down":{"uv":[0.75,7.5,0.5,7.75],"tintindex":0,"rotation":0,"texture":"#0"}}},{"from":[7.0,9.0,16.5],"to":[9.0,14.0,18.5],"faces":{"east":{"uv":[4.5,6.5,4.75,7.125],"tintindex":0,"rotation":0,"texture":"#0"},"south":{"uv":[2.25,6.625,2.5,7.25],"tintindex":0,"rotation":0,"texture":"#0"},"north":{"uv":[4.75,3.25,5.0,3.875],"tintindex":0,"rotation":0,"texture":"#0"},"west":{"uv":[6.625,4.375,6.875,5.0],"tintindex":0,"rotation":0,"texture":"#0"},"up":{"uv":[5.0,6.125,4.75,5.875],"tintindex":0,"rotation":0,"texture":"#0"},"down":{"uv":[5.0,6.125,4.75,6.375],"tintindex":0,"rotation":0,"texture":"#0"}}},{"from":[7.0,12.0,-2.5],"to":[9.0,14.0,-0.5],"faces":{"east":{"uv":[7.75,1.125,8.0,1.375],"tintindex":0,"rotation":0,"texture":"#0"},"south":{"uv":[5.5,8.0,5.75,8.25],"tintindex":0,"rotation":0,"texture":"#0"},"north":{"uv":[0.5,7.75,0.75,8.0],"tintindex":0,"rotation":0,"texture":"#0"},"west":{"uv":[5.75,8.0,6.0,8.25],"tintindex":0,"rotation":0,"texture":"#0"},"up":{"uv":[9.625,9.25,9.375,9.0],"tintindex":0,"rotation":0,"texture":"#0"},"down":{"uv":[9.75,4.875,9.5,5.125],"tintindex":0,"rotation":0,"texture":"#0"}}},{"from":[7.0,9.0,-0.5],"to":[9.0,14.0,1.5],"faces":{"east":{"uv":[7.25,1.5,7.5,2.125],"tintindex":0,"rotation":0,"texture":"#0"},"south":{"uv":[3.25,9.5,3.5,10.125],"tintindex":0,"rotation":0,"texture":"#0"},"north":{"uv":[7.0,0.0,7.25,0.625],"tintindex":0,"rotation":0,"texture":"#0"},"west":{"uv":[3.5,9.5,3.75,10.125],"tintindex":0,"rotation":0,"texture":"#0"},"up":{"uv":[6.375,9.75,6.125,9.5],"tintindex":0,"rotation":0,"texture":"#0"},"down":{"uv":[6.625,9.5,6.375,9.75],"tintindex":0,"rotation":0,"texture":"#0"}}},{"from":[7.0,7.0,-0.5],"to":[9.0,9.0,18.5],"faces":{"east":{"uv":[8.375,0.0,10.75,0.25],"tintindex":0,"rotation":0,"texture":"#0"},"south":{"uv":[4.75,3.875,5.0,4.125],"tintindex":0,"rotation":0,"texture":"#0"},"north":{"uv":[2.0,3.875,2.25,4.125],"tintindex":0,"rotation":0,"texture":"#0"},"west":{"uv":[8.375,0.25,10.75,0.5],"tintindex":0,"rotation":0,"texture":"#0"},"up":{"uv":[2.0,10.625,1.75,8.25],"tintindex":0,"rotation":0,"texture":"#0"},"down":{"uv":[2.25,8.25,2.0,10.625],"tintindex":0,"rotation":0,"texture":"#0"}}}],"display":{"head":{"rotation":[0.0,0.0,0.0]},"firstperson_righthand":{"rotation":[0.0,0.0,0.0]},"thirdperson_lefthand":{"rotation":[0.0,-0.0,-0.0]},"firstperson_lefthand":{"rotation":[0.0,-0.0,-0.0]},"fixed":{"rotation":[0.0,0.0,0.0]},"ground":{"rotation":[0.0,0.0,0.0]},"thirdperson_righthand":{"rotation":[0.0,0.0,0.0]},"gui":{"rotation":[-150.0,-45.0,180.0]}}}