{"textures":{"0":"modelengine:entity/1bit_elite_wither_skeleton","particle":"#0"},"elements":[{"from":[4.0,0.75,8.5],"to":[12.0,7.75,9.5],"faces":{"east":{"uv":[7.5,9.25,7.625,10.125],"tintindex":0,"rotation":0,"texture":"#0"},"south":{"uv":[2.25,6.875,3.25,7.75],"tintindex":0,"rotation":0,"texture":"#0"},"north":{"uv":[1.125,6.875,2.125,7.75],"tintindex":0,"rotation":0,"texture":"#0"},"west":{"uv":[9.625,1.75,9.75,2.625],"tintindex":0,"rotation":0,"texture":"#0"},"up":{"uv":[10.625,0.625,9.625,0.5],"tintindex":0,"rotation":0,"texture":"#0"},"down":{"uv":[10.625,0.75,9.625,0.875],"tintindex":0,"rotation":0,"texture":"#0"}}},{"from":[12.0,7.75,9.5],"to":[4.0,0.75,8.5],"faces":{"east":{"uv":[9.625,2.625,9.75,1.75],"tintindex":0,"rotation":0,"texture":"#0"},"south":{"uv":[1.125,7.75,2.125,6.875],"tintindex":0,"rotation":0,"texture":"#0"},"north":{"uv":[2.25,7.75,3.25,6.875],"tintindex":0,"rotation":0,"texture":"#0"},"west":{"uv":[7.5,10.125,7.625,9.25],"tintindex":0,"rotation":0,"texture":"#0"},"up":{"uv":[9.625,0.75,10.625,0.875],"tintindex":0,"rotation":0,"texture":"#0"},"down":{"uv":[9.625,0.625,10.625,0.5],"tintindex":0,"rotation":0,"texture":"#0"}}}],"display":{"head":{"rotation":[0.0,0.0,0.0]},"firstperson_righthand":{"rotation":[0.0,0.0,0.0]},"thirdperson_lefthand":{"rotation":[0.0,-0.0,-0.0]},"firstperson_lefthand":{"rotation":[0.0,-0.0,-0.0]},"fixed":{"rotation":[0.0,0.0,0.0]},"ground":{"rotation":[0.0,0.0,0.0]},"thirdperson_righthand":{"rotation":[0.0,0.0,0.0]},"gui":{"rotation":[-150.0,-45.0,180.0]}}}