{"textures":{"0":"modelengine:entity/1bit_elite_wither_skeleton","particle":"#0"},"elements":[{"from":[4.0,7.0,5.925],"to":[12.0,19.0,9.925],"faces":{"east":{"uv":[7.5,0.75,8.0,2.25],"tintindex":0,"rotation":0,"texture":"#0"},"south":{"uv":[0.0,3.625,1.0,5.125],"tintindex":0,"rotation":0,"texture":"#0"},"north":{"uv":[3.0,2.5,4.0,4.0],"tintindex":0,"rotation":0,"texture":"#0"},"west":{"uv":[3.375,7.625,3.875,9.125],"tintindex":0,"rotation":0,"texture":"#0"},"up":{"uv":[7.25,8.375,6.25,7.875],"tintindex":0,"rotation":0,"texture":"#0"},"down":{"uv":[8.875,7.125,7.875,7.625],"tintindex":0,"rotation":0,"texture":"#0"}}},{"from":[3.75,6.75,5.675],"to":[12.25,19.25,10.175],"faces":{"east":{"uv":[4.0,7.625,4.5,9.125],"tintindex":0,"rotation":0,"texture":"#0"},"south":{"uv":[2.25,4.125,3.25,5.625],"tintindex":0,"rotation":0,"texture":"#0"},"north":{"uv":[1.125,3.625,2.125,5.125],"tintindex":0,"rotation":0,"texture":"#0"},"west":{"uv":[1.125,7.875,1.625,9.375],"tintindex":0,"rotation":0,"texture":"#0"},"up":{"uv":[8.375,8.375,7.375,7.875],"tintindex":0,"rotation":0,"texture":"#0"},"down":{"uv":[1.0,8.0,0.0,8.5],"tintindex":0,"rotation":0,"texture":"#0"}}},{"from":[3.5,6.5,5.425],"to":[12.5,19.5,10.425],"faces":{"east":{"uv":[1.75,7.875,2.25,9.375],"tintindex":0,"rotation":0,"texture":"#0"},"south":{"uv":[3.375,4.125,4.375,5.625],"tintindex":0,"rotation":0,"texture":"#0"},"north":{"uv":[4.125,2.5,5.125,4.0],"tintindex":0,"rotation":0,"texture":"#0"},"west":{"uv":[2.375,7.875,2.875,9.375],"tintindex":0,"rotation":0,"texture":"#0"},"up":{"uv":[9.125,1.25,8.125,0.75],"tintindex":0,"rotation":0,"texture":"#0"},"down":{"uv":[9.125,1.375,8.125,1.875],"tintindex":0,"rotation":0,"texture":"#0"}}},{"from":[6.25,6.75,4.175],"to":[9.75,10.25,5.675],"faces":{"east":{"uv":[2.75,3.625,2.875,4.0],"tintindex":0,"rotation":0,"texture":"#0"},"south":{"uv":[9.625,0.0,10.0,0.375],"tintindex":0,"rotation":0,"texture":"#0"},"north":{"uv":[9.5,9.5,9.875,9.875],"tintindex":0,"rotation":0,"texture":"#0"},"west":{"uv":[0.75,10.0,0.875,10.375],"tintindex":0,"rotation":0,"texture":"#0"},"up":{"uv":[1.375,10.25,1.0,10.125],"tintindex":0,"rotation":0,"texture":"#0"},"down":{"uv":[10.5,1.75,10.125,1.875],"tintindex":0,"rotation":0,"texture":"#0"}}},{"from":[12.5,19.5,10.425],"to":[3.5,6.5,5.425],"faces":{"east":{"uv":[2.375,9.375,2.875,7.875],"tintindex":0,"rotation":0,"texture":"#0"},"south":{"uv":[4.125,4.0,5.125,2.5],"tintindex":0,"rotation":0,"texture":"#0"},"north":{"uv":[3.375,5.625,4.375,4.125],"tintindex":0,"rotation":0,"texture":"#0"},"west":{"uv":[1.75,9.375,2.25,7.875],"tintindex":0,"rotation":0,"texture":"#0"},"up":{"uv":[8.125,1.375,9.125,1.875],"tintindex":0,"rotation":0,"texture":"#0"},"down":{"uv":[8.125,1.25,9.125,0.75],"tintindex":0,"rotation":0,"texture":"#0"}}},{"from":[12.25,19.25,10.175],"to":[3.75,6.75,5.675],"faces":{"east":{"uv":[1.125,9.375,1.625,7.875],"tintindex":0,"rotation":0,"texture":"#0"},"south":{"uv":[1.125,5.125,2.125,3.625],"tintindex":0,"rotation":0,"texture":"#0"},"north":{"uv":[2.25,5.625,3.25,4.125],"tintindex":0,"rotation":0,"texture":"#0"},"west":{"uv":[4.0,9.125,4.5,7.625],"tintindex":0,"rotation":0,"texture":"#0"},"up":{"uv":[0.0,8.0,1.0,8.5],"tintindex":0,"rotation":0,"texture":"#0"},"down":{"uv":[7.375,8.375,8.375,7.875],"tintindex":0,"rotation":0,"texture":"#0"}}},{"from":[12.0,19.0,9.925],"to":[4.0,7.0,5.925],"faces":{"east":{"uv":[3.375,9.125,3.875,7.625],"tintindex":0,"rotation":0,"texture":"#0"},"south":{"uv":[3.0,4.0,4.0,2.5],"tintindex":0,"rotation":0,"texture":"#0"},"north":{"uv":[0.0,5.125,1.0,3.625],"tintindex":0,"rotation":0,"texture":"#0"},"west":{"uv":[7.5,2.25,8.0,0.75],"tintindex":0,"rotation":0,"texture":"#0"},"up":{"uv":[7.875,7.125,8.875,7.625],"tintindex":0,"rotation":0,"texture":"#0"},"down":{"uv":[6.25,8.375,7.25,7.875],"tintindex":0,"rotation":0,"texture":"#0"}}}],"display":{"head":{"rotation":[0.0,0.0,0.0]},"firstperson_righthand":{"rotation":[0.0,0.0,0.0]},"thirdperson_lefthand":{"rotation":[0.0,-0.0,-0.0]},"firstperson_lefthand":{"rotation":[0.0,-0.0,-0.0]},"fixed":{"rotation":[0.0,0.0,0.0]},"ground":{"rotation":[0.0,0.0,0.0]},"thirdperson_righthand":{"rotation":[0.0,0.0,0.0]},"gui":{"rotation":[-150.0,-45.0,180.0]}}}