{"textures":{"0":"modelengine:entity/1bit_elite_wither_skeleton","particle":"#0"},"elements":[{"from":[7.0,-1.0,7.0],"to":[9.0,8.0,9.0],"faces":{"east":{"uv":[9.5,0.0,9.25,1.125],"tintindex":0,"rotation":0,"texture":"#0"},"south":{"uv":[9.375,8.125,9.125,9.25],"tintindex":0,"rotation":0,"texture":"#0"},"north":{"uv":[9.25,4.625,9.0,5.75],"tintindex":0,"rotation":0,"texture":"#0"},"west":{"uv":[9.25,6.875,9.0,8.0],"tintindex":0,"rotation":0,"texture":"#0"},"up":{"uv":[0.0,10.375,0.25,10.125],"tintindex":0,"rotation":0,"texture":"#0"},"down":{"uv":[10.125,0.0,10.375,0.25],"tintindex":0,"rotation":0,"texture":"#0"}}}],"display":{"head":{"rotation":[0.0,0.0,0.0]},"firstperson_righthand":{"rotation":[0.0,0.0,0.0]},"thirdperson_lefthand":{"rotation":[0.0,-0.0,-0.0]},"firstperson_lefthand":{"rotation":[0.0,-0.0,-0.0]},"fixed":{"rotation":[0.0,0.0,0.0]},"ground":{"rotation":[0.0,0.0,0.0]},"thirdperson_righthand":{"rotation":[0.0,0.0,0.0]},"gui":{"rotation":[-150.0,-45.0,180.0]}}}