{"textures":{"0":"modelengine:entity/1bit_elite_wither_skeleton","particle":"#0"},"elements":[{"from":[13.0,8.0,8.5],"to":[3.0,3.0,7.5],"faces":{"east":{"uv":[0.5,10.625,0.625,10.0],"tintindex":0,"rotation":0,"texture":"#0"},"south":{"uv":[3.375,7.5,4.625,6.875],"tintindex":0,"rotation":0,"texture":"#0"},"north":{"uv":[7.375,0.625,8.625,0.0],"tintindex":0,"rotation":0,"texture":"#0"},"west":{"uv":[9.875,2.375,10.0,1.75],"tintindex":0,"rotation":0,"texture":"#0"},"up":{"uv":[9.375,7.75,10.625,7.875],"tintindex":0,"rotation":0,"texture":"#0"},"down":{"uv":[9.375,5.75,10.625,5.625],"tintindex":0,"rotation":0,"texture":"#0"}}},{"from":[3.0,3.0,7.5],"to":[13.0,8.0,8.5],"faces":{"east":{"uv":[9.875,1.75,10.0,2.375],"tintindex":0,"rotation":0,"texture":"#0"},"south":{"uv":[7.375,0.0,8.625,0.625],"tintindex":0,"rotation":0,"texture":"#0"},"north":{"uv":[3.375,6.875,4.625,7.5],"tintindex":0,"rotation":0,"texture":"#0"},"west":{"uv":[0.5,10.0,0.625,10.625],"tintindex":0,"rotation":0,"texture":"#0"},"up":{"uv":[10.625,5.75,9.375,5.625],"tintindex":0,"rotation":0,"texture":"#0"},"down":{"uv":[10.625,7.75,9.375,7.875],"tintindex":0,"rotation":0,"texture":"#0"}}}],"display":{"head":{"rotation":[0.0,0.0,0.0]},"firstperson_righthand":{"rotation":[0.0,0.0,0.0]},"thirdperson_lefthand":{"rotation":[0.0,-0.0,-0.0]},"firstperson_lefthand":{"rotation":[0.0,-0.0,-0.0]},"fixed":{"rotation":[0.0,0.0,0.0]},"ground":{"rotation":[0.0,0.0,0.0]},"thirdperson_righthand":{"rotation":[0.0,0.0,0.0]},"gui":{"rotation":[-150.0,-45.0,180.0]}}}