{"textures":{"0":"modelengine:entity/1bit_elite_wither_skeleton","particle":"#0"},"elements":[{"from":[3.75,7.75,3.75],"to":[12.25,16.25,12.25],"faces":{"east":{"uv":[6.375,2.25,7.375,3.25],"tintindex":0,"rotation":0,"texture":"#0"},"south":{"uv":[5.625,6.375,6.625,7.375],"tintindex":0,"rotation":0,"texture":"#0"},"north":{"uv":[6.375,1.125,7.375,2.125],"tintindex":0,"rotation":0,"texture":"#0"},"west":{"uv":[6.75,3.375,7.75,4.375],"tintindex":0,"rotation":0,"texture":"#0"},"up":{"uv":[7.75,5.5,6.75,4.5],"tintindex":0,"rotation":0,"texture":"#0"},"down":{"uv":[7.75,5.625,6.75,6.625],"tintindex":0,"rotation":0,"texture":"#0"}}},{"from":[12.25,16.25,12.25],"to":[3.75,7.75,3.75],"faces":{"east":{"uv":[6.75,4.375,7.75,3.375],"tintindex":0,"rotation":0,"texture":"#0"},"south":{"uv":[6.375,2.125,7.375,1.125],"tintindex":0,"rotation":0,"texture":"#0"},"north":{"uv":[5.625,7.375,6.625,6.375],"tintindex":0,"rotation":0,"texture":"#0"},"west":{"uv":[6.375,3.25,7.375,2.25],"tintindex":0,"rotation":0,"texture":"#0"},"up":{"uv":[6.75,5.625,7.75,6.625],"tintindex":0,"rotation":0,"texture":"#0"},"down":{"uv":[6.75,5.5,7.75,4.5],"tintindex":0,"rotation":0,"texture":"#0"}}},{"from":[12.5,20.5,12.5],"to":[3.5,7.5,3.5],"faces":{"east":{"uv":[1.125,6.75,2.125,5.25],"tintindex":0,"rotation":0,"texture":"#0"},"south":{"uv":[4.5,5.625,5.5,4.125],"tintindex":0,"rotation":0,"texture":"#0"},"north":{"uv":[0.0,6.75,1.0,5.25],"tintindex":0,"rotation":0,"texture":"#0"},"west":{"uv":[5.125,1.5,6.125,0.0],"tintindex":0,"rotation":0,"texture":"#0"},"up":{"uv":[0.0,6.875,1.0,7.875],"tintindex":0,"rotation":0,"texture":"#0"},"down":{"uv":[6.75,7.75,7.75,6.75],"tintindex":0,"rotation":0,"texture":"#0"}}},{"from":[4.0,8.0,4.0],"to":[12.0,16.0,12.0],"faces":{"east":{"uv":[5.625,5.25,6.625,6.25],"tintindex":0,"rotation":0,"texture":"#0"},"south":{"uv":[2.25,5.75,3.25,6.75],"tintindex":0,"rotation":0,"texture":"#0"},"north":{"uv":[5.625,4.125,6.625,5.125],"tintindex":0,"rotation":0,"texture":"#0"},"west":{"uv":[3.375,5.75,4.375,6.75],"tintindex":0,"rotation":0,"texture":"#0"},"up":{"uv":[5.5,6.75,4.5,5.75],"tintindex":0,"rotation":0,"texture":"#0"},"down":{"uv":[7.25,0.0,6.25,1.0],"tintindex":0,"rotation":0,"texture":"#0"}}},{"from":[3.5,7.5,3.5],"to":[12.5,20.5,12.5],"faces":{"east":{"uv":[5.125,0.0,6.125,1.5],"tintindex":0,"rotation":0,"texture":"#0"},"south":{"uv":[0.0,5.25,1.0,6.75],"tintindex":0,"rotation":0,"texture":"#0"},"north":{"uv":[4.5,4.125,5.5,5.625],"tintindex":0,"rotation":0,"texture":"#0"},"west":{"uv":[1.125,5.25,2.125,6.75],"tintindex":0,"rotation":0,"texture":"#0"},"up":{"uv":[7.75,7.75,6.75,6.75],"tintindex":0,"rotation":0,"texture":"#0"},"down":{"uv":[1.0,6.875,0.0,7.875],"tintindex":0,"rotation":0,"texture":"#0"}}}],"display":{"head":{"rotation":[0.0,0.0,0.0]},"firstperson_righthand":{"rotation":[0.0,0.0,0.0]},"thirdperson_lefthand":{"rotation":[0.0,-0.0,-0.0]},"firstperson_lefthand":{"rotation":[0.0,-0.0,-0.0]},"fixed":{"rotation":[0.0,0.0,0.0]},"ground":{"rotation":[0.0,0.0,0.0]},"thirdperson_righthand":{"rotation":[0.0,0.0,0.0]},"gui":{"rotation":[-150.0,-45.0,180.0]}}}