{"textures":{"0":"modelengine:entity/1bit_elite_wither_skeleton","particle":"#0"},"elements":[{"from":[7.1464453,7.0,0.625],"to":[8.646445,8.5,1.625],"faces":{"east":{"uv":[9.75,3.875,10.125,3.625],"tintindex":0,"rotation":270,"texture":"#0"},"south":{"uv":[9.5,8.0,9.875,8.375],"tintindex":0,"rotation":0,"texture":"#0"},"north":{"uv":[2.25,4.0,2.625,3.625],"tintindex":0,"rotation":180,"texture":"#0"},"west":{"uv":[8.125,2.25,8.5,2.0],"tintindex":0,"rotation":90,"texture":"#0"},"up":{"uv":[10.125,3.25,9.75,3.5],"tintindex":0,"rotation":0,"texture":"#0"},"down":{"uv":[6.625,7.5,6.25,7.75],"tintindex":0,"rotation":180,"texture":"#0"}},"rotation":{"origin":[7.6464453,8.0,1.625],"angle":45.0,"axis":"z"}},{"from":[7.625,7.625,1.625],"to":[8.375,8.375,13.375],"faces":{"east":{"uv":[5.875,10.5,6.125,7.5],"tintindex":0,"rotation":270,"texture":"#0"},"south":{"uv":[4.875,10.0,5.125,10.25],"tintindex":0,"rotation":0,"texture":"#0"},"north":{"uv":[4.5,10.25,4.75,10.0],"tintindex":0,"rotation":180,"texture":"#0"},"west":{"uv":[5.125,9.875,5.375,6.875],"tintindex":0,"rotation":90,"texture":"#0"},"up":{"uv":[5.75,7.5,5.5,10.5],"tintindex":0,"rotation":0,"texture":"#0"},"down":{"uv":[5.0,6.875,4.75,9.875],"tintindex":0,"rotation":180,"texture":"#0"}},"rotation":{"origin":[8.0,8.0,13.5],"angle":45.0,"axis":"z"}},{"from":[8.0,0.5,-7.6499996],"to":[8.0,12.0,6.35],"faces":{"east":{"uv":[0.0,3.5,2.875,0.0],"tintindex":0,"rotation":270,"texture":"#0"},"west":{"uv":[2.875,3.5,0.0,0.0],"tintindex":0,"rotation":90,"texture":"#0"}}},{"from":[7.1464453,7.0,-5.625],"to":[8.646445,8.5,-4.625],"faces":{"east":{"uv":[8.625,10.0,9.0,9.75],"tintindex":0,"rotation":270,"texture":"#0"},"south":{"uv":[9.5,9.0,9.875,9.375],"tintindex":0,"rotation":0,"texture":"#0"},"north":{"uv":[9.5,8.875,9.875,8.5],"tintindex":0,"rotation":180,"texture":"#0"},"west":{"uv":[9.75,4.625,10.125,4.375],"tintindex":0,"rotation":90,"texture":"#0"},"up":{"uv":[10.125,4.75,9.75,5.0],"tintindex":0,"rotation":0,"texture":"#0"},"down":{"uv":[10.125,4.0,9.75,4.25],"tintindex":0,"rotation":180,"texture":"#0"}},"rotation":{"origin":[7.6464453,8.0,-4.625],"angle":45.0,"axis":"z"}},{"from":[7.375,7.375,12.0],"to":[8.625,8.625,12.75],"faces":{"east":{"uv":[10.125,2.125,10.375,2.0],"tintindex":0,"rotation":270,"texture":"#0"},"south":{"uv":[4.125,10.0,4.375,10.25],"tintindex":0,"rotation":0,"texture":"#0"},"north":{"uv":[3.75,10.25,4.0,10.0],"tintindex":0,"rotation":180,"texture":"#0"},"west":{"uv":[8.625,7.0,8.875,6.875],"tintindex":0,"rotation":90,"texture":"#0"},"up":{"uv":[9.875,6.375,9.625,6.5],"tintindex":0,"rotation":0,"texture":"#0"},"down":{"uv":[6.625,3.875,6.375,4.0],"tintindex":0,"rotation":180,"texture":"#0"}},"rotation":{"origin":[8.0,8.0,12.625],"angle":45.0,"axis":"z"}},{"from":[7.375,7.375,-4.625],"to":[8.625,8.625,0.625],"faces":{"east":{"uv":[8.25,10.125,8.5,8.875],"tintindex":0,"rotation":270,"texture":"#0"},"south":{"uv":[6.25,10.0,6.5,10.25],"tintindex":0,"rotation":0,"texture":"#0"},"north":{"uv":[10.0,6.125,10.25,5.875],"tintindex":0,"rotation":180,"texture":"#0"},"west":{"uv":[0.625,9.875,0.875,8.625],"tintindex":0,"rotation":90,"texture":"#0"},"up":{"uv":[8.875,4.625,8.625,5.875],"tintindex":0,"rotation":0,"texture":"#0"},"down":{"uv":[3.25,7.875,3.0,9.125],"tintindex":0,"rotation":180,"texture":"#0"}},"rotation":{"origin":[8.0,8.0,3.5],"angle":45.0,"axis":"z"}},{"from":[7.375,7.375,13.0],"to":[8.625,8.625,14.75],"faces":{"east":{"uv":[7.75,10.0,8.0,9.625],"tintindex":0,"rotation":270,"texture":"#0"},"south":{"uv":[10.0,2.875,10.25,3.125],"tintindex":0,"rotation":0,"texture":"#0"},"north":{"uv":[10.0,2.75,10.25,2.5],"tintindex":0,"rotation":180,"texture":"#0"},"west":{"uv":[9.625,3.125,9.875,2.75],"tintindex":0,"rotation":90,"texture":"#0"},"up":{"uv":[9.875,5.875,9.625,6.25],"tintindex":0,"rotation":0,"texture":"#0"},"down":{"uv":[6.625,3.375,6.375,3.75],"tintindex":0,"rotation":180,"texture":"#0"}},"rotation":{"origin":[8.0,8.0,14.625],"angle":45.0,"axis":"z"}}],"display":{"head":{"rotation":[0.0,0.0,0.0]},"firstperson_righthand":{"rotation":[0.0,0.0,0.0]},"thirdperson_lefthand":{"rotation":[0.0,-0.0,-0.0]},"firstperson_lefthand":{"rotation":[0.0,-0.0,-0.0]},"fixed":{"rotation":[0.0,0.0,0.0]},"ground":{"rotation":[0.0,0.0,0.0]},"thirdperson_righthand":{"rotation":[0.0,0.0,0.0]},"gui":{"rotation":[-150.0,-45.0,180.0]}}}