{"textures":{"0":"modelengine:entity/1bit_elite_wither_skeleton","particle":"#0"},"elements":[{"from":[7.125,0.0,7.0],"to":[9.125,8.0,9.0],"faces":{"east":{"uv":[9.25,2.375,9.5,3.375],"tintindex":0,"rotation":0,"texture":"#0"},"south":{"uv":[3.0,9.25,3.25,10.25],"tintindex":0,"rotation":0,"texture":"#0"},"north":{"uv":[9.25,1.25,9.5,2.25],"tintindex":0,"rotation":0,"texture":"#0"},"west":{"uv":[3.375,9.25,3.625,10.25],"tintindex":0,"rotation":0,"texture":"#0"},"up":{"uv":[10.25,9.375,10.0,9.125],"tintindex":0,"rotation":0,"texture":"#0"},"down":{"uv":[9.75,10.0,9.5,10.25],"tintindex":0,"rotation":0,"texture":"#0"}}},{"from":[6.375,1.6750002,6.0],"to":[9.375,7.674999,10.0],"faces":{"east":{"uv":[8.625,2.875,9.125,3.625],"tintindex":0,"rotation":0,"texture":"#0"},"south":{"uv":[8.625,8.875,9.0,9.625],"tintindex":0,"rotation":0,"texture":"#0"},"north":{"uv":[8.625,6.0,9.0,6.75],"tintindex":0,"rotation":0,"texture":"#0"},"west":{"uv":[8.625,3.75,9.125,4.5],"tintindex":0,"rotation":0,"texture":"#0"},"up":{"uv":[0.375,10.0,0.0,9.5],"tintindex":0,"rotation":0,"texture":"#0"},"down":{"uv":[1.375,9.5,1.0,10.0],"tintindex":0,"rotation":0,"texture":"#0"}}}],"display":{"head":{"rotation":[0.0,0.0,0.0]},"firstperson_righthand":{"rotation":[0.0,0.0,0.0]},"thirdperson_lefthand":{"rotation":[0.0,-0.0,-0.0]},"firstperson_lefthand":{"rotation":[0.0,-0.0,-0.0]},"fixed":{"rotation":[0.0,0.0,0.0]},"ground":{"rotation":[0.0,0.0,0.0]},"thirdperson_righthand":{"rotation":[0.0,0.0,0.0]},"gui":{"rotation":[-150.0,-45.0,180.0]}}}