{"textures":{"0":"modelengine:entity/1bit_elite_wither_skeleton","particle":"#0"},"elements":[{"from":[14.375,-9.0,9.175],"to":[15.375,-7.5,10.675],"faces":{"east":{"uv":[2.625,4.0,2.25,3.625],"tintindex":0,"rotation":90,"texture":"#0"},"south":{"uv":[10.125,3.5,9.75,3.25],"tintindex":0,"rotation":270,"texture":"#0"},"north":{"uv":[6.625,7.75,6.25,7.5],"tintindex":0,"rotation":90,"texture":"#0"},"west":{"uv":[9.875,8.0,9.5,8.375],"tintindex":0,"rotation":90,"texture":"#0"},"up":{"uv":[9.75,3.625,10.125,3.875],"tintindex":0,"rotation":90,"texture":"#0"},"down":{"uv":[8.125,2.0,8.5,2.25],"tintindex":0,"rotation":90,"texture":"#0"}},"rotation":{"origin":[11.625,-2.5,-10.5],"angle":-45.0,"axis":"x"}},{"from":[20.625,-9.0,9.175],"to":[21.625,-7.5,10.675],"faces":{"east":{"uv":[9.875,8.875,9.5,8.5],"tintindex":0,"rotation":90,"texture":"#0"},"south":{"uv":[10.125,5.0,9.75,4.75],"tintindex":0,"rotation":270,"texture":"#0"},"north":{"uv":[10.125,4.25,9.75,4.0],"tintindex":0,"rotation":90,"texture":"#0"},"west":{"uv":[9.875,9.0,9.5,9.375],"tintindex":0,"rotation":90,"texture":"#0"},"up":{"uv":[8.625,9.75,9.0,10.0],"tintindex":0,"rotation":90,"texture":"#0"},"down":{"uv":[9.75,4.375,10.125,4.625],"tintindex":0,"rotation":90,"texture":"#0"}},"rotation":{"origin":[11.625,-2.5,-10.5],"angle":-45.0,"axis":"x"}},{"from":[2.625,7.625,7.625],"to":[14.375,8.375,8.375],"faces":{"east":{"uv":[4.75,10.25,4.5,10.0],"tintindex":0,"rotation":0,"texture":"#0"},"south":{"uv":[5.875,7.5,6.125,10.5],"tintindex":0,"rotation":90,"texture":"#0"},"north":{"uv":[5.125,6.875,5.375,9.875],"tintindex":0,"rotation":270,"texture":"#0"},"west":{"uv":[5.125,10.0,4.875,10.25],"tintindex":0,"rotation":180,"texture":"#0"},"up":{"uv":[5.0,9.875,4.75,6.875],"tintindex":0,"rotation":270,"texture":"#0"},"down":{"uv":[5.75,10.5,5.5,7.5],"tintindex":0,"rotation":270,"texture":"#0"}},"rotation":{"origin":[2.5,8.0,8.0],"angle":-45.0,"axis":"x"}},{"from":[1.25,-8.875,9.3],"to":[3.0,-7.625,10.55],"faces":{"east":{"uv":[10.25,2.75,10.0,2.5],"tintindex":0,"rotation":90,"texture":"#0"},"south":{"uv":[9.875,6.25,9.625,5.875],"tintindex":0,"rotation":270,"texture":"#0"},"north":{"uv":[6.625,3.75,6.375,3.375],"tintindex":0,"rotation":90,"texture":"#0"},"west":{"uv":[10.25,2.875,10.0,3.125],"tintindex":0,"rotation":90,"texture":"#0"},"up":{"uv":[7.75,9.625,8.0,10.0],"tintindex":0,"rotation":90,"texture":"#0"},"down":{"uv":[9.625,2.75,9.875,3.125],"tintindex":0,"rotation":90,"texture":"#0"}},"rotation":{"origin":[11.625,-2.5,-10.5],"angle":-45.0,"axis":"x"}},{"from":[15.375,-8.875,9.3],"to":[20.625,-7.625,10.55],"faces":{"east":{"uv":[10.25,6.125,10.0,5.875],"tintindex":0,"rotation":90,"texture":"#0"},"south":{"uv":[8.875,5.875,8.625,4.625],"tintindex":0,"rotation":270,"texture":"#0"},"north":{"uv":[3.25,9.125,3.0,7.875],"tintindex":0,"rotation":90,"texture":"#0"},"west":{"uv":[6.5,10.0,6.25,10.25],"tintindex":0,"rotation":90,"texture":"#0"},"up":{"uv":[8.25,8.875,8.5,10.125],"tintindex":0,"rotation":90,"texture":"#0"},"down":{"uv":[0.625,8.625,0.875,9.875],"tintindex":0,"rotation":90,"texture":"#0"}},"rotation":{"origin":[11.625,-2.5,-10.5],"angle":-45.0,"axis":"x"}},{"from":[3.25,-8.875,9.3],"to":[4.0,-7.625,10.55],"faces":{"east":{"uv":[4.0,10.25,3.75,10.0],"tintindex":0,"rotation":90,"texture":"#0"},"south":{"uv":[9.875,6.5,9.625,6.375],"tintindex":0,"rotation":270,"texture":"#0"},"north":{"uv":[6.625,4.0,6.375,3.875],"tintindex":0,"rotation":90,"texture":"#0"},"west":{"uv":[4.375,10.0,4.125,10.25],"tintindex":0,"rotation":90,"texture":"#0"},"up":{"uv":[10.125,2.0,10.375,2.125],"tintindex":0,"rotation":90,"texture":"#0"},"down":{"uv":[8.625,6.875,8.875,7.0],"tintindex":0,"rotation":90,"texture":"#0"}},"rotation":{"origin":[11.625,-2.5,-10.5],"angle":-45.0,"axis":"x"}},{"from":[9.65,4.0,8.0],"to":[23.65,15.5,8.0],"faces":{"south":{"uv":[0.0,0.0,2.875,3.5],"tintindex":0,"rotation":90,"texture":"#0"},"north":{"uv":[2.875,0.0,0.0,3.5],"tintindex":0,"rotation":270,"texture":"#0"}}}],"display":{"head":{"rotation":[0.0,0.0,0.0]},"firstperson_righthand":{"rotation":[0.0,0.0,0.0]},"thirdperson_lefthand":{"rotation":[0.0,-0.0,-0.0]},"firstperson_lefthand":{"rotation":[0.0,-0.0,-0.0]},"fixed":{"rotation":[0.0,0.0,0.0]},"ground":{"rotation":[0.0,0.0,0.0]},"thirdperson_righthand":{"rotation":[0.0,0.0,0.0]},"gui":{"rotation":[-150.0,-45.0,180.0]}}}