{"textures":{"0":"modelengine:entity/1bit_elite_wither_skeleton","particle":"#0"},"elements":[{"from":[6.29167,6.0,5.0],"to":[8.29167,8.0,11.0],"faces":{"east":{"uv":[10.125,7.375,9.375,7.625],"tintindex":0,"rotation":0,"texture":"#0"},"south":{"uv":[10.25,8.0,10.0,8.25],"tintindex":0,"rotation":0,"texture":"#0"},"north":{"uv":[10.25,6.25,10.0,6.5],"tintindex":0,"rotation":0,"texture":"#0"},"west":{"uv":[10.125,7.0,9.375,7.25],"tintindex":0,"rotation":0,"texture":"#0"},"up":{"uv":[4.875,2.375,5.125,1.625],"tintindex":0,"rotation":0,"texture":"#0"},"down":{"uv":[9.125,9.375,9.375,10.125],"tintindex":0,"rotation":0,"texture":"#0"}}},{"from":[10.29167,8.0,10.5],"to":[7.29167,3.0,5.5],"faces":{"east":{"uv":[6.875,9.125,6.25,8.5],"tintindex":0,"rotation":0,"texture":"#0"},"south":{"uv":[9.625,4.125,9.25,3.5],"tintindex":0,"rotation":0,"texture":"#0"},"north":{"uv":[4.125,9.875,3.75,9.25],"tintindex":0,"rotation":0,"texture":"#0"},"west":{"uv":[7.625,9.125,7.0,8.5],"tintindex":0,"rotation":0,"texture":"#0"},"up":{"uv":[6.625,9.25,6.25,9.875],"tintindex":0,"rotation":0,"texture":"#0"},"down":{"uv":[4.625,9.875,4.25,9.25],"tintindex":0,"rotation":0,"texture":"#0"}}},{"from":[7.29167,3.0,5.5],"to":[10.29167,8.0,10.5],"faces":{"east":{"uv":[7.625,8.5,7.0,9.125],"tintindex":0,"rotation":0,"texture":"#0"},"south":{"uv":[4.125,9.25,3.75,9.875],"tintindex":0,"rotation":0,"texture":"#0"},"north":{"uv":[9.625,3.5,9.25,4.125],"tintindex":0,"rotation":0,"texture":"#0"},"west":{"uv":[6.875,8.5,6.25,9.125],"tintindex":0,"rotation":0,"texture":"#0"},"up":{"uv":[4.25,9.875,4.625,9.25],"tintindex":0,"rotation":0,"texture":"#0"},"down":{"uv":[6.25,9.25,6.625,9.875],"tintindex":0,"rotation":0,"texture":"#0"}}},{"from":[6.54167,2.0,7.0],"to":[8.54167,9.0,9.0],"faces":{"east":{"uv":[9.625,4.25,9.375,5.125],"tintindex":0,"rotation":0,"texture":"#0"},"south":{"uv":[7.375,9.25,7.125,10.125],"tintindex":0,"rotation":0,"texture":"#0"},"north":{"uv":[7.75,2.375,7.5,3.25],"tintindex":0,"rotation":0,"texture":"#0"},"west":{"uv":[7.0,9.25,6.75,10.125],"tintindex":0,"rotation":0,"texture":"#0"},"up":{"uv":[10.0,8.625,10.25,8.375],"tintindex":0,"rotation":0,"texture":"#0"},"down":{"uv":[10.0,8.75,10.25,9.0],"tintindex":0,"rotation":0,"texture":"#0"}}},{"from":[6.29167,8.0,5.0],"to":[10.29167,10.0,11.0],"faces":{"east":{"uv":[10.125,6.625,9.375,6.875],"tintindex":0,"rotation":0,"texture":"#0"},"south":{"uv":[10.125,1.375,9.625,1.625],"tintindex":0,"rotation":0,"texture":"#0"},"north":{"uv":[10.125,1.0,9.625,1.25],"tintindex":0,"rotation":0,"texture":"#0"},"west":{"uv":[10.125,5.25,9.375,5.5],"tintindex":0,"rotation":0,"texture":"#0"},"up":{"uv":[0.0,9.375,0.5,8.625],"tintindex":0,"rotation":0,"texture":"#0"},"down":{"uv":[8.625,2.0,9.125,2.75],"tintindex":0,"rotation":0,"texture":"#0"}}}],"display":{"head":{"rotation":[0.0,0.0,0.0]},"firstperson_righthand":{"rotation":[0.0,0.0,0.0]},"thirdperson_lefthand":{"rotation":[0.0,-0.0,-0.0]},"firstperson_lefthand":{"rotation":[0.0,-0.0,-0.0]},"fixed":{"rotation":[0.0,0.0,0.0]},"ground":{"rotation":[0.0,0.0,0.0]},"thirdperson_righthand":{"rotation":[0.0,0.0,0.0]},"gui":{"rotation":[-150.0,-45.0,180.0]}}}