{"textures":{"0":"modelengine:entity/1bit_elite_wither_skeleton","particle":"#0"},"elements":[{"from":[6.625,1.6750002,6.0],"to":[9.625,7.674999,10.0],"faces":{"east":{"uv":[9.125,3.75,8.625,4.5],"tintindex":0,"rotation":0,"texture":"#0"},"south":{"uv":[9.0,8.875,8.625,9.625],"tintindex":0,"rotation":0,"texture":"#0"},"north":{"uv":[9.0,6.0,8.625,6.75],"tintindex":0,"rotation":0,"texture":"#0"},"west":{"uv":[9.125,2.875,8.625,3.625],"tintindex":0,"rotation":0,"texture":"#0"},"up":{"uv":[0.0,10.0,0.375,9.5],"tintindex":0,"rotation":0,"texture":"#0"},"down":{"uv":[1.0,9.5,1.375,10.0],"tintindex":0,"rotation":0,"texture":"#0"}}},{"from":[6.875,0.0,7.0],"to":[8.875,8.0,9.0],"faces":{"east":{"uv":[3.625,9.25,3.375,10.25],"tintindex":0,"rotation":0,"texture":"#0"},"south":{"uv":[3.25,9.25,3.0,10.25],"tintindex":0,"rotation":0,"texture":"#0"},"north":{"uv":[9.5,1.25,9.25,2.25],"tintindex":0,"rotation":0,"texture":"#0"},"west":{"uv":[9.5,2.375,9.25,3.375],"tintindex":0,"rotation":0,"texture":"#0"},"up":{"uv":[10.0,9.375,10.25,9.125],"tintindex":0,"rotation":0,"texture":"#0"},"down":{"uv":[9.5,10.0,9.75,10.25],"tintindex":0,"rotation":0,"texture":"#0"}}}],"display":{"head":{"rotation":[0.0,0.0,0.0]},"firstperson_righthand":{"rotation":[0.0,0.0,0.0]},"thirdperson_lefthand":{"rotation":[0.0,-0.0,-0.0]},"firstperson_lefthand":{"rotation":[0.0,-0.0,-0.0]},"fixed":{"rotation":[0.0,0.0,0.0]},"ground":{"rotation":[0.0,0.0,0.0]},"thirdperson_righthand":{"rotation":[0.0,0.0,0.0]},"gui":{"rotation":[-150.0,-45.0,180.0]}}}