{"textures":{"0":"modelengine:entity/1bit_elite_wither_skeleton","particle":"#0"},"elements":[{"from":[7.0,2.0,7.0],"to":[9.0,8.0,9.0],"faces":{"east":{"uv":[2.875,9.5,2.625,10.25],"tintindex":0,"rotation":0,"texture":"#0"},"south":{"uv":[2.5,9.5,2.25,10.25],"tintindex":0,"rotation":0,"texture":"#0"},"north":{"uv":[1.75,9.5,1.5,10.25],"tintindex":0,"rotation":0,"texture":"#0"},"west":{"uv":[2.125,9.5,1.875,10.25],"tintindex":0,"rotation":0,"texture":"#0"},"up":{"uv":[10.0,9.75,10.25,9.5],"tintindex":0,"rotation":0,"texture":"#0"},"down":{"uv":[9.875,10.0,10.125,10.25],"tintindex":0,"rotation":0,"texture":"#0"}}}],"display":{"head":{"rotation":[0.0,0.0,0.0]},"firstperson_righthand":{"rotation":[0.0,0.0,0.0]},"thirdperson_lefthand":{"rotation":[0.0,-0.0,-0.0]},"firstperson_lefthand":{"rotation":[0.0,-0.0,-0.0]},"fixed":{"rotation":[0.0,0.0,0.0]},"ground":{"rotation":[0.0,0.0,0.0]},"thirdperson_righthand":{"rotation":[0.0,0.0,0.0]},"gui":{"rotation":[-150.0,-45.0,180.0]}}}