{"textures":{"0":"modelengine:entity/1bit_elite_wither_skeleton","particle":"#0"},"elements":[{"from":[8.525,8.275,10.525],"to":[5.475,0.225,5.475],"faces":{"east":{"uv":[8.5,5.875,7.875,4.875],"tintindex":0,"rotation":0,"texture":"#0"},"south":{"uv":[8.125,9.5,7.75,8.5],"tintindex":0,"rotation":0,"texture":"#0"},"north":{"uv":[8.875,8.75,8.5,7.75],"tintindex":0,"rotation":0,"texture":"#0"},"west":{"uv":[8.5,7.0,7.875,6.0],"tintindex":0,"rotation":0,"texture":"#0"},"up":{"uv":[9.5,5.875,9.125,6.5],"tintindex":0,"rotation":0,"texture":"#0"},"down":{"uv":[9.125,0.625,8.75,0.0],"tintindex":0,"rotation":0,"texture":"#0"}}},{"from":[5.475,0.225,5.475],"to":[8.525,8.275,10.525],"faces":{"east":{"uv":[8.5,6.0,7.875,7.0],"tintindex":0,"rotation":0,"texture":"#0"},"south":{"uv":[8.875,7.75,8.5,8.75],"tintindex":0,"rotation":0,"texture":"#0"},"north":{"uv":[8.125,8.5,7.75,9.5],"tintindex":0,"rotation":0,"texture":"#0"},"west":{"uv":[8.5,4.875,7.875,5.875],"tintindex":0,"rotation":0,"texture":"#0"},"up":{"uv":[8.75,0.625,9.125,0.0],"tintindex":0,"rotation":0,"texture":"#0"},"down":{"uv":[9.125,5.875,9.5,6.5],"tintindex":0,"rotation":0,"texture":"#0"}}}],"display":{"head":{"rotation":[0.0,0.0,0.0]},"firstperson_righthand":{"rotation":[0.0,0.0,0.0]},"thirdperson_lefthand":{"rotation":[0.0,-0.0,-0.0]},"firstperson_lefthand":{"rotation":[0.0,-0.0,-0.0]},"fixed":{"rotation":[0.0,0.0,0.0]},"ground":{"rotation":[0.0,0.0,0.0]},"thirdperson_righthand":{"rotation":[0.0,0.0,0.0]},"gui":{"rotation":[-150.0,-45.0,180.0]}}}