{
  "music.game": {
    "replace": true,
    "sounds": [
      { "name": "music/custom/ambient_1", "stream": true },
      { "name": "music/custom/ambient_2", "stream": true }
    ]
  },

  "custom.spawn": {
    "replace": false,
    "category": "music",
    "sounds": [
      { "name": "music/custom/spawn", "stream": true }
    ]
  },

  "custom.singularity": {
    "replace": false,
    "category": "music",
    "sounds": [
      { "name": "music/custom/singularity", "stream": true }
    ]
  }
}
