{"textures":{"0":"modelengine:entity/orc_spearthrower_am","particle":"#0"},"elements":[{"from":[3.9,7.4,7.4],"to":[12.1,8.6,8.6],"faces":{"east":{"uv":[3.75,1.6875,3.8125,1.75],"tintindex":0,"rotation":0,"texture":"#0"},"south":{"uv":[7.25,4.25,7.75,4.3125],"tintindex":0,"rotation":0,"texture":"#0"},"north":{"uv":[7.25,1.375,7.75,1.4375],"tintindex":0,"rotation":0,"texture":"#0"},"west":{"uv":[3.75,1.8125,3.8125,1.875],"tintindex":0,"rotation":0,"texture":"#0"},"up":{"uv":[7.75,6.375,7.25,6.3125],"tintindex":0,"rotation":0,"texture":"#0"},"down":{"uv":[7.8125,3.0,7.3125,3.0625],"tintindex":0,"rotation":0,"texture":"#0"}}}],"display":{"head":{"rotation":[0.0,0.0,0.0]},"firstperson_righthand":{"rotation":[0.0,0.0,0.0]},"thirdperson_lefthand":{"rotation":[0.0,-0.0,-0.0]},"firstperson_lefthand":{"rotation":[0.0,-0.0,-0.0]},"fixed":{"rotation":[0.0,0.0,0.0]},"ground":{"rotation":[0.0,0.0,0.0]},"thirdperson_righthand":{"rotation":[0.0,0.0,0.0]},"gui":{"rotation":[-150.0,-45.0,180.0]}}}