{"textures":{"0":"modelengine:entity/orc_spearthrower_am","particle":"#0"},"elements":[{"from":[8.0,2.9546127,13.81283],"to":[8.0,13.954613,16.81283],"faces":{"east":{"uv":[3.0625,5.8125,3.25,6.5],"tintindex":0,"rotation":0,"texture":"#0"},"west":{"uv":[0.0,6.25,0.1875,6.9375],"tintindex":0,"rotation":0,"texture":"#0"}},"rotation":{"origin":[8.0,8.454613,15.31283],"angle":-22.5,"axis":"x"}},{"from":[5.5,5.5,8.5],"to":[10.5,11.5,14.5],"faces":{"east":{"uv":[6.1875,5.6875,6.5625,6.0625],"tintindex":0,"rotation":0,"texture":"#0"},"south":{"uv":[3.3125,6.375,3.625,6.75],"tintindex":0,"rotation":0,"texture":"#0"},"north":{"uv":[2.625,6.25,2.9375,6.625],"tintindex":0,"rotation":0,"texture":"#0"},"west":{"uv":[6.0625,6.1875,6.4375,6.5625],"tintindex":0,"rotation":0,"texture":"#0"},"up":{"uv":[5.4375,6.75,5.125,6.375],"tintindex":0,"rotation":0,"texture":"#0"},"down":{"uv":[6.8125,2.5,6.5,2.875],"tintindex":0,"rotation":0,"texture":"#0"}},"rotation":{"origin":[7.5,6.0,12.0],"angle":-22.5,"axis":"x"}},{"from":[5.5,1.1194,6.58658],"to":[10.5,5.1194,12.58658],"faces":{"east":{"uv":[0.0,7.0,0.375,7.25],"tintindex":0,"rotation":0,"texture":"#0"},"south":{"uv":[2.0625,7.0,2.375,7.25],"tintindex":0,"rotation":0,"texture":"#0"},"north":{"uv":[0.875,7.0,1.1875,7.25],"tintindex":0,"rotation":0,"texture":"#0"},"west":{"uv":[0.4375,7.0,0.8125,7.25],"tintindex":0,"rotation":0,"texture":"#0"},"up":{"uv":[6.8125,6.5,6.5,6.125],"tintindex":0,"rotation":0,"texture":"#0"},"down":{"uv":[0.5625,6.5625,0.25,6.9375],"tintindex":0,"rotation":0,"texture":"#0"}},"rotation":{"origin":[8.5,10.6194,10.08658],"angle":-22.5,"axis":"x"}}],"display":{"head":{"rotation":[0.0,0.0,0.0]},"firstperson_righthand":{"rotation":[0.0,0.0,0.0]},"thirdperson_lefthand":{"rotation":[0.0,-0.0,-0.0]},"firstperson_lefthand":{"rotation":[0.0,-0.0,-0.0]},"fixed":{"rotation":[0.0,0.0,0.0]},"ground":{"rotation":[0.0,0.0,0.0]},"thirdperson_righthand":{"rotation":[0.0,0.0,0.0]},"gui":{"rotation":[-150.0,-45.0,180.0]}}}