{"textures":{"0":"modelengine:entity/orc_spearthrower_am","particle":"#0"},"elements":[{"from":[6.0,7.0,7.0],"to":[10.0,11.0,11.0],"faces":{"east":{"uv":[7.0,4.625,7.25,4.875],"tintindex":0,"rotation":0,"texture":"#0"},"south":{"uv":[7.0,4.9375,7.25,5.1875],"tintindex":0,"rotation":0,"texture":"#0"},"north":{"uv":[4.0,7.0,4.25,7.25],"tintindex":0,"rotation":0,"texture":"#0"},"west":{"uv":[7.0,5.25,7.25,5.5],"tintindex":0,"rotation":0,"texture":"#0"},"up":{"uv":[6.125,7.25,5.875,7.0],"tintindex":0,"rotation":0,"texture":"#0"},"down":{"uv":[6.6875,7.0,6.4375,7.25],"tintindex":0,"rotation":0,"texture":"#0"}}},{"from":[5.7,7.2,6.7],"to":[10.3,11.8,11.3],"faces":{"east":{"uv":[2.4375,7.0625,2.6875,7.3125],"tintindex":0,"rotation":0,"texture":"#0"},"south":{"uv":[2.75,7.0625,3.0,7.3125],"tintindex":0,"rotation":0,"texture":"#0"},"north":{"uv":[7.0625,0.0,7.3125,0.25],"tintindex":0,"rotation":0,"texture":"#0"},"west":{"uv":[4.3125,7.0625,4.5625,7.3125],"tintindex":0,"rotation":0,"texture":"#0"},"up":{"uv":[4.875,7.3125,4.625,7.0625],"tintindex":0,"rotation":0,"texture":"#0"},"down":{"uv":[5.75,7.0625,5.5,7.3125],"tintindex":0,"rotation":0,"texture":"#0"}}}],"display":{"head":{"rotation":[0.0,0.0,0.0]},"firstperson_righthand":{"rotation":[0.0,0.0,0.0]},"thirdperson_lefthand":{"rotation":[0.0,-0.0,-0.0]},"firstperson_lefthand":{"rotation":[0.0,-0.0,-0.0]},"fixed":{"rotation":[0.0,0.0,0.0]},"ground":{"rotation":[0.0,0.0,0.0]},"thirdperson_righthand":{"rotation":[0.0,0.0,0.0]},"gui":{"rotation":[-150.0,-45.0,180.0]}}}