{"textures":{"0":"modelengine:entity/orc_spearthrower_am","particle":"#0"},"elements":[{"from":[4.0,8.0,8.25],"to":[12.0,12.0,11.25],"faces":{"east":{"uv":[2.6875,0.8125,2.875,1.0625],"tintindex":0,"rotation":0,"texture":"#0"},"south":{"uv":[4.5625,6.3125,5.0625,6.5625],"tintindex":0,"rotation":0,"texture":"#0"},"north":{"uv":[6.3125,4.3125,6.8125,4.5625],"tintindex":0,"rotation":0,"texture":"#0"},"west":{"uv":[3.75,7.0625,3.9375,7.3125],"tintindex":0,"rotation":0,"texture":"#0"},"up":{"uv":[7.375,3.5625,6.875,3.375],"tintindex":0,"rotation":0,"texture":"#0"},"down":{"uv":[7.375,4.375,6.875,4.5625],"tintindex":0,"rotation":0,"texture":"#0"}}},{"from":[4.0,12.0,3.25],"to":[12.0,16.0,11.25],"faces":{"east":{"uv":[0.8125,6.25,1.3125,6.5],"tintindex":0,"rotation":0,"texture":"#0"},"south":{"uv":[2.0625,6.25,2.5625,6.5],"tintindex":0,"rotation":0,"texture":"#0"},"north":{"uv":[0.25,6.25,0.75,6.5],"tintindex":0,"rotation":0,"texture":"#0"},"west":{"uv":[4.0,6.25,4.5,6.5],"tintindex":0,"rotation":0,"texture":"#0"},"up":{"uv":[2.5625,5.5625,2.0625,5.0625],"tintindex":0,"rotation":0,"texture":"#0"},"down":{"uv":[5.6875,4.625,5.1875,5.125],"tintindex":0,"rotation":0,"texture":"#0"}}},{"from":[0.1522398,10.0,8.76537],"to":[4.15224,14.0,8.76537],"faces":{"south":{"uv":[7.125,1.75,7.375,2.0],"tintindex":0,"rotation":0,"texture":"#0"},"north":{"uv":[1.5625,7.125,1.8125,7.375],"tintindex":0,"rotation":0,"texture":"#0"}},"rotation":{"origin":[2.1522398,12.0,8.76537],"angle":22.5,"axis":"y"}},{"from":[7.0,11.0,2.5],"to":[9.0,13.0,4.5],"faces":{"east":{"uv":[5.5,7.375,5.625,7.5],"tintindex":0,"rotation":0,"texture":"#0"},"south":{"uv":[6.75,7.375,6.875,7.5],"tintindex":0,"rotation":0,"texture":"#0"},"north":{"uv":[4.625,7.375,4.75,7.5],"tintindex":0,"rotation":0,"texture":"#0"},"west":{"uv":[6.9375,7.375,7.0625,7.5],"tintindex":0,"rotation":0,"texture":"#0"},"up":{"uv":[7.5,7.125,7.375,7.0],"tintindex":0,"rotation":0,"texture":"#0"},"down":{"uv":[7.25,7.375,7.125,7.5],"tintindex":0,"rotation":0,"texture":"#0"}}},{"from":[11.84776,10.0,8.76537],"to":[15.84776,14.0,8.76537],"faces":{"south":{"uv":[7.0625,7.0625,7.3125,7.3125],"tintindex":0,"rotation":0,"texture":"#0"},"north":{"uv":[6.75,7.0625,7.0,7.3125],"tintindex":0,"rotation":0,"texture":"#0"}},"rotation":{"origin":[13.84776,12.0,8.76537],"angle":-22.5,"axis":"y"}},{"from":[3.7,11.7,2.95],"to":[12.3,16.3,11.55],"faces":{"east":{"uv":[6.3125,1.125,6.8125,1.375],"tintindex":0,"rotation":0,"texture":"#0"},"south":{"uv":[6.3125,1.4375,6.8125,1.6875],"tintindex":0,"rotation":0,"texture":"#0"},"north":{"uv":[6.3125,0.8125,6.8125,1.0625],"tintindex":0,"rotation":0,"texture":"#0"},"west":{"uv":[6.3125,4.0,6.8125,4.25],"tintindex":0,"rotation":0,"texture":"#0"},"up":{"uv":[5.6875,5.6875,5.1875,5.1875],"tintindex":0,"rotation":0,"texture":"#0"},"down":{"uv":[5.75,0.0,5.25,0.5],"tintindex":0,"rotation":0,"texture":"#0"}}}],"display":{"head":{"rotation":[0.0,0.0,0.0]},"firstperson_righthand":{"rotation":[0.0,0.0,0.0]},"thirdperson_lefthand":{"rotation":[0.0,-0.0,-0.0]},"firstperson_lefthand":{"rotation":[0.0,-0.0,-0.0]},"fixed":{"rotation":[0.0,0.0,0.0]},"ground":{"rotation":[0.0,0.0,0.0]},"thirdperson_righthand":{"rotation":[0.0,0.0,0.0]},"gui":{"rotation":[-150.0,-45.0,180.0]}}}