{"textures":{"0":"modelengine:entity/orc_spearthrower_am","particle":"#0"},"elements":[{"from":[3.0,4.0,2.0],"to":[13.0,8.0,8.0],"faces":{"east":{"uv":[6.875,6.4375,7.25,6.6875],"tintindex":0,"rotation":0,"texture":"#0"},"south":{"uv":[6.0625,2.1875,6.6875,2.4375],"tintindex":0,"rotation":0,"texture":"#0"},"north":{"uv":[6.0625,1.875,6.6875,2.125],"tintindex":0,"rotation":0,"texture":"#0"},"west":{"uv":[6.875,6.75,7.25,7.0],"tintindex":0,"rotation":0,"texture":"#0"},"up":{"uv":[5.875,0.9375,5.25,0.5625],"tintindex":0,"rotation":0,"texture":"#0"},"down":{"uv":[4.0,5.3125,3.375,5.6875],"tintindex":0,"rotation":0,"texture":"#0"}}},{"from":[3.0,8.0,2.0],"to":[13.0,10.0,8.0],"faces":{"east":{"uv":[7.25,0.5625,7.625,0.6875],"tintindex":0,"rotation":0,"texture":"#0"},"south":{"uv":[6.875,1.5625,7.5,1.6875],"tintindex":0,"rotation":0,"texture":"#0"},"north":{"uv":[6.375,0.25,7.0,0.375],"tintindex":0,"rotation":0,"texture":"#0"},"west":{"uv":[7.25,0.75,7.625,0.875],"tintindex":0,"rotation":0,"texture":"#0"},"up":{"uv":[6.25,1.375,5.625,1.0],"tintindex":0,"rotation":0,"texture":"#0"},"down":{"uv":[6.25,1.4375,5.625,1.8125],"tintindex":0,"rotation":0,"texture":"#0"}}},{"from":[5.0,4.0857887,-0.41421032],"to":[11.0,4.0857887,2.5857902],"faces":{"up":{"uv":[3.625,0.75,3.25,0.5625],"tintindex":0,"rotation":0,"texture":"#0"},"down":{"uv":[4.1875,5.0625,3.8125,5.25],"tintindex":0,"rotation":0,"texture":"#0"}},"rotation":{"origin":[8.0,4.0857887,0.58579016],"angle":-45.0,"axis":"x"}}],"display":{"head":{"rotation":[0.0,0.0,0.0]},"firstperson_righthand":{"rotation":[0.0,0.0,0.0]},"thirdperson_lefthand":{"rotation":[0.0,-0.0,-0.0]},"firstperson_lefthand":{"rotation":[0.0,-0.0,-0.0]},"fixed":{"rotation":[0.0,0.0,0.0]},"ground":{"rotation":[0.0,0.0,0.0]},"thirdperson_righthand":{"rotation":[0.0,0.0,0.0]},"gui":{"rotation":[-150.0,-45.0,180.0]}}}