{"textures":{"0":"modelengine:entity/orc_spearthrower_am","particle":"#0"},"elements":[{"from":[2.2,-9.8,5.2],"to":[7.8,7.8,10.8],"faces":{"east":{"uv":[4.25,4.5,4.5625,5.5625],"tintindex":0,"rotation":0,"texture":"#0"},"south":{"uv":[4.625,1.125,4.9375,2.1875],"tintindex":0,"rotation":0,"texture":"#0"},"north":{"uv":[4.5,0.0,4.8125,1.0625],"tintindex":0,"rotation":0,"texture":"#0"},"west":{"uv":[4.625,2.25,4.9375,3.3125],"tintindex":0,"rotation":0,"texture":"#0"},"up":{"uv":[7.1875,4.3125,6.875,4.0],"tintindex":0,"rotation":0,"texture":"#0"},"down":{"uv":[7.1875,6.0625,6.875,6.375],"tintindex":0,"rotation":0,"texture":"#0"}}},{"from":[2.5,-9.5,5.5],"to":[7.5,7.5,10.5],"faces":{"east":{"uv":[2.25,3.9375,2.5625,5.0],"tintindex":0,"rotation":0,"texture":"#0"},"south":{"uv":[3.875,3.9375,4.1875,5.0],"tintindex":0,"rotation":0,"texture":"#0"},"north":{"uv":[1.875,3.9375,2.1875,5.0],"tintindex":0,"rotation":0,"texture":"#0"},"west":{"uv":[4.125,0.0,4.4375,1.0625],"tintindex":0,"rotation":0,"texture":"#0"},"up":{"uv":[5.4375,7.125,5.125,6.8125],"tintindex":0,"rotation":0,"texture":"#0"},"down":{"uv":[7.1875,0.8125,6.875,1.125],"tintindex":0,"rotation":0,"texture":"#0"}}},{"from":[1.9,-10.1,4.9],"to":[8.1,8.1,11.1],"faces":{"east":{"uv":[4.25,1.125,4.5625,2.1875],"tintindex":0,"rotation":0,"texture":"#0"},"south":{"uv":[4.25,2.25,4.5625,3.3125],"tintindex":0,"rotation":0,"texture":"#0"},"north":{"uv":[3.4375,4.1875,3.75,5.25],"tintindex":0,"rotation":0,"texture":"#0"},"west":{"uv":[4.25,3.375,4.5625,4.4375],"tintindex":0,"rotation":0,"texture":"#0"},"up":{"uv":[7.1875,1.5,6.875,1.1875],"tintindex":0,"rotation":0,"texture":"#0"},"down":{"uv":[7.1875,2.5,6.875,2.8125],"tintindex":0,"rotation":0,"texture":"#0"}}}],"display":{"head":{"rotation":[0.0,0.0,0.0]},"firstperson_righthand":{"rotation":[0.0,0.0,0.0]},"thirdperson_lefthand":{"rotation":[0.0,-0.0,-0.0]},"firstperson_lefthand":{"rotation":[0.0,-0.0,-0.0]},"fixed":{"rotation":[0.0,0.0,0.0]},"ground":{"rotation":[0.0,0.0,0.0]},"thirdperson_righthand":{"rotation":[0.0,0.0,0.0]},"gui":{"rotation":[-150.0,-45.0,180.0]}}}