{"textures":{"0":"modelengine:entity/orc_spearthrower_am","particle":"#0"},"elements":[{"from":[5.5,-9.5,5.0],"to":[10.5,7.5,11.0],"faces":{"east":{"uv":[0.4375,2.4375,0.8125,3.5],"tintindex":0,"rotation":0,"texture":"#0"},"south":{"uv":[2.625,4.6875,2.9375,5.75],"tintindex":0,"rotation":0,"texture":"#0"},"north":{"uv":[1.5,4.6875,1.8125,5.75],"tintindex":0,"rotation":0,"texture":"#0"},"west":{"uv":[0.875,2.4375,1.25,3.5],"tintindex":0,"rotation":0,"texture":"#0"},"up":{"uv":[4.6875,7.0,4.375,6.625],"tintindex":0,"rotation":0,"texture":"#0"},"down":{"uv":[6.9375,4.625,6.625,5.0],"tintindex":0,"rotation":0,"texture":"#0"}}},{"from":[5.2,-9.8,4.7],"to":[10.8,7.8,11.3],"faces":{"east":{"uv":[2.5,1.125,2.875,2.1875],"tintindex":0,"rotation":0,"texture":"#0"},"south":{"uv":[4.875,0.0,5.1875,1.0625],"tintindex":0,"rotation":0,"texture":"#0"},"north":{"uv":[3.0,4.6875,3.3125,5.75],"tintindex":0,"rotation":0,"texture":"#0"},"west":{"uv":[2.5,2.25,2.875,3.3125],"tintindex":0,"rotation":0,"texture":"#0"},"up":{"uv":[5.0625,7.0,4.75,6.625],"tintindex":0,"rotation":0,"texture":"#0"},"down":{"uv":[5.8125,6.625,5.5,7.0],"tintindex":0,"rotation":0,"texture":"#0"}}}],"display":{"head":{"rotation":[0.0,0.0,0.0]},"firstperson_righthand":{"rotation":[0.0,0.0,0.0]},"thirdperson_lefthand":{"rotation":[0.0,-0.0,-0.0]},"firstperson_lefthand":{"rotation":[0.0,-0.0,-0.0]},"fixed":{"rotation":[0.0,0.0,0.0]},"ground":{"rotation":[0.0,0.0,0.0]},"thirdperson_righthand":{"rotation":[0.0,0.0,0.0]},"gui":{"rotation":[-150.0,-45.0,180.0]}}}