{"textures":{"0":"modelengine:entity/orc_spearthrower_am","particle":"#0"},"elements":[{"from":[12.65,6.6499996,7.0],"to":[14.65,8.650002,9.0],"faces":{"east":{"uv":[6.5625,7.3125,6.6875,7.4375],"tintindex":0,"rotation":0,"texture":"#0"},"south":{"uv":[7.3125,6.625,7.4375,6.75],"tintindex":0,"rotation":0,"texture":"#0"},"north":{"uv":[7.375,0.0,7.5,0.125],"tintindex":0,"rotation":0,"texture":"#0"},"west":{"uv":[7.3125,6.8125,7.4375,6.9375],"tintindex":0,"rotation":0,"texture":"#0"},"up":{"uv":[2.0,7.5,1.875,7.375],"tintindex":0,"rotation":0,"texture":"#0"},"down":{"uv":[2.4375,7.375,2.3125,7.5],"tintindex":0,"rotation":0,"texture":"#0"}},"rotation":{"origin":[13.65,7.6500015,8.0],"angle":45.0,"axis":"z"}},{"from":[12.9571,3.160661,6.7],"to":[15.5571,5.760661,9.3],"faces":{"east":{"uv":[1.875,3.1875,2.0,3.3125],"tintindex":0,"rotation":0,"texture":"#0"},"south":{"uv":[2.6875,3.375,2.8125,3.5],"tintindex":0,"rotation":0,"texture":"#0"},"north":{"uv":[6.1875,7.3125,6.3125,7.4375],"tintindex":0,"rotation":0,"texture":"#0"},"west":{"uv":[7.3125,5.375,7.4375,5.5],"tintindex":0,"rotation":0,"texture":"#0"},"up":{"uv":[6.5,7.4375,6.375,7.3125],"tintindex":0,"rotation":0,"texture":"#0"},"down":{"uv":[7.4375,6.4375,7.3125,6.5625],"tintindex":0,"rotation":0,"texture":"#0"}},"rotation":{"origin":[15.5071,4.710661,8.0],"angle":22.5,"axis":"z"}},{"from":[12.349999,6.3499994,6.7],"to":[14.95,8.950002,9.3],"faces":{"east":{"uv":[1.875,3.1875,2.0,3.3125],"tintindex":0,"rotation":0,"texture":"#0"},"south":{"uv":[2.6875,3.375,2.8125,3.5],"tintindex":0,"rotation":0,"texture":"#0"},"north":{"uv":[6.1875,7.3125,6.3125,7.4375],"tintindex":0,"rotation":0,"texture":"#0"},"west":{"uv":[7.3125,5.375,7.4375,5.5],"tintindex":0,"rotation":0,"texture":"#0"},"up":{"uv":[6.5,7.4375,6.375,7.3125],"tintindex":0,"rotation":0,"texture":"#0"},"down":{"uv":[7.4375,6.4375,7.3125,6.5625],"tintindex":0,"rotation":0,"texture":"#0"}},"rotation":{"origin":[13.65,7.6500015,8.0],"angle":45.0,"axis":"z"}},{"from":[13.2571,3.460661,7.0],"to":[15.2571,5.460661,9.0],"faces":{"east":{"uv":[6.5625,7.3125,6.6875,7.4375],"tintindex":0,"rotation":0,"texture":"#0"},"south":{"uv":[7.3125,6.625,7.4375,6.75],"tintindex":0,"rotation":0,"texture":"#0"},"north":{"uv":[7.375,0.0,7.5,0.125],"tintindex":0,"rotation":0,"texture":"#0"},"west":{"uv":[7.3125,6.8125,7.4375,6.9375],"tintindex":0,"rotation":0,"texture":"#0"},"up":{"uv":[2.0,7.5,1.875,7.375],"tintindex":0,"rotation":0,"texture":"#0"},"down":{"uv":[2.4375,7.375,2.3125,7.5],"tintindex":0,"rotation":0,"texture":"#0"}},"rotation":{"origin":[15.5071,4.710661,8.0],"angle":22.5,"axis":"z"}},{"from":[13.91776,8.41777,8.0],"to":[16.917759,11.41777,8.0],"faces":{"south":{"uv":[7.25,5.5625,7.4375,5.75],"tintindex":0,"rotation":0,"texture":"#0"},"north":{"uv":[7.25,4.0,7.4375,4.1875],"tintindex":0,"rotation":0,"texture":"#0"}},"rotation":{"origin":[15.41776,9.41777,8.0],"angle":45.0,"axis":"z"}},{"from":[8.2,-9.8,5.2],"to":[13.8,7.8,10.8],"faces":{"east":{"uv":[1.125,3.5625,1.4375,4.625],"tintindex":0,"rotation":0,"texture":"#0"},"south":{"uv":[1.5,3.5625,1.8125,4.625],"tintindex":0,"rotation":0,"texture":"#0"},"north":{"uv":[0.75,3.5625,1.0625,4.625],"tintindex":0,"rotation":0,"texture":"#0"},"west":{"uv":[2.6875,3.5625,3.0,4.625],"tintindex":0,"rotation":0,"texture":"#0"},"up":{"uv":[3.125,7.0,2.8125,6.6875],"tintindex":0,"rotation":0,"texture":"#0"},"down":{"uv":[7.0625,1.75,6.75,2.0625],"tintindex":0,"rotation":0,"texture":"#0"}}},{"from":[7.9,-10.1,4.9],"to":[14.1,8.1,11.1],"faces":{"east":{"uv":[3.75,0.5625,4.0625,1.625],"tintindex":0,"rotation":0,"texture":"#0"},"south":{"uv":[3.875,1.6875,4.1875,2.75],"tintindex":0,"rotation":0,"texture":"#0"},"north":{"uv":[3.0625,3.5625,3.375,4.625],"tintindex":0,"rotation":0,"texture":"#0"},"west":{"uv":[3.875,2.8125,4.1875,3.875],"tintindex":0,"rotation":0,"texture":"#0"},"up":{"uv":[7.0625,2.4375,6.75,2.125],"tintindex":0,"rotation":0,"texture":"#0"},"down":{"uv":[3.5,6.8125,3.1875,7.125],"tintindex":0,"rotation":0,"texture":"#0"}}},{"from":[15.2571,3.460661,8.0],"to":[18.2571,6.460661,8.0],"faces":{"south":{"uv":[7.25,6.0625,7.4375,6.25],"tintindex":0,"rotation":0,"texture":"#0"},"north":{"uv":[7.25,5.8125,7.4375,6.0],"tintindex":0,"rotation":0,"texture":"#0"}},"rotation":{"origin":[15.5071,4.710661,8.0],"angle":22.5,"axis":"z"}},{"from":[8.5,-9.5,5.5],"to":[13.5,7.5,10.5],"faces":{"east":{"uv":[3.5,3.0625,3.8125,4.125],"tintindex":0,"rotation":0,"texture":"#0"},"south":{"uv":[0.0,3.5625,0.3125,4.625],"tintindex":0,"rotation":0,"texture":"#0"},"north":{"uv":[3.5,1.9375,3.8125,3.0],"tintindex":0,"rotation":0,"texture":"#0"},"west":{"uv":[0.375,3.5625,0.6875,4.625],"tintindex":0,"rotation":0,"texture":"#0"},"up":{"uv":[6.1875,6.9375,5.875,6.625],"tintindex":0,"rotation":0,"texture":"#0"},"down":{"uv":[2.75,6.6875,2.4375,7.0],"tintindex":0,"rotation":0,"texture":"#0"}}}],"display":{"head":{"rotation":[0.0,0.0,0.0]},"firstperson_righthand":{"rotation":[0.0,0.0,0.0]},"thirdperson_lefthand":{"rotation":[0.0,-0.0,-0.0]},"firstperson_lefthand":{"rotation":[0.0,-0.0,-0.0]},"fixed":{"rotation":[0.0,0.0,0.0]},"ground":{"rotation":[0.0,0.0,0.0]},"thirdperson_righthand":{"rotation":[0.0,0.0,0.0]},"gui":{"rotation":[-150.0,-45.0,180.0]}}}