{"textures":{"0":"modelengine:entity/orc_spearthrower_am","particle":"#0"},"elements":[{"from":[8.0,6.5,8.0],"to":[13.0,9.5,8.0],"faces":{"south":{"uv":[3.0625,7.1875,3.375,7.375],"tintindex":0,"rotation":0,"texture":"#0"},"north":{"uv":[7.125,2.0625,7.4375,2.25],"tintindex":0,"rotation":0,"texture":"#0"}}}],"display":{"head":{"rotation":[0.0,0.0,0.0]},"firstperson_righthand":{"rotation":[0.0,0.0,0.0]},"thirdperson_lefthand":{"rotation":[0.0,-0.0,-0.0]},"firstperson_lefthand":{"rotation":[0.0,-0.0,-0.0]},"fixed":{"rotation":[0.0,0.0,0.0]},"ground":{"rotation":[0.0,0.0,0.0]},"thirdperson_righthand":{"rotation":[0.0,0.0,0.0]},"gui":{"rotation":[-150.0,-45.0,180.0]}}}