{"textures":{"0":"modelengine:entity/orc_spearthrower_am","particle":"#0"},"elements":[{"from":[5.2,-9.8,4.7],"to":[10.8,7.8,11.3],"faces":{"east":{"uv":[2.0625,1.125,2.4375,2.1875],"tintindex":0,"rotation":0,"texture":"#0"},"south":{"uv":[0.375,4.6875,0.6875,5.75],"tintindex":0,"rotation":0,"texture":"#0"},"north":{"uv":[0.0,4.6875,0.3125,5.75],"tintindex":0,"rotation":0,"texture":"#0"},"west":{"uv":[2.25,0.0,2.625,1.0625],"tintindex":0,"rotation":0,"texture":"#0"},"up":{"uv":[2.375,6.9375,2.0625,6.5625],"tintindex":0,"rotation":0,"texture":"#0"},"down":{"uv":[4.3125,6.5625,4.0,6.9375],"tintindex":0,"rotation":0,"texture":"#0"}}},{"from":[5.5,-9.5,5.0],"to":[10.5,7.5,11.0],"faces":{"east":{"uv":[1.625,1.625,2.0,2.6875],"tintindex":0,"rotation":0,"texture":"#0"},"south":{"uv":[4.625,4.5,4.9375,5.5625],"tintindex":0,"rotation":0,"texture":"#0"},"north":{"uv":[4.625,3.375,4.9375,4.4375],"tintindex":0,"rotation":0,"texture":"#0"},"west":{"uv":[1.8125,0.0,2.1875,1.0625],"tintindex":0,"rotation":0,"texture":"#0"},"up":{"uv":[0.9375,6.9375,0.625,6.5625],"tintindex":0,"rotation":0,"texture":"#0"},"down":{"uv":[1.3125,6.5625,1.0,6.9375],"tintindex":0,"rotation":0,"texture":"#0"}}},{"from":[4.9,-10.1,4.4],"to":[11.1,8.1,11.6],"faces":{"east":{"uv":[2.0625,2.25,2.4375,3.3125],"tintindex":0,"rotation":0,"texture":"#0"},"south":{"uv":[1.125,4.6875,1.4375,5.75],"tintindex":0,"rotation":0,"texture":"#0"},"north":{"uv":[0.75,4.6875,1.0625,5.75],"tintindex":0,"rotation":0,"texture":"#0"},"west":{"uv":[0.0,2.4375,0.375,3.5],"tintindex":0,"rotation":0,"texture":"#0"},"up":{"uv":[6.8125,6.9375,6.5,6.5625],"tintindex":0,"rotation":0,"texture":"#0"},"down":{"uv":[6.9375,2.9375,6.625,3.3125],"tintindex":0,"rotation":0,"texture":"#0"}}}],"display":{"head":{"rotation":[0.0,0.0,0.0]},"firstperson_righthand":{"rotation":[0.0,0.0,0.0]},"thirdperson_lefthand":{"rotation":[0.0,-0.0,-0.0]},"firstperson_lefthand":{"rotation":[0.0,-0.0,-0.0]},"fixed":{"rotation":[0.0,0.0,0.0]},"ground":{"rotation":[0.0,0.0,0.0]},"thirdperson_righthand":{"rotation":[0.0,0.0,0.0]},"gui":{"rotation":[-150.0,-45.0,180.0]}}}