{"textures":{"0":"modelengine:entity/orc_spearthrower_am","particle":"#0"},"elements":[{"from":[0.7,16.7,3.2],"to":[7.3,26.3,12.8],"faces":{"east":{"uv":[5.0,2.375,5.5625,2.9375],"tintindex":0,"rotation":0,"texture":"#0"},"south":{"uv":[3.375,5.75,3.75,6.3125],"tintindex":0,"rotation":0,"texture":"#0"},"north":{"uv":[4.5,5.625,4.875,6.1875],"tintindex":0,"rotation":0,"texture":"#0"},"west":{"uv":[5.0,3.0,5.5625,3.5625],"tintindex":0,"rotation":0,"texture":"#0"},"up":{"uv":[6.125,5.1875,5.75,4.625],"tintindex":0,"rotation":0,"texture":"#0"},"down":{"uv":[5.5625,5.75,5.1875,6.3125],"tintindex":0,"rotation":0,"texture":"#0"}}},{"from":[3.7,8.7,4.7],"to":[12.3,15.3,11.3],"faces":{"east":{"uv":[6.1875,4.625,6.5625,5.0],"tintindex":0,"rotation":0,"texture":"#0"},"south":{"uv":[0.5625,5.8125,1.0625,6.1875],"tintindex":0,"rotation":0,"texture":"#0"},"north":{"uv":[5.8125,0.0,6.3125,0.375],"tintindex":0,"rotation":0,"texture":"#0"},"west":{"uv":[5.625,6.1875,6.0,6.5625],"tintindex":0,"rotation":0,"texture":"#0"},"up":{"uv":[1.625,6.1875,1.125,5.8125],"tintindex":0,"rotation":0,"texture":"#0"},"down":{"uv":[3.0,5.8125,2.5,6.1875],"tintindex":0,"rotation":0,"texture":"#0"}}},{"from":[4.0,17.0,0.5],"to":[4.0,29.0,15.5],"faces":{"east":{"uv":[0.0,0.0,0.9375,0.75],"tintindex":0,"rotation":0,"texture":"#0"},"west":{"uv":[0.0,0.8125,0.9375,1.5625],"tintindex":0,"rotation":0,"texture":"#0"}}},{"from":[0.64574003,25.852852,3.5],"to":[0.64574003,28.852852,12.5],"faces":{"east":{"uv":[6.625,5.5625,7.1875,5.75],"tintindex":0,"rotation":0,"texture":"#0"},"west":{"uv":[6.625,5.8125,7.1875,6.0],"tintindex":0,"rotation":0,"texture":"#0"}},"rotation":{"origin":[0.64574003,26.352852,8.0],"angle":45.0,"axis":"z"}},{"from":[1.7,12.7,3.7],"to":[14.3,25.3,12.3],"faces":{"east":{"uv":[2.9375,1.9375,3.4375,2.6875],"tintindex":0,"rotation":0,"texture":"#0"},"south":{"uv":[0.8125,1.625,1.5625,2.375],"tintindex":0,"rotation":0,"texture":"#0"},"north":{"uv":[0.0,1.625,0.75,2.375],"tintindex":0,"rotation":0,"texture":"#0"},"west":{"uv":[2.9375,2.75,3.4375,3.5],"tintindex":0,"rotation":0,"texture":"#0"},"up":{"uv":[4.0,0.5,3.25,0.0],"tintindex":0,"rotation":0,"texture":"#0"},"down":{"uv":[2.625,3.375,1.875,3.875],"tintindex":0,"rotation":0,"texture":"#0"}}},{"from":[2.0,13.0,4.0],"to":[14.0,25.0,12.0],"faces":{"east":{"uv":[2.6875,0.0,3.1875,0.75],"tintindex":0,"rotation":0,"texture":"#0"},"south":{"uv":[1.0,0.8125,1.75,1.5625],"tintindex":0,"rotation":0,"texture":"#0"},"north":{"uv":[1.0,0.0,1.75,0.75],"tintindex":0,"rotation":0,"texture":"#0"},"west":{"uv":[1.3125,2.75,1.8125,3.5],"tintindex":0,"rotation":0,"texture":"#0"},"up":{"uv":[3.6875,1.3125,2.9375,0.8125],"tintindex":0,"rotation":0,"texture":"#0"},"down":{"uv":[3.6875,1.375,2.9375,1.875],"tintindex":0,"rotation":0,"texture":"#0"}}},{"from":[8.0,19.84094,-1.5749798],"to":[8.0,22.84094,1.4250202],"faces":{"east":{"uv":[7.25,1.125,7.4375,1.3125],"tintindex":0,"rotation":0,"texture":"#0"},"west":{"uv":[7.25,2.5,7.4375,2.6875],"tintindex":0,"rotation":0,"texture":"#0"}},"rotation":{"origin":[8.0,20.84094,-0.07497978],"angle":22.5,"axis":"x"}},{"from":[7.0,18.88422,1.2347202],"to":[9.0,20.88422,3.2347202],"faces":{"east":{"uv":[7.3125,6.625,7.4375,6.75],"tintindex":0,"rotation":0,"texture":"#0"},"south":{"uv":[7.3125,6.8125,7.4375,6.9375],"tintindex":0,"rotation":0,"texture":"#0"},"north":{"uv":[6.5625,7.3125,6.6875,7.4375],"tintindex":0,"rotation":0,"texture":"#0"},"west":{"uv":[7.375,0.0,7.5,0.125],"tintindex":0,"rotation":0,"texture":"#0"},"up":{"uv":[2.0,7.5,1.875,7.375],"tintindex":0,"rotation":0,"texture":"#0"},"down":{"uv":[2.4375,7.375,2.3125,7.5],"tintindex":0,"rotation":0,"texture":"#0"}},"rotation":{"origin":[8.0,19.88422,2.2347202],"angle":22.5,"axis":"x"}},{"from":[5.7,9.7,3.2],"to":[10.3,14.3,4.8],"faces":{"east":{"uv":[4.125,1.125,4.1875,1.375],"tintindex":0,"rotation":0,"texture":"#0"},"south":{"uv":[7.0,2.875,7.25,3.125],"tintindex":0,"rotation":0,"texture":"#0"},"north":{"uv":[1.3125,2.4375,1.5625,2.6875],"tintindex":0,"rotation":0,"texture":"#0"},"west":{"uv":[1.5625,6.25,1.625,6.5],"tintindex":0,"rotation":0,"texture":"#0"},"up":{"uv":[5.5,1.0625,5.25,1.0],"tintindex":0,"rotation":0,"texture":"#0"},"down":{"uv":[6.5625,1.75,6.3125,1.8125],"tintindex":0,"rotation":0,"texture":"#0"}}},{"from":[6.7,18.08422,1.9347203],"to":[9.3,20.68422,4.5347204],"faces":{"east":{"uv":[2.6875,3.375,2.8125,3.5],"tintindex":0,"rotation":0,"texture":"#0"},"south":{"uv":[7.3125,5.375,7.4375,5.5],"tintindex":0,"rotation":0,"texture":"#0"},"north":{"uv":[1.875,3.1875,2.0,3.3125],"tintindex":0,"rotation":0,"texture":"#0"},"west":{"uv":[6.1875,7.3125,6.3125,7.4375],"tintindex":0,"rotation":0,"texture":"#0"},"up":{"uv":[6.5,7.4375,6.375,7.3125],"tintindex":0,"rotation":0,"texture":"#0"},"down":{"uv":[7.4375,6.4375,7.3125,6.5625],"tintindex":0,"rotation":0,"texture":"#0"}},"rotation":{"origin":[8.0,19.38422,3.2347202],"angle":22.5,"axis":"x"}},{"from":[1.0,17.0,3.5],"to":[7.0,26.0,12.5],"faces":{"east":{"uv":[5.0,1.125,5.5625,1.6875],"tintindex":0,"rotation":0,"texture":"#0"},"south":{"uv":[2.0625,5.625,2.4375,6.1875],"tintindex":0,"rotation":0,"texture":"#0"},"north":{"uv":[5.625,1.875,6.0,2.4375],"tintindex":0,"rotation":0,"texture":"#0"},"west":{"uv":[5.0,1.75,5.5625,2.3125],"tintindex":0,"rotation":0,"texture":"#0"},"up":{"uv":[6.0,3.0625,5.625,2.5],"tintindex":0,"rotation":0,"texture":"#0"},"down":{"uv":[4.4375,5.625,4.0625,6.1875],"tintindex":0,"rotation":0,"texture":"#0"}}},{"from":[4.0,9.0,5.0],"to":[12.0,15.0,11.0],"faces":{"east":{"uv":[6.0625,2.5,6.4375,2.875],"tintindex":0,"rotation":0,"texture":"#0"},"south":{"uv":[5.75,5.25,6.25,5.625],"tintindex":0,"rotation":0,"texture":"#0"},"north":{"uv":[5.625,3.125,6.125,3.5],"tintindex":0,"rotation":0,"texture":"#0"},"west":{"uv":[6.1875,2.9375,6.5625,3.3125],"tintindex":0,"rotation":0,"texture":"#0"},"up":{"uv":[6.125,6.125,5.625,5.75],"tintindex":0,"rotation":0,"texture":"#0"},"down":{"uv":[0.5,5.8125,0.0,6.1875],"tintindex":0,"rotation":0,"texture":"#0"}}}],"display":{"head":{"rotation":[0.0,0.0,0.0]},"firstperson_righthand":{"rotation":[0.0,0.0,0.0]},"thirdperson_lefthand":{"rotation":[0.0,-0.0,-0.0]},"firstperson_lefthand":{"rotation":[0.0,-0.0,-0.0]},"fixed":{"rotation":[0.0,0.0,0.0]},"ground":{"rotation":[0.0,0.0,0.0]},"thirdperson_righthand":{"rotation":[0.0,0.0,0.0]},"gui":{"rotation":[-150.0,-45.0,180.0]}}}