{"textures":{"0":"modelengine:entity/orc_spearthrower_am","particle":"#0"},"elements":[{"from":[7.5,7.5,-2.375],"to":[8.5,8.5,15.625],"faces":{"east":{"uv":[5.0,3.625,7.25,3.75],"tintindex":0,"rotation":0,"texture":"#0"},"south":{"uv":[2.6875,7.375,2.8125,7.5],"tintindex":0,"rotation":0,"texture":"#0"},"north":{"uv":[2.5,7.375,2.625,7.5],"tintindex":0,"rotation":0,"texture":"#0"},"west":{"uv":[5.0,3.8125,7.25,3.9375],"tintindex":0,"rotation":0,"texture":"#0"},"up":{"uv":[5.125,6.25,5.0,4.0],"tintindex":0,"rotation":0,"texture":"#0"},"down":{"uv":[2.0,5.0625,1.875,7.3125],"tintindex":0,"rotation":0,"texture":"#0"}}},{"from":[7.25,7.25,15.625],"to":[8.75,8.75,17.125],"faces":{"east":{"uv":[0.25,7.3125,0.4375,7.5],"tintindex":0,"rotation":0,"texture":"#0"},"south":{"uv":[0.5,7.3125,0.6875,7.5],"tintindex":0,"rotation":0,"texture":"#0"},"north":{"uv":[0.0,7.3125,0.1875,7.5],"tintindex":0,"rotation":0,"texture":"#0"},"west":{"uv":[0.75,7.3125,0.9375,7.5],"tintindex":0,"rotation":0,"texture":"#0"},"up":{"uv":[1.1875,7.5,1.0,7.3125],"tintindex":0,"rotation":0,"texture":"#0"},"down":{"uv":[2.25,7.3125,2.0625,7.5],"tintindex":0,"rotation":0,"texture":"#0"}}},{"from":[7.35,7.1,-7.5249996],"to":[8.65,8.9,-2.2250004],"faces":{"east":{"uv":[6.3125,5.3125,6.9375,5.5],"tintindex":0,"rotation":0,"texture":"#0"},"south":{"uv":[6.0,7.3125,6.125,7.5],"tintindex":0,"rotation":0,"texture":"#0"},"north":{"uv":[5.8125,7.3125,5.9375,7.5],"tintindex":0,"rotation":0,"texture":"#0"},"west":{"uv":[6.375,0.0,7.0,0.1875],"tintindex":0,"rotation":0,"texture":"#0"},"up":{"uv":[3.6875,7.4375,3.5625,6.8125],"tintindex":0,"rotation":0,"texture":"#0"},"down":{"uv":[1.5,6.9375,1.375,7.5625],"tintindex":0,"rotation":0,"texture":"#0"}}},{"from":[8.0,7.0,-10.875],"to":[8.0,9.0,-2.375],"faces":{"east":{"uv":[5.1875,4.0,6.25,4.25],"tintindex":0,"rotation":0,"texture":"#0"},"west":{"uv":[5.1875,4.3125,6.25,4.5625],"tintindex":0,"rotation":0,"texture":"#0"}}},{"from":[7.1,7.1,15.475],"to":[8.9,8.9,17.275],"faces":{"east":{"uv":[7.3125,3.625,7.5,3.8125],"tintindex":0,"rotation":0,"texture":"#0"},"south":{"uv":[4.0,7.3125,4.1875,7.5],"tintindex":0,"rotation":0,"texture":"#0"},"north":{"uv":[7.3125,2.75,7.5,2.9375],"tintindex":0,"rotation":0,"texture":"#0"},"west":{"uv":[7.3125,4.625,7.5,4.8125],"tintindex":0,"rotation":0,"texture":"#0"},"up":{"uv":[7.5,5.0625,7.3125,4.875],"tintindex":0,"rotation":0,"texture":"#0"},"down":{"uv":[7.5,5.125,7.3125,5.3125],"tintindex":0,"rotation":0,"texture":"#0"}}},{"from":[7.35,7.35,-2.5249996],"to":[8.65,8.65,0.7750001],"faces":{"east":{"uv":[7.0,3.1875,7.375,3.3125],"tintindex":0,"rotation":0,"texture":"#0"},"south":{"uv":[3.75,7.375,3.875,7.5],"tintindex":0,"rotation":0,"texture":"#0"},"north":{"uv":[2.875,7.375,3.0,7.5],"tintindex":0,"rotation":0,"texture":"#0"},"west":{"uv":[7.125,2.3125,7.5,2.4375],"tintindex":0,"rotation":0,"texture":"#0"},"up":{"uv":[1.9375,1.5,1.8125,1.125],"tintindex":0,"rotation":0,"texture":"#0"},"down":{"uv":[2.0,2.75,1.875,3.125],"tintindex":0,"rotation":0,"texture":"#0"}}},{"from":[7.5,7.25,-7.375],"to":[8.5,8.75,-2.375],"faces":{"east":{"uv":[6.1875,3.375,6.8125,3.5625],"tintindex":0,"rotation":0,"texture":"#0"},"south":{"uv":[5.3125,7.1875,5.4375,7.375],"tintindex":0,"rotation":0,"texture":"#0"},"north":{"uv":[4.0625,5.3125,4.1875,5.5],"tintindex":0,"rotation":0,"texture":"#0"},"west":{"uv":[6.3125,5.0625,6.9375,5.25],"tintindex":0,"rotation":0,"texture":"#0"},"up":{"uv":[1.5,6.875,1.375,6.25],"tintindex":0,"rotation":0,"texture":"#0"},"down":{"uv":[6.375,6.625,6.25,7.25],"tintindex":0,"rotation":0,"texture":"#0"}}},{"from":[7.35,7.35,0.9749999],"to":[8.65,8.65,11.275],"faces":{"east":{"uv":[5.9375,0.4375,7.1875,0.5625],"tintindex":0,"rotation":0,"texture":"#0"},"south":{"uv":[4.4375,7.375,4.5625,7.5],"tintindex":0,"rotation":0,"texture":"#0"},"north":{"uv":[4.25,7.375,4.375,7.5],"tintindex":0,"rotation":0,"texture":"#0"},"west":{"uv":[5.9375,0.625,7.1875,0.75],"tintindex":0,"rotation":0,"texture":"#0"},"up":{"uv":[3.9375,7.0,3.8125,5.75],"tintindex":0,"rotation":0,"texture":"#0"},"down":{"uv":[1.8125,5.8125,1.6875,7.0625],"tintindex":0,"rotation":0,"texture":"#0"}}}],"display":{"head":{"rotation":[0.0,0.0,0.0]},"firstperson_righthand":{"rotation":[0.0,0.0,0.0]},"thirdperson_lefthand":{"rotation":[0.0,-0.0,-0.0]},"firstperson_lefthand":{"rotation":[0.0,-0.0,-0.0]},"fixed":{"rotation":[0.0,0.0,0.0]},"ground":{"rotation":[0.0,0.0,0.0]},"thirdperson_righthand":{"rotation":[0.0,0.0,0.0]},"gui":{"rotation":[-150.0,-45.0,180.0]}}}