{"textures":{"0":"modelengine:entity/orc_vfx_elite_am","particle":"#0"},"elements":[{"from":[7.0,7.299999,2.3000002],"to":[9.0,9.299999,15.3],"faces":{"east":{"uv":[4.0,1.5,7.25,2.0],"tintindex":0,"rotation":0,"texture":"#0"},"south":{"uv":[6.0,5.0,6.5,5.5],"tintindex":0,"rotation":0,"texture":"#0"},"north":{"uv":[4.75,6.0,5.25,6.5],"tintindex":0,"rotation":0,"texture":"#0"},"west":{"uv":[4.0,2.25,7.25,2.75],"tintindex":0,"rotation":0,"texture":"#0"},"up":{"uv":[1.25,6.75,0.75,3.5],"tintindex":0,"rotation":0,"texture":"#0"},"down":{"uv":[2.0,3.5,1.5,6.75],"tintindex":0,"rotation":0,"texture":"#0"}}},{"from":[8.0,0.29999924,9.3],"to":[8.0,9.299999,16.3],"faces":{"east":{"uv":[0.5,6.75,2.25,9.0],"tintindex":0,"rotation":0,"texture":"#0"},"west":{"uv":[7.75,4.75,9.5,7.0],"tintindex":0,"rotation":0,"texture":"#0"}}},{"from":[7.0,6.799999,-3.6999998],"to":[9.0,9.799999,2.3000002],"faces":{"east":{"uv":[4.0,3.0,5.5,3.75],"tintindex":0,"rotation":0,"texture":"#0"},"south":{"uv":[5.75,4.0,6.25,4.75],"tintindex":0,"rotation":0,"texture":"#0"},"north":{"uv":[2.25,5.25,2.75,6.0],"tintindex":0,"rotation":0,"texture":"#0"},"west":{"uv":[4.0,4.0,5.5,4.75],"tintindex":0,"rotation":0,"texture":"#0"},"up":{"uv":[2.75,5.0,2.25,3.5],"tintindex":0,"rotation":0,"texture":"#0"},"down":{"uv":[4.5,5.0,4.0,6.5],"tintindex":0,"rotation":0,"texture":"#0"}}},{"from":[8.0,9.799999,-3.6999998],"to":[8.0,23.8,10.3],"faces":{"east":{"uv":[7.25,1.25,10.75,4.75],"tintindex":0,"rotation":0,"texture":"#0"},"west":{"uv":[5.25,9.0,8.75,12.5],"tintindex":0,"rotation":0,"texture":"#0"}}},{"from":[8.0,0.79999924,-6.7],"to":[8.0,6.799999,5.3],"faces":{"east":{"uv":[0.0,0.0,3.0,1.5],"tintindex":0,"rotation":0,"texture":"#0"},"west":{"uv":[0.0,1.75,3.0,3.25],"tintindex":0,"rotation":0,"texture":"#0"}}},{"from":[6.7,6.999999,-6.0],"to":[9.3,9.599999,14.6],"faces":{"east":{"uv":[3.25,0.0,8.25,0.5],"tintindex":0,"rotation":0,"texture":"#0"},"south":{"uv":[2.25,6.25,2.75,6.75],"tintindex":0,"rotation":0,"texture":"#0"},"north":{"uv":[5.5,6.0,6.0,6.5],"tintindex":0,"rotation":0,"texture":"#0"},"west":{"uv":[3.25,0.75,8.25,1.25],"tintindex":0,"rotation":0,"texture":"#0"},"up":{"uv":[3.75,6.5,3.25,1.5],"tintindex":0,"rotation":0,"texture":"#0"},"down":{"uv":[0.5,3.5,0.0,8.5],"tintindex":0,"rotation":0,"texture":"#0"}}}],"display":{"head":{"rotation":[0.0,0.0,0.0]},"firstperson_righthand":{"rotation":[0.0,0.0,0.0]},"thirdperson_lefthand":{"rotation":[0.0,-0.0,-0.0]},"firstperson_lefthand":{"rotation":[0.0,-0.0,-0.0]},"fixed":{"rotation":[0.0,0.0,0.0]},"ground":{"rotation":[0.0,0.0,0.0]},"thirdperson_righthand":{"rotation":[0.0,0.0,0.0]},"gui":{"rotation":[-150.0,-45.0,180.0]}}}