{"textures":{"0":"modelengine:entity/1bit_elite_baby_piglin","particle":"#0"},"elements":[{"from":[6.6,5.9,2.855],"to":[9.4,10.1,4.255],"faces":{"east":{"uv":[3.75,7.125,4.0,7.875],"tintindex":0,"rotation":0,"texture":"#0"},"south":{"uv":[5.375,6.125,5.875,6.875],"tintindex":0,"rotation":0,"texture":"#0"},"north":{"uv":[6.125,5.125,6.625,5.875],"tintindex":0,"rotation":0,"texture":"#0"},"west":{"uv":[4.625,7.125,4.875,7.875],"tintindex":0,"rotation":0,"texture":"#0"},"up":{"uv":[7.625,7.5,7.125,7.25],"tintindex":0,"rotation":0,"texture":"#0"},"down":{"uv":[7.875,0.0,7.375,0.25],"tintindex":0,"rotation":0,"texture":"#0"}}},{"from":[7.65,5.9,1.4549999],"to":[8.35,10.1,2.855],"faces":{"east":{"uv":[5.0,7.125,5.25,7.875],"tintindex":0,"rotation":0,"texture":"#0"},"south":{"uv":[7.625,3.375,7.75,4.125],"tintindex":0,"rotation":0,"texture":"#0"},"north":{"uv":[7.625,2.5,7.75,3.25],"tintindex":0,"rotation":0,"texture":"#0"},"west":{"uv":[5.75,7.125,6.0,7.875],"tintindex":0,"rotation":0,"texture":"#0"},"up":{"uv":[8.0,6.625,7.875,6.375],"tintindex":0,"rotation":0,"texture":"#0"},"down":{"uv":[7.25,7.875,7.125,8.125],"tintindex":0,"rotation":0,"texture":"#0"}}},{"from":[6.3583,4.31247,2.8725004],"to":[8.3183,6.27247,4.2374997],"faces":{"east":{"uv":[0.875,7.625,1.125,8.0],"tintindex":0,"rotation":0,"texture":"#0"},"south":{"uv":[6.625,7.25,7.0,7.625],"tintindex":0,"rotation":0,"texture":"#0"},"north":{"uv":[6.125,7.25,6.5,7.625],"tintindex":0,"rotation":0,"texture":"#0"},"west":{"uv":[1.25,7.625,1.5,8.0],"tintindex":0,"rotation":0,"texture":"#0"},"up":{"uv":[8.0,2.0,7.625,1.75],"tintindex":0,"rotation":0,"texture":"#0"},"down":{"uv":[8.0,2.125,7.625,2.375],"tintindex":0,"rotation":0,"texture":"#0"}},"rotation":{"origin":[6.9358,6.39497,3.5550003],"angle":45.0,"axis":"z"}},{"from":[8.7,8.700001,13.705],"to":[7.3,7.3,12.305],"faces":{"south":{"uv":[7.875,3.625,8.125,3.875],"tintindex":0,"rotation":0,"texture":"#0"},"north":{"uv":[7.875,3.25,8.125,3.5],"tintindex":0,"rotation":0,"texture":"#0"},"up":{"uv":[8.125,5.5,7.875,5.25],"tintindex":0,"rotation":0,"texture":"#0"},"down":{"uv":[8.125,5.625,7.875,5.875],"tintindex":0,"rotation":0,"texture":"#0"}},"rotation":{"origin":[8.35,8.0,13.005],"angle":-45.0,"axis":"x"}},{"from":[7.125,7.125,4.08],"to":[8.875,8.875,5.83],"faces":{"east":{"uv":[3.125,7.75,3.375,8.0],"tintindex":0,"rotation":0,"texture":"#0"},"south":{"uv":[7.75,4.875,8.0,5.125],"tintindex":0,"rotation":0,"texture":"#0"},"north":{"uv":[2.75,7.75,3.0,8.0],"tintindex":0,"rotation":0,"texture":"#0"},"west":{"uv":[6.125,7.75,6.375,8.0],"tintindex":0,"rotation":0,"texture":"#0"},"up":{"uv":[6.75,8.0,6.5,7.75],"tintindex":0,"rotation":0,"texture":"#0"},"down":{"uv":[8.0,6.75,7.75,7.0],"tintindex":0,"rotation":0,"texture":"#0"}},"rotation":{"origin":[8.0,8.0,2.855],"angle":45.0,"axis":"z"}},{"from":[7.37,7.37,5.725],"to":[8.629999,8.629999,10.485],"faces":{"east":{"uv":[7.0,4.5,7.875,4.75],"tintindex":0,"rotation":0,"texture":"#0"},"south":{"uv":[7.75,0.75,8.0,1.0],"tintindex":0,"rotation":0,"texture":"#0"},"north":{"uv":[7.75,0.375,8.0,0.625],"tintindex":0,"rotation":0,"texture":"#0"},"west":{"uv":[1.75,7.125,2.625,7.375],"tintindex":0,"rotation":0,"texture":"#0"},"up":{"uv":[4.5,7.25,4.25,6.375],"tintindex":0,"rotation":0,"texture":"#0"},"down":{"uv":[5.625,7.0,5.375,7.875],"tintindex":0,"rotation":0,"texture":"#0"}},"rotation":{"origin":[8.0,8.0,9.155],"angle":45.0,"axis":"z"}},{"from":[7.125,7.125,10.38],"to":[8.875,8.875,12.13],"faces":{"east":{"uv":[7.75,7.5,8.0,7.75],"tintindex":0,"rotation":0,"texture":"#0"},"south":{"uv":[7.875,1.125,8.125,1.375],"tintindex":0,"rotation":0,"texture":"#0"},"north":{"uv":[7.75,7.125,8.0,7.375],"tintindex":0,"rotation":0,"texture":"#0"},"west":{"uv":[2.25,7.875,2.5,8.125],"tintindex":0,"rotation":0,"texture":"#0"},"up":{"uv":[8.125,2.75,7.875,2.5],"tintindex":0,"rotation":0,"texture":"#0"},"down":{"uv":[8.125,2.875,7.875,3.125],"tintindex":0,"rotation":0,"texture":"#0"}},"rotation":{"origin":[8.0,8.0,9.155],"angle":45.0,"axis":"z"}},{"from":[6.3583,8.51247,2.8725004],"to":[8.3183,10.472471,4.2374997],"faces":{"east":{"uv":[7.375,6.75,7.625,7.125],"tintindex":0,"rotation":0,"texture":"#0"},"south":{"uv":[7.125,6.25,7.5,6.625],"tintindex":0,"rotation":0,"texture":"#0"},"north":{"uv":[7.125,5.75,7.5,6.125],"tintindex":0,"rotation":0,"texture":"#0"},"west":{"uv":[7.5,1.25,7.75,1.625],"tintindex":0,"rotation":0,"texture":"#0"},"up":{"uv":[2.625,7.75,2.25,7.5],"tintindex":0,"rotation":0,"texture":"#0"},"down":{"uv":[0.75,7.625,0.375,7.875],"tintindex":0,"rotation":0,"texture":"#0"}},"rotation":{"origin":[6.9358,10.594971,3.5550003],"angle":45.0,"axis":"z"}},{"from":[7.3,6.6,11.605],"to":[8.7,9.4,14.405001],"faces":{"east":{"uv":[7.0,3.25,7.5,3.75],"tintindex":0,"rotation":0,"texture":"#0"},"south":{"uv":[0.0,7.375,0.25,7.875],"tintindex":0,"rotation":0,"texture":"#0"},"north":{"uv":[0.5,6.375,0.75,6.875],"tintindex":0,"rotation":0,"texture":"#0"},"west":{"uv":[7.0,3.875,7.5,4.375],"tintindex":0,"rotation":0,"texture":"#0"},"up":{"uv":[4.375,7.875,4.125,7.375],"tintindex":0,"rotation":0,"texture":"#0"},"down":{"uv":[7.625,4.875,7.375,5.375],"tintindex":0,"rotation":0,"texture":"#0"}},"rotation":{"origin":[8.35,8.0,13.005],"angle":-45.0,"axis":"x"}},{"from":[8.0,4.5,-12.545],"to":[8.0,11.5,1.4549999],"faces":{"east":{"uv":[2.5,0.0,0.0,1.25],"tintindex":0,"rotation":0,"texture":"#0"},"west":{"uv":[0.0,0.0,2.5,1.25],"tintindex":0,"rotation":0,"texture":"#0"}}}],"display":{"head":{"rotation":[0.0,0.0,0.0]},"firstperson_righthand":{"rotation":[0.0,0.0,0.0]},"thirdperson_lefthand":{"rotation":[0.0,-0.0,-0.0]},"firstperson_lefthand":{"rotation":[0.0,-0.0,-0.0]},"fixed":{"rotation":[0.0,0.0,0.0]},"ground":{"rotation":[0.0,0.0,0.0]},"thirdperson_righthand":{"rotation":[0.0,0.0,0.0]},"gui":{"rotation":[-150.0,-45.0,180.0]}}}