{"textures":{"0":"modelengine:entity/1bit_elite_baby_piglin","particle":"#0"},"elements":[{"from":[6.2,3.5,6.2],"to":[9.8,8.0,9.8],"faces":{"east":{"uv":[3.625,6.375,4.125,7.0],"tintindex":0,"rotation":0,"texture":"#0"},"south":{"uv":[6.375,2.0,6.875,2.625],"tintindex":0,"rotation":0,"texture":"#0"},"north":{"uv":[6.375,3.5,6.875,4.125],"tintindex":0,"rotation":0,"texture":"#0"},"west":{"uv":[6.375,2.75,6.875,3.375],"tintindex":0,"rotation":0,"texture":"#0"},"up":{"uv":[0.5,7.0,1.0,7.5],"tintindex":0,"rotation":0,"texture":"#0"},"down":{"uv":[1.125,7.5,1.625,7.0],"tintindex":0,"rotation":0,"texture":"#0"}}},{"from":[6.11,3.4099998,6.11],"to":[9.89,8.09,9.89],"faces":{"east":{"uv":[6.75,5.0,7.25,5.625],"tintindex":0,"rotation":0,"texture":"#0"},"south":{"uv":[6.375,4.25,6.875,4.875],"tintindex":0,"rotation":0,"texture":"#0"},"north":{"uv":[6.75,0.0,7.25,0.625],"tintindex":0,"rotation":0,"texture":"#0"},"west":{"uv":[6.5,6.0,7.0,6.625],"tintindex":0,"rotation":0,"texture":"#0"},"up":{"uv":[7.0,2.0,7.5,2.5],"tintindex":0,"rotation":0,"texture":"#0"},"down":{"uv":[7.0,3.125,7.5,2.625],"tintindex":0,"rotation":0,"texture":"#0"}}}],"display":{"head":{"rotation":[0.0,0.0,0.0]},"firstperson_righthand":{"rotation":[0.0,0.0,0.0]},"thirdperson_lefthand":{"rotation":[0.0,-0.0,-0.0]},"firstperson_lefthand":{"rotation":[0.0,-0.0,-0.0]},"fixed":{"rotation":[0.0,0.0,0.0]},"ground":{"rotation":[0.0,0.0,0.0]},"thirdperson_righthand":{"rotation":[0.0,0.0,0.0]},"gui":{"rotation":[-150.0,-45.0,180.0]}}}