{"textures":{"0":"modelengine:entity/1bit_elite_baby_piglin","particle":"#0"},"elements":[{"from":[7.59171,4.71142,5.285],"to":[8.41171,9.63142,10.205],"faces":{"east":{"uv":[1.625,6.125,0.875,6.875],"tintindex":0,"rotation":0,"texture":"#0"},"south":{"uv":[7.625,0.375,7.5,1.125],"tintindex":0,"rotation":0,"texture":"#0"},"north":{"uv":[2.625,5.25,2.5,6.0],"tintindex":0,"rotation":0,"texture":"#0"},"west":{"uv":[4.625,5.5,3.875,6.25],"tintindex":0,"rotation":0,"texture":"#0"},"up":{"uv":[1.75,8.25,1.875,7.5],"tintindex":0,"rotation":0,"texture":"#0"},"down":{"uv":[2.0,7.5,2.125,8.25],"tintindex":0,"rotation":0,"texture":"#0"}},"rotation":{"origin":[3.8999996,8.82,7.745],"angle":-22.5,"axis":"z"}}],"display":{"head":{"rotation":[0.0,0.0,0.0]},"firstperson_righthand":{"rotation":[0.0,0.0,0.0]},"thirdperson_lefthand":{"rotation":[0.0,-0.0,-0.0]},"firstperson_lefthand":{"rotation":[0.0,-0.0,-0.0]},"fixed":{"rotation":[0.0,0.0,0.0]},"ground":{"rotation":[0.0,0.0,0.0]},"thirdperson_righthand":{"rotation":[0.0,0.0,0.0]},"gui":{"rotation":[-150.0,-45.0,180.0]}}}