{"textures":{"0":"modelengine:entity/orc_shaman_am","particle":"#0"},"elements":[{"from":[5.0,7.5,8.5],"to":[11.0,11.5,15.5],"faces":{"east":{"uv":[0.0,0.4375,0.4375,0.6875],"tintindex":0,"rotation":0,"texture":"#0"},"south":{"uv":[0.375,0.6875,0.75,0.9375],"tintindex":0,"rotation":0,"texture":"#0"},"north":{"uv":[0.0,0.6875,0.375,0.9375],"tintindex":0,"rotation":0,"texture":"#0"},"west":{"uv":[0.4375,0.4375,0.875,0.6875],"tintindex":0,"rotation":0,"texture":"#0"},"up":{"uv":[0.375,0.4375,0.0,0.0],"tintindex":0,"rotation":0,"texture":"#0"},"down":{"uv":[0.75,0.0,0.375,0.4375],"tintindex":0,"rotation":0,"texture":"#0"}},"rotation":{"origin":[8.0,6.0,12.0],"angle":-22.5,"axis":"x"}},{"from":[5.0,2.9671593,5.82122],"to":[11.0,6.9671593,12.82122],"faces":{"east":{"uv":[6.6875,4.9375,7.125,5.1875],"tintindex":0,"rotation":0,"texture":"#0"},"south":{"uv":[7.125,2.6875,7.5,2.9375],"tintindex":0,"rotation":0,"texture":"#0"},"north":{"uv":[2.625,7.125,3.0,7.375],"tintindex":0,"rotation":0,"texture":"#0"},"west":{"uv":[0.0,6.75,0.4375,7.0],"tintindex":0,"rotation":0,"texture":"#0"},"up":{"uv":[6.5625,4.25,6.1875,3.8125],"tintindex":0,"rotation":0,"texture":"#0"},"down":{"uv":[6.5625,4.3125,6.1875,4.75],"tintindex":0,"rotation":0,"texture":"#0"}},"rotation":{"origin":[8.0,12.467159,9.32122],"angle":-22.5,"axis":"x"}}],"display":{"head":{"rotation":[0.0,0.0,0.0]},"firstperson_righthand":{"rotation":[0.0,0.0,0.0]},"thirdperson_lefthand":{"rotation":[0.0,-0.0,-0.0]},"firstperson_lefthand":{"rotation":[0.0,-0.0,-0.0]},"fixed":{"rotation":[0.0,0.0,0.0]},"ground":{"rotation":[0.0,0.0,0.0]},"thirdperson_righthand":{"rotation":[0.0,0.0,0.0]},"gui":{"rotation":[-150.0,-45.0,180.0]}}}