{"textures":{"0":"modelengine:entity/orc_shaman_am","particle":"#0"},"elements":[{"from":[4.0,8.0,8.25],"to":[12.0,12.0,11.25],"faces":{"east":{"uv":[5.25,7.4375,5.4375,7.6875],"tintindex":0,"rotation":0,"texture":"#0"},"south":{"uv":[6.625,3.75,7.125,4.0],"tintindex":0,"rotation":0,"texture":"#0"},"north":{"uv":[6.625,0.0,7.125,0.25],"tintindex":0,"rotation":0,"texture":"#0"},"west":{"uv":[7.4375,6.0625,7.625,6.3125],"tintindex":0,"rotation":0,"texture":"#0"},"up":{"uv":[7.625,1.25,7.125,1.0625],"tintindex":0,"rotation":0,"texture":"#0"},"down":{"uv":[2.5625,7.125,2.0625,7.3125],"tintindex":0,"rotation":0,"texture":"#0"}}},{"from":[4.0,12.0,3.25],"to":[12.0,16.0,11.25],"faces":{"east":{"uv":[6.5625,1.875,7.0625,2.125],"tintindex":0,"rotation":0,"texture":"#0"},"south":{"uv":[6.5625,2.1875,7.0625,2.4375],"tintindex":0,"rotation":0,"texture":"#0"},"north":{"uv":[6.5,5.25,7.0,5.5],"tintindex":0,"rotation":0,"texture":"#0"},"west":{"uv":[6.5625,2.5,7.0625,2.75],"tintindex":0,"rotation":0,"texture":"#0"},"up":{"uv":[6.125,4.625,5.625,4.125],"tintindex":0,"rotation":0,"texture":"#0"},"down":{"uv":[6.125,4.6875,5.625,5.1875],"tintindex":0,"rotation":0,"texture":"#0"}}},{"from":[7.0,11.0,2.5],"to":[9.0,13.0,4.5],"faces":{"east":{"uv":[1.3125,7.5,1.4375,7.625],"tintindex":0,"rotation":0,"texture":"#0"},"south":{"uv":[5.5,7.5,5.625,7.625],"tintindex":0,"rotation":0,"texture":"#0"},"north":{"uv":[1.3125,7.3125,1.4375,7.4375],"tintindex":0,"rotation":0,"texture":"#0"},"west":{"uv":[1.125,7.625,1.25,7.75],"tintindex":0,"rotation":0,"texture":"#0"},"up":{"uv":[4.5625,7.75,4.4375,7.625],"tintindex":0,"rotation":0,"texture":"#0"},"down":{"uv":[6.125,7.625,6.0,7.75],"tintindex":0,"rotation":0,"texture":"#0"}}},{"from":[12.7064,8.0,8.45781],"to":[12.7064,15.0,13.457809],"faces":{"east":{"uv":[0.75,0.0,1.0625,0.4375],"tintindex":0,"rotation":0,"texture":"#0"},"west":{"uv":[0.875,0.4375,1.1875,0.875],"tintindex":0,"rotation":0,"texture":"#0"}},"rotation":{"origin":[12.7064,9.0,9.45781],"angle":45.0,"axis":"y"}},{"from":[4.0,11.0,3.25],"to":[12.0,12.0,11.25],"faces":{"east":{"uv":[0.5,0.9375,1.0,1.0],"tintindex":0,"rotation":0,"texture":"#0"},"south":{"uv":[1.0,0.9375,1.5,1.0],"tintindex":0,"rotation":0,"texture":"#0"},"north":{"uv":[0.0,0.9375,0.5,1.0],"tintindex":0,"rotation":0,"texture":"#0"},"west":{"uv":[0.8125,1.75,1.3125,1.8125],"tintindex":0,"rotation":0,"texture":"#0"},"up":{"uv":[3.4375,2.8125,2.9375,2.3125],"tintindex":0,"rotation":0,"texture":"#0"},"down":{"uv":[2.6875,4.3125,2.1875,4.8125],"tintindex":0,"rotation":0,"texture":"#0"}}},{"from":[3.2936,8.0,8.45781],"to":[3.2936,15.0,13.457809],"faces":{"east":{"uv":[1.1875,0.4375,0.875,0.875],"tintindex":0,"rotation":0,"texture":"#0"},"west":{"uv":[1.0625,0.0,0.75,0.4375],"tintindex":0,"rotation":0,"texture":"#0"}},"rotation":{"origin":[3.2936,9.0,9.45781],"angle":-45.0,"axis":"y"}},{"from":[3.7,11.7,2.95],"to":[12.3,16.3,11.55],"faces":{"east":{"uv":[6.5625,3.125,7.0625,3.375],"tintindex":0,"rotation":0,"texture":"#0"},"south":{"uv":[6.5625,3.4375,7.0625,3.6875],"tintindex":0,"rotation":0,"texture":"#0"},"north":{"uv":[6.5625,2.8125,7.0625,3.0625],"tintindex":0,"rotation":0,"texture":"#0"},"west":{"uv":[6.25,6.5625,6.75,6.8125],"tintindex":0,"rotation":0,"texture":"#0"},"up":{"uv":[5.75,6.125,5.25,5.625],"tintindex":0,"rotation":0,"texture":"#0"},"down":{"uv":[3.25,5.6875,2.75,6.1875],"tintindex":0,"rotation":0,"texture":"#0"}}}],"display":{"head":{"rotation":[0.0,0.0,0.0]},"firstperson_righthand":{"rotation":[0.0,0.0,0.0]},"thirdperson_lefthand":{"rotation":[0.0,-0.0,-0.0]},"firstperson_lefthand":{"rotation":[0.0,-0.0,-0.0]},"fixed":{"rotation":[0.0,0.0,0.0]},"ground":{"rotation":[0.0,0.0,0.0]},"thirdperson_righthand":{"rotation":[0.0,0.0,0.0]},"gui":{"rotation":[-150.0,-45.0,180.0]}}}