{"textures":{"0":"modelengine:entity/orc_shaman_am","particle":"#0"},"elements":[{"from":[5.2,-9.8,4.7],"to":[10.8,7.8,11.3],"faces":{"east":{"uv":[0.0,2.625,0.375,3.6875],"tintindex":0,"rotation":0,"texture":"#0"},"south":{"uv":[1.875,5.25,2.1875,6.3125],"tintindex":0,"rotation":0,"texture":"#0"},"north":{"uv":[1.5,5.25,1.8125,6.3125],"tintindex":0,"rotation":0,"texture":"#0"},"west":{"uv":[2.875,1.25,3.25,2.3125],"tintindex":0,"rotation":0,"texture":"#0"},"up":{"uv":[2.375,7.0625,2.0625,6.6875],"tintindex":0,"rotation":0,"texture":"#0"},"down":{"uv":[2.75,6.6875,2.4375,7.0625],"tintindex":0,"rotation":0,"texture":"#0"}}},{"from":[5.5,-9.5,5.0],"to":[10.5,7.5,11.0],"faces":{"east":{"uv":[2.125,2.4375,2.5,3.5],"tintindex":0,"rotation":0,"texture":"#0"},"south":{"uv":[1.125,5.25,1.4375,6.3125],"tintindex":0,"rotation":0,"texture":"#0"},"north":{"uv":[0.75,5.25,1.0625,6.3125],"tintindex":0,"rotation":0,"texture":"#0"},"west":{"uv":[2.5625,2.375,2.9375,3.4375],"tintindex":0,"rotation":0,"texture":"#0"},"up":{"uv":[5.3125,7.0,5.0,6.625],"tintindex":0,"rotation":0,"texture":"#0"},"down":{"uv":[6.0,6.625,5.6875,7.0],"tintindex":0,"rotation":0,"texture":"#0"}}}],"display":{"head":{"rotation":[0.0,0.0,0.0]},"firstperson_righthand":{"rotation":[0.0,0.0,0.0]},"thirdperson_lefthand":{"rotation":[0.0,-0.0,-0.0]},"firstperson_lefthand":{"rotation":[0.0,-0.0,-0.0]},"fixed":{"rotation":[0.0,0.0,0.0]},"ground":{"rotation":[0.0,0.0,0.0]},"thirdperson_righthand":{"rotation":[0.0,0.0,0.0]},"gui":{"rotation":[-150.0,-45.0,180.0]}}}