{"textures":{"0":"modelengine:entity/orc_shaman_am","particle":"#0"},"elements":[{"from":[3.0,6.5,8.0],"to":[8.0,9.5,8.0],"faces":{"south":{"uv":[2.625,7.4375,2.9375,7.625],"tintindex":0,"rotation":0,"texture":"#0"},"north":{"uv":[0.0,7.4375,0.3125,7.625],"tintindex":0,"rotation":0,"texture":"#0"}}}],"display":{"head":{"rotation":[0.0,0.0,0.0]},"firstperson_righthand":{"rotation":[0.0,0.0,0.0]},"thirdperson_lefthand":{"rotation":[0.0,-0.0,-0.0]},"firstperson_lefthand":{"rotation":[0.0,-0.0,-0.0]},"fixed":{"rotation":[0.0,0.0,0.0]},"ground":{"rotation":[0.0,0.0,0.0]},"thirdperson_righthand":{"rotation":[0.0,0.0,0.0]},"gui":{"rotation":[-150.0,-45.0,180.0]}}}