{"textures":{"0":"modelengine:entity/orc_shaman_am","particle":"#0"},"elements":[{"from":[2.2,-9.8,5.2],"to":[7.8,7.8,10.8],"faces":{"east":{"uv":[0.0,4.8125,0.3125,5.875],"tintindex":0,"rotation":0,"texture":"#0"},"south":{"uv":[4.8125,0.0,5.125,1.0625],"tintindex":0,"rotation":0,"texture":"#0"},"north":{"uv":[3.6875,4.3125,4.0,5.375],"tintindex":0,"rotation":0,"texture":"#0"},"west":{"uv":[4.0,4.8125,4.3125,5.875],"tintindex":0,"rotation":0,"texture":"#0"},"up":{"uv":[3.5,1.25,3.1875,0.9375],"tintindex":0,"rotation":0,"texture":"#0"},"down":{"uv":[3.8125,0.75,3.5,1.0625],"tintindex":0,"rotation":0,"texture":"#0"}}},{"from":[2.5,-9.5,5.5],"to":[7.5,7.5,10.5],"faces":{"east":{"uv":[3.375,4.5625,3.6875,5.625],"tintindex":0,"rotation":0,"texture":"#0"},"south":{"uv":[4.625,1.125,4.9375,2.1875],"tintindex":0,"rotation":0,"texture":"#0"},"north":{"uv":[3.0,4.5625,3.3125,5.625],"tintindex":0,"rotation":0,"texture":"#0"},"west":{"uv":[4.75,3.75,5.0625,4.8125],"tintindex":0,"rotation":0,"texture":"#0"},"up":{"uv":[0.3125,7.375,0.0,7.0625],"tintindex":0,"rotation":0,"texture":"#0"},"down":{"uv":[7.375,4.4375,7.0625,4.75],"tintindex":0,"rotation":0,"texture":"#0"}}},{"from":[1.0,4.5,6.0],"to":[4.0,6.5,10.0],"faces":{"east":{"uv":[0.1875,2.0625,0.4375,2.1875],"tintindex":0,"rotation":0,"texture":"#0"},"south":{"uv":[2.125,0.8125,2.3125,0.9375],"tintindex":0,"rotation":0,"texture":"#0"},"north":{"uv":[2.125,0.6875,2.3125,0.8125],"tintindex":0,"rotation":0,"texture":"#0"},"west":{"uv":[0.4375,2.0625,0.6875,2.1875],"tintindex":0,"rotation":0,"texture":"#0"},"up":{"uv":[1.9375,1.25,1.75,1.0],"tintindex":0,"rotation":0,"texture":"#0"},"down":{"uv":[0.1875,2.0625,0.0,2.3125],"tintindex":0,"rotation":0,"texture":"#0"}},"rotation":{"origin":[5.0,8.5,8.0],"angle":-22.5,"axis":"z"}},{"from":[1.3,6.8,5.3],"to":[7.7,11.2,10.7],"faces":{"east":{"uv":[2.0,1.6875,2.375,2.0],"tintindex":0,"rotation":0,"texture":"#0"},"south":{"uv":[1.5625,2.0,2.0,2.3125],"tintindex":0,"rotation":0,"texture":"#0"},"north":{"uv":[2.0,1.375,2.4375,1.6875],"tintindex":0,"rotation":0,"texture":"#0"},"west":{"uv":[2.0,2.0,2.375,2.3125],"tintindex":0,"rotation":0,"texture":"#0"},"up":{"uv":[2.25,0.375,1.8125,0.0],"tintindex":0,"rotation":0,"texture":"#0"},"down":{"uv":[2.4375,1.0,2.0,1.375],"tintindex":0,"rotation":0,"texture":"#0"}},"rotation":{"origin":[5.0,8.5,8.0],"angle":-22.5,"axis":"z"}},{"from":[1.0,6.5,5.0],"to":[8.0,11.5,11.0],"faces":{"east":{"uv":[0.4375,1.75,0.8125,2.0625],"tintindex":0,"rotation":0,"texture":"#0"},"south":{"uv":[1.75,0.375,2.1875,0.6875],"tintindex":0,"rotation":0,"texture":"#0"},"north":{"uv":[0.0,1.75,0.4375,2.0625],"tintindex":0,"rotation":0,"texture":"#0"},"west":{"uv":[1.75,0.6875,2.125,1.0],"tintindex":0,"rotation":0,"texture":"#0"},"up":{"uv":[2.0,1.625,1.5625,1.25],"tintindex":0,"rotation":0,"texture":"#0"},"down":{"uv":[2.0,1.625,1.5625,2.0],"tintindex":0,"rotation":0,"texture":"#0"}},"rotation":{"origin":[5.0,8.5,8.0],"angle":-22.5,"axis":"z"}},{"from":[-0.25775033,5.38507,5.7],"to":[3.3422496,7.98507,10.3],"faces":{"east":{"uv":[0.1875,2.1875,0.4375,2.3125],"tintindex":0,"rotation":0,"texture":"#0"},"south":{"uv":[1.5625,0.625,1.75,0.75],"tintindex":0,"rotation":0,"texture":"#0"},"north":{"uv":[1.5625,0.5,1.75,0.625],"tintindex":0,"rotation":0,"texture":"#0"},"west":{"uv":[2.1875,0.375,2.4375,0.5],"tintindex":0,"rotation":0,"texture":"#0"},"up":{"uv":[1.75,0.25,1.5625,0.0],"tintindex":0,"rotation":0,"texture":"#0"},"down":{"uv":[1.75,0.25,1.5625,0.5],"tintindex":0,"rotation":0,"texture":"#0"}},"rotation":{"origin":[1.5422497,6.68507,8.0],"angle":-22.5,"axis":"z"}}],"display":{"head":{"rotation":[0.0,0.0,0.0]},"firstperson_righthand":{"rotation":[0.0,0.0,0.0]},"thirdperson_lefthand":{"rotation":[0.0,-0.0,-0.0]},"firstperson_lefthand":{"rotation":[0.0,-0.0,-0.0]},"fixed":{"rotation":[0.0,0.0,0.0]},"ground":{"rotation":[0.0,0.0,0.0]},"thirdperson_righthand":{"rotation":[0.0,0.0,0.0]},"gui":{"rotation":[-150.0,-45.0,180.0]}}}