{"textures":{"0":"modelengine:entity/orc_shaman_am","particle":"#0"},"elements":[{"from":[5.5,-9.5,5.0],"to":[10.5,7.5,11.0],"faces":{"east":{"uv":[0.8125,1.8125,1.1875,2.875],"tintindex":0,"rotation":0,"texture":"#0"},"south":{"uv":[0.375,5.1875,0.6875,6.25],"tintindex":0,"rotation":0,"texture":"#0"},"north":{"uv":[5.125,3.375,5.4375,4.4375],"tintindex":0,"rotation":0,"texture":"#0"},"west":{"uv":[1.25,2.4375,1.625,3.5],"tintindex":0,"rotation":0,"texture":"#0"},"up":{"uv":[1.5625,2.1875,1.25,1.8125],"tintindex":0,"rotation":0,"texture":"#0"},"down":{"uv":[1.1875,2.9375,0.875,3.3125],"tintindex":0,"rotation":0,"texture":"#0"}}},{"from":[5.2,-9.8,4.7],"to":[10.8,7.8,11.3],"faces":{"east":{"uv":[2.4375,1.25,2.8125,2.3125],"tintindex":0,"rotation":0,"texture":"#0"},"south":{"uv":[5.25,0.0,5.5625,1.0625],"tintindex":0,"rotation":0,"texture":"#0"},"north":{"uv":[5.1875,2.25,5.5,3.3125],"tintindex":0,"rotation":0,"texture":"#0"},"west":{"uv":[1.6875,2.4375,2.0625,3.5],"tintindex":0,"rotation":0,"texture":"#0"},"up":{"uv":[4.1875,2.0,3.875,1.625],"tintindex":0,"rotation":0,"texture":"#0"},"down":{"uv":[6.9375,4.0625,6.625,4.4375],"tintindex":0,"rotation":0,"texture":"#0"}}}],"display":{"head":{"rotation":[0.0,0.0,0.0]},"firstperson_righthand":{"rotation":[0.0,0.0,0.0]},"thirdperson_lefthand":{"rotation":[0.0,-0.0,-0.0]},"firstperson_lefthand":{"rotation":[0.0,-0.0,-0.0]},"fixed":{"rotation":[0.0,0.0,0.0]},"ground":{"rotation":[0.0,0.0,0.0]},"thirdperson_righthand":{"rotation":[0.0,0.0,0.0]},"gui":{"rotation":[-150.0,-45.0,180.0]}}}