{"textures":{"0":"modelengine:entity/orc_shaman_am","particle":"#0"},"elements":[{"from":[11.29289,4.9571095,6.0],"to":[15.29289,8.957111,10.0],"faces":{"east":{"uv":[3.125,3.6875,3.375,3.9375],"tintindex":0,"rotation":0,"texture":"#0"},"south":{"uv":[1.8125,3.8125,2.0625,4.0625],"tintindex":0,"rotation":0,"texture":"#0"},"north":{"uv":[3.125,3.4375,3.375,3.6875],"tintindex":0,"rotation":0,"texture":"#0"},"west":{"uv":[4.25,0.9375,4.5,1.1875],"tintindex":0,"rotation":0,"texture":"#0"},"up":{"uv":[4.5,1.4375,4.25,1.1875],"tintindex":0,"rotation":0,"texture":"#0"},"down":{"uv":[3.5625,4.25,3.3125,4.5],"tintindex":0,"rotation":0,"texture":"#0"}},"rotation":{"origin":[13.29289,6.9571095,8.0],"angle":45.0,"axis":"z"}},{"from":[8.2,-9.8,5.2],"to":[13.8,7.8,10.8],"faces":{"east":{"uv":[1.5,4.125,1.8125,5.1875],"tintindex":0,"rotation":0,"texture":"#0"},"south":{"uv":[1.875,4.125,2.1875,5.1875],"tintindex":0,"rotation":0,"texture":"#0"},"north":{"uv":[1.125,4.125,1.4375,5.1875],"tintindex":0,"rotation":0,"texture":"#0"},"west":{"uv":[4.25,1.625,4.5625,2.6875],"tintindex":0,"rotation":0,"texture":"#0"},"up":{"uv":[4.125,7.1875,3.8125,6.875],"tintindex":0,"rotation":0,"texture":"#0"},"down":{"uv":[6.375,6.875,6.0625,7.1875],"tintindex":0,"rotation":0,"texture":"#0"}}},{"from":[15.29289,4.9571095,8.0],"to":[22.29289,10.957111,8.0],"faces":{"south":{"uv":[4.75,4.8125,5.1875,5.1875],"tintindex":0,"rotation":0,"texture":"#0"},"north":{"uv":[4.3125,4.8125,4.75,5.1875],"tintindex":0,"rotation":0,"texture":"#0"}},"rotation":{"origin":[13.29289,6.9571095,8.0],"angle":45.0,"axis":"z"}},{"from":[12.29289,-0.04289055,6.5],"to":[15.29289,2.9571095,9.5],"faces":{"east":{"uv":[1.0625,3.3125,1.25,3.5],"tintindex":0,"rotation":0,"texture":"#0"},"south":{"uv":[3.5,1.0625,3.6875,1.25],"tintindex":0,"rotation":0,"texture":"#0"},"north":{"uv":[3.1875,0.25,3.375,0.4375],"tintindex":0,"rotation":0,"texture":"#0"},"west":{"uv":[2.3125,3.5,2.5,3.6875],"tintindex":0,"rotation":0,"texture":"#0"},"up":{"uv":[2.5,3.875,2.3125,3.6875],"tintindex":0,"rotation":0,"texture":"#0"},"down":{"uv":[1.0,3.9375,0.8125,4.125],"tintindex":0,"rotation":0,"texture":"#0"}},"rotation":{"origin":[14.29289,1.9571095,7.5],"angle":22.5,"axis":"z"}},{"from":[8.5,-9.5,5.5],"to":[13.5,7.5,10.5],"faces":{"east":{"uv":[4.0,3.75,4.3125,4.8125],"tintindex":0,"rotation":0,"texture":"#0"},"south":{"uv":[0.375,4.0625,0.6875,5.125],"tintindex":0,"rotation":0,"texture":"#0"},"north":{"uv":[0.0,3.75,0.3125,4.8125],"tintindex":0,"rotation":0,"texture":"#0"},"west":{"uv":[0.75,4.125,1.0625,5.1875],"tintindex":0,"rotation":0,"texture":"#0"},"up":{"uv":[5.875,3.3125,5.5625,3.0],"tintindex":0,"rotation":0,"texture":"#0"},"down":{"uv":[7.1875,1.4375,6.875,1.75],"tintindex":0,"rotation":0,"texture":"#0"}}},{"from":[15.29289,-0.04289055,8.0],"to":[20.29289,3.9571095,8.0],"faces":{"south":{"uv":[4.625,3.125,4.9375,3.375],"tintindex":0,"rotation":0,"texture":"#0"},"north":{"uv":[4.3125,3.125,4.625,3.375],"tintindex":0,"rotation":0,"texture":"#0"}},"rotation":{"origin":[14.29289,1.9571095,7.5],"angle":22.5,"axis":"z"}},{"from":[13.5,-4.5,8.0],"to":[18.5,-1.5,8.0],"faces":{"south":{"uv":[4.875,2.1875,5.1875,2.375],"tintindex":0,"rotation":0,"texture":"#0"},"north":{"uv":[1.0,3.9375,1.3125,4.125],"tintindex":0,"rotation":0,"texture":"#0"}}}],"display":{"head":{"rotation":[0.0,0.0,0.0]},"firstperson_righthand":{"rotation":[0.0,0.0,0.0]},"thirdperson_lefthand":{"rotation":[0.0,-0.0,-0.0]},"firstperson_lefthand":{"rotation":[0.0,-0.0,-0.0]},"fixed":{"rotation":[0.0,0.0,0.0]},"ground":{"rotation":[0.0,0.0,0.0]},"thirdperson_righthand":{"rotation":[0.0,0.0,0.0]},"gui":{"rotation":[-150.0,-45.0,180.0]}}}