{"textures":{"0":"modelengine:entity/orc_shaman_am","particle":"#0"},"elements":[{"from":[3.7,8.7,4.7],"to":[12.3,15.3,11.3],"faces":{"east":{"uv":[3.625,6.4375,4.0,6.8125],"tintindex":0,"rotation":0,"texture":"#0"},"south":{"uv":[3.3125,6.0,3.8125,6.375],"tintindex":0,"rotation":0,"texture":"#0"},"north":{"uv":[6.0,2.9375,6.5,3.3125],"tintindex":0,"rotation":0,"texture":"#0"},"west":{"uv":[4.0625,6.4375,4.4375,6.8125],"tintindex":0,"rotation":0,"texture":"#0"},"up":{"uv":[6.5,3.75,6.0,3.375],"tintindex":0,"rotation":0,"texture":"#0"},"down":{"uv":[4.375,6.0,3.875,6.375],"tintindex":0,"rotation":0,"texture":"#0"}}},{"from":[9.0,18.5,3.5],"to":[14.0,21.5,3.5],"faces":{"south":{"uv":[0.375,3.4375,0.6875,3.625],"tintindex":0,"rotation":0,"texture":"#0"},"north":{"uv":[2.9375,3.25,3.25,3.4375],"tintindex":0,"rotation":0,"texture":"#0"}}},{"from":[2.0,18.5,3.5],"to":[7.0,21.5,3.5],"faces":{"south":{"uv":[0.6875,3.4375,0.375,3.625],"tintindex":0,"rotation":0,"texture":"#0"},"north":{"uv":[3.25,3.25,2.9375,3.4375],"tintindex":0,"rotation":0,"texture":"#0"}}},{"from":[9.7,22.7,2.2],"to":[13.3,24.3,4.8],"faces":{"east":{"uv":[1.0625,0.375,1.1875,0.4375],"tintindex":0,"rotation":0,"texture":"#0"},"south":{"uv":[1.0625,0.875,1.25,0.9375],"tintindex":0,"rotation":0,"texture":"#0"},"north":{"uv":[0.875,0.875,1.0625,0.9375],"tintindex":0,"rotation":0,"texture":"#0"},"west":{"uv":[1.25,0.3125,1.375,0.375],"tintindex":0,"rotation":0,"texture":"#0"},"up":{"uv":[1.375,0.625,1.1875,0.5],"tintindex":0,"rotation":0,"texture":"#0"},"down":{"uv":[1.5625,0.3125,1.375,0.4375],"tintindex":0,"rotation":0,"texture":"#0"}}},{"from":[2.0,13.0,4.0],"to":[14.0,25.0,12.0],"faces":{"east":{"uv":[3.3125,1.25,3.8125,2.0],"tintindex":0,"rotation":0,"texture":"#0"},"south":{"uv":[0.8125,1.0,1.5625,1.75],"tintindex":0,"rotation":0,"texture":"#0"},"north":{"uv":[0.0,1.0,0.75,1.75],"tintindex":0,"rotation":0,"texture":"#0"},"west":{"uv":[3.375,0.0,3.875,0.75],"tintindex":0,"rotation":0,"texture":"#0"},"up":{"uv":[4.1875,2.5625,3.4375,2.0625],"tintindex":0,"rotation":0,"texture":"#0"},"down":{"uv":[4.1875,2.625,3.4375,3.125],"tintindex":0,"rotation":0,"texture":"#0"}}},{"from":[1.7,12.7,3.7],"to":[14.3,25.3,12.3],"faces":{"east":{"uv":[1.1875,6.3125,1.6875,7.0625],"tintindex":0,"rotation":0,"texture":"#0"},"south":{"uv":[0.4375,6.3125,1.1875,7.0625],"tintindex":0,"rotation":0,"texture":"#0"},"north":{"uv":[4.3125,5.1875,5.0625,5.9375],"tintindex":0,"rotation":0,"texture":"#0"},"west":{"uv":[6.3125,5.625,6.8125,6.375],"tintindex":0,"rotation":0,"texture":"#0"},"up":{"uv":[5.125,6.4375,4.375,5.9375],"tintindex":0,"rotation":0,"texture":"#0"},"down":{"uv":[7.75,5.1875,7.0,5.6875],"tintindex":0,"rotation":0,"texture":"#0"}}},{"from":[3.0,21.5,2.5],"to":[6.0,26.5,9.5],"faces":{"east":{"uv":[3.375,2.8125,2.9375,3.125],"tintindex":0,"rotation":0,"texture":"#0"},"south":{"uv":[1.5,0.0,1.3125,0.3125],"tintindex":0,"rotation":0,"texture":"#0"},"north":{"uv":[1.4375,0.625,1.25,0.9375],"tintindex":0,"rotation":0,"texture":"#0"},"west":{"uv":[0.8125,2.875,0.375,3.1875],"tintindex":0,"rotation":0,"texture":"#0"},"up":{"uv":[0.375,4.0625,0.5625,3.625],"tintindex":0,"rotation":0,"texture":"#0"},"down":{"uv":[0.5625,3.625,0.75,4.0625],"tintindex":0,"rotation":0,"texture":"#0"}}},{"from":[5.7,9.7,3.2],"to":[10.3,14.3,4.8],"faces":{"east":{"uv":[3.3125,2.0625,3.375,2.3125],"tintindex":0,"rotation":0,"texture":"#0"},"south":{"uv":[0.0,6.0,0.25,6.25],"tintindex":0,"rotation":0,"texture":"#0"},"north":{"uv":[0.4375,2.625,0.6875,2.875],"tintindex":0,"rotation":0,"texture":"#0"},"west":{"uv":[5.125,4.5,5.1875,4.75],"tintindex":0,"rotation":0,"texture":"#0"},"up":{"uv":[6.3125,0.6875,6.0625,0.625],"tintindex":0,"rotation":0,"texture":"#0"},"down":{"uv":[7.8125,2.875,7.5625,2.9375],"tintindex":0,"rotation":0,"texture":"#0"}}},{"from":[4.0,9.0,5.0],"to":[12.0,15.0,11.0],"faces":{"east":{"uv":[6.4375,1.4375,6.8125,1.8125],"tintindex":0,"rotation":0,"texture":"#0"},"south":{"uv":[5.8125,5.6875,6.3125,6.0625],"tintindex":0,"rotation":0,"texture":"#0"},"north":{"uv":[4.25,2.75,4.75,3.125],"tintindex":0,"rotation":0,"texture":"#0"},"west":{"uv":[3.1875,6.4375,3.5625,6.8125],"tintindex":0,"rotation":0,"texture":"#0"},"up":{"uv":[6.5,2.4375,6.0,2.0625],"tintindex":0,"rotation":0,"texture":"#0"},"down":{"uv":[6.5,2.5,6.0,2.875],"tintindex":0,"rotation":0,"texture":"#0"}}},{"from":[10.0,21.5,2.5],"to":[13.0,26.5,9.5],"faces":{"east":{"uv":[0.375,2.875,0.8125,3.1875],"tintindex":0,"rotation":0,"texture":"#0"},"south":{"uv":[1.3125,0.0,1.5,0.3125],"tintindex":0,"rotation":0,"texture":"#0"},"north":{"uv":[1.25,0.625,1.4375,0.9375],"tintindex":0,"rotation":0,"texture":"#0"},"west":{"uv":[2.9375,2.8125,3.375,3.125],"tintindex":0,"rotation":0,"texture":"#0"},"up":{"uv":[0.5625,4.0625,0.375,3.625],"tintindex":0,"rotation":0,"texture":"#0"},"down":{"uv":[0.75,3.625,0.5625,4.0625],"tintindex":0,"rotation":0,"texture":"#0"}}},{"from":[2.7,22.7,2.2],"to":[6.3,24.3,4.8],"faces":{"east":{"uv":[1.375,0.3125,1.25,0.375],"tintindex":0,"rotation":0,"texture":"#0"},"south":{"uv":[1.25,0.875,1.0625,0.9375],"tintindex":0,"rotation":0,"texture":"#0"},"north":{"uv":[1.0625,0.875,0.875,0.9375],"tintindex":0,"rotation":0,"texture":"#0"},"west":{"uv":[1.1875,0.375,1.0625,0.4375],"tintindex":0,"rotation":0,"texture":"#0"},"up":{"uv":[1.1875,0.625,1.375,0.5],"tintindex":0,"rotation":0,"texture":"#0"},"down":{"uv":[1.375,0.3125,1.5625,0.4375],"tintindex":0,"rotation":0,"texture":"#0"}}}],"display":{"head":{"rotation":[0.0,0.0,0.0]},"firstperson_righthand":{"rotation":[0.0,0.0,0.0]},"thirdperson_lefthand":{"rotation":[0.0,-0.0,-0.0]},"firstperson_lefthand":{"rotation":[0.0,-0.0,-0.0]},"fixed":{"rotation":[0.0,0.0,0.0]},"ground":{"rotation":[0.0,0.0,0.0]},"thirdperson_righthand":{"rotation":[0.0,0.0,0.0]},"gui":{"rotation":[-150.0,-45.0,180.0]}}}