{"textures":{"0":"modelengine:entity/orc_shaman_am","particle":"#0"},"elements":[{"from":[3.7,2.95,-12.3],"to":[12.3,10.55,-6.7],"faces":{"east":{"uv":[3.375,3.8125,3.6875,4.25],"tintindex":0,"rotation":0,"texture":"#0"},"south":{"uv":[2.1875,3.875,2.6875,4.3125],"tintindex":0,"rotation":0,"texture":"#0"},"north":{"uv":[3.875,0.0,4.375,0.4375],"tintindex":0,"rotation":0,"texture":"#0"},"west":{"uv":[2.6875,3.875,3.0,4.3125],"tintindex":0,"rotation":0,"texture":"#0"},"up":{"uv":[1.8125,4.125,1.3125,3.8125],"tintindex":0,"rotation":0,"texture":"#0"},"down":{"uv":[4.375,0.4375,3.875,0.75],"tintindex":0,"rotation":0,"texture":"#0"}}},{"from":[7.0,6.25,7.0],"to":[9.0,8.25,22.0],"faces":{"east":{"uv":[3.9375,3.375,4.875,3.5],"tintindex":0,"rotation":0,"texture":"#0"},"south":{"uv":[2.25,0.25,2.375,0.375],"tintindex":0,"rotation":0,"texture":"#0"},"north":{"uv":[1.4375,2.1875,1.5625,2.3125],"tintindex":0,"rotation":0,"texture":"#0"},"west":{"uv":[3.9375,3.5,4.875,3.625],"tintindex":0,"rotation":0,"texture":"#0"},"up":{"uv":[4.5,0.9375,4.375,0.0],"tintindex":0,"rotation":0,"texture":"#0"},"down":{"uv":[4.875,2.1875,4.75,3.125],"tintindex":0,"rotation":0,"texture":"#0"}}},{"from":[7.0,7.8959503,-1.2747698],"to":[9.0,9.89595,7.72523],"faces":{"east":{"uv":[3.8125,1.4375,4.375,1.5625],"tintindex":0,"rotation":0,"texture":"#0"},"south":{"uv":[0.6875,2.625,0.8125,2.75],"tintindex":0,"rotation":0,"texture":"#0"},"north":{"uv":[2.4375,2.3125,2.5625,2.4375],"tintindex":0,"rotation":0,"texture":"#0"},"west":{"uv":[3.9375,3.625,4.5,3.75],"tintindex":0,"rotation":0,"texture":"#0"},"up":{"uv":[3.3125,4.5,3.1875,3.9375],"tintindex":0,"rotation":0,"texture":"#0"},"down":{"uv":[4.25,0.75,4.125,1.3125],"tintindex":0,"rotation":0,"texture":"#0"}},"rotation":{"origin":[8.0,8.89595,3.2252302],"angle":22.5,"axis":"x"}},{"from":[6.5,5.75,22.0],"to":[9.5,8.75,25.0],"faces":{"east":{"uv":[7.4375,6.375,7.625,6.5625],"tintindex":0,"rotation":0,"texture":"#0"},"south":{"uv":[7.4375,6.625,7.625,6.8125],"tintindex":0,"rotation":0,"texture":"#0"},"north":{"uv":[2.75,5.4375,2.9375,5.625],"tintindex":0,"rotation":0,"texture":"#0"},"west":{"uv":[7.5,0.0,7.6875,0.1875],"tintindex":0,"rotation":0,"texture":"#0"},"up":{"uv":[7.6875,3.625,7.5,3.4375],"tintindex":0,"rotation":0,"texture":"#0"},"down":{"uv":[7.6875,4.8125,7.5,5.0],"tintindex":0,"rotation":0,"texture":"#0"}}},{"from":[5.7,2.95,-7.3],"to":[10.3,7.55,-3.7],"faces":{"east":{"uv":[3.1875,0.0,3.375,0.25],"tintindex":0,"rotation":0,"texture":"#0"},"south":{"uv":[3.8125,1.1875,4.0625,1.4375],"tintindex":0,"rotation":0,"texture":"#0"},"north":{"uv":[3.125,0.4375,3.375,0.6875],"tintindex":0,"rotation":0,"texture":"#0"},"west":{"uv":[3.1875,0.6875,3.375,0.9375],"tintindex":0,"rotation":0,"texture":"#0"},"up":{"uv":[3.1875,1.25,2.9375,1.0625],"tintindex":0,"rotation":0,"texture":"#0"},"down":{"uv":[1.0625,3.3125,0.8125,3.5],"tintindex":0,"rotation":0,"texture":"#0"}}},{"from":[7.0,8.087299,-7.86238],"to":[9.0,10.087299,0.13761997],"faces":{"east":{"uv":[1.4375,2.3125,1.9375,2.4375],"tintindex":0,"rotation":0,"texture":"#0"},"south":{"uv":[2.1875,0.5,2.3125,0.625],"tintindex":0,"rotation":0,"texture":"#0"},"north":{"uv":[0.6875,2.0625,0.8125,2.1875],"tintindex":0,"rotation":0,"texture":"#0"},"west":{"uv":[1.9375,2.3125,2.4375,2.4375],"tintindex":0,"rotation":0,"texture":"#0"},"up":{"uv":[3.125,3.9375,3.0,3.4375],"tintindex":0,"rotation":0,"texture":"#0"},"down":{"uv":[3.1875,3.9375,3.0625,4.4375],"tintindex":0,"rotation":0,"texture":"#0"}},"rotation":{"origin":[8.0,9.087299,-3.86238],"angle":-22.5,"axis":"x"}},{"from":[6.2,5.45,21.7],"to":[9.8,9.05,25.3],"faces":{"east":{"uv":[7.5625,2.375,7.75,2.5625],"tintindex":0,"rotation":0,"texture":"#0"},"south":{"uv":[7.5625,2.625,7.75,2.8125],"tintindex":0,"rotation":0,"texture":"#0"},"north":{"uv":[7.5625,1.3125,7.75,1.5],"tintindex":0,"rotation":0,"texture":"#0"},"west":{"uv":[4.75,7.5625,4.9375,7.75],"tintindex":0,"rotation":0,"texture":"#0"},"up":{"uv":[6.5625,7.75,6.375,7.5625],"tintindex":0,"rotation":0,"texture":"#0"},"down":{"uv":[0.5625,7.625,0.375,7.8125],"tintindex":0,"rotation":0,"texture":"#0"}}},{"from":[6.0,3.25,-7.0],"to":[10.0,7.25,-4.0],"faces":{"east":{"uv":[1.5625,1.0,1.75,1.25],"tintindex":0,"rotation":0,"texture":"#0"},"south":{"uv":[2.9375,0.0,3.1875,0.25],"tintindex":0,"rotation":0,"texture":"#0"},"north":{"uv":[1.1875,2.1875,1.4375,2.4375],"tintindex":0,"rotation":0,"texture":"#0"},"west":{"uv":[2.25,0.0,2.4375,0.25],"tintindex":0,"rotation":0,"texture":"#0"},"up":{"uv":[3.1875,0.4375,2.9375,0.25],"tintindex":0,"rotation":0,"texture":"#0"},"down":{"uv":[3.1875,0.875,2.9375,1.0625],"tintindex":0,"rotation":0,"texture":"#0"}}},{"from":[6.7,7.59595,-1.5747697],"to":[9.3,10.1959505,8.02523],"faces":{"east":{"uv":[4.5,3.625,5.0625,3.75],"tintindex":0,"rotation":0,"texture":"#0"},"south":{"uv":[3.375,0.75,3.5,0.875],"tintindex":0,"rotation":0,"texture":"#0"},"north":{"uv":[0.6875,2.75,0.8125,2.875],"tintindex":0,"rotation":0,"texture":"#0"},"west":{"uv":[3.6875,5.875,4.25,6.0],"tintindex":0,"rotation":0,"texture":"#0"},"up":{"uv":[4.625,1.625,4.5,1.0625],"tintindex":0,"rotation":0,"texture":"#0"},"down":{"uv":[4.6875,2.1875,4.5625,2.75],"tintindex":0,"rotation":0,"texture":"#0"}},"rotation":{"origin":[8.0,8.89595,3.2252302],"angle":22.5,"axis":"x"}},{"from":[6.7,5.95,6.7],"to":[9.3,8.55,22.3],"faces":{"east":{"uv":[3.375,3.125,4.3125,3.25],"tintindex":0,"rotation":0,"texture":"#0"},"south":{"uv":[1.5625,0.875,1.6875,1.0],"tintindex":0,"rotation":0,"texture":"#0"},"north":{"uv":[1.5625,0.75,1.6875,0.875],"tintindex":0,"rotation":0,"texture":"#0"},"west":{"uv":[3.375,3.25,4.3125,3.375],"tintindex":0,"rotation":0,"texture":"#0"},"up":{"uv":[3.8125,4.3125,3.6875,3.375],"tintindex":0,"rotation":0,"texture":"#0"},"down":{"uv":[3.9375,3.375,3.8125,4.3125],"tintindex":0,"rotation":0,"texture":"#0"}}},{"from":[4.0,3.25,-12.0],"to":[12.0,10.25,-7.0],"faces":{"east":{"uv":[0.5,2.1875,0.8125,2.625],"tintindex":0,"rotation":0,"texture":"#0"},"south":{"uv":[2.4375,0.0,2.9375,0.4375],"tintindex":0,"rotation":0,"texture":"#0"},"north":{"uv":[2.3125,0.5,2.8125,0.9375],"tintindex":0,"rotation":0,"texture":"#0"},"west":{"uv":[2.8125,0.4375,3.125,0.875],"tintindex":0,"rotation":0,"texture":"#0"},"up":{"uv":[0.5,2.625,0.0,2.3125],"tintindex":0,"rotation":0,"texture":"#0"},"down":{"uv":[2.9375,0.9375,2.4375,1.25],"tintindex":0,"rotation":0,"texture":"#0"}}},{"from":[4.3,3.55,-11.7],"to":[11.7,9.95,-7.3],"faces":{"east":{"uv":[3.375,3.375,3.6875,3.8125],"tintindex":0,"rotation":0,"texture":"#0"},"south":{"uv":[0.8125,3.5,1.3125,3.9375],"tintindex":0,"rotation":0,"texture":"#0"},"north":{"uv":[2.5,3.4375,3.0,3.875],"tintindex":0,"rotation":0,"texture":"#0"},"west":{"uv":[3.8125,0.75,4.125,1.1875],"tintindex":0,"rotation":0,"texture":"#0"},"up":{"uv":[1.8125,3.8125,1.3125,3.5],"tintindex":0,"rotation":0,"texture":"#0"},"down":{"uv":[2.3125,3.5,1.8125,3.8125],"tintindex":0,"rotation":0,"texture":"#0"}}}],"display":{"head":{"rotation":[0.0,0.0,0.0]},"firstperson_righthand":{"rotation":[0.0,0.0,0.0]},"thirdperson_lefthand":{"rotation":[0.0,-0.0,-0.0]},"firstperson_lefthand":{"rotation":[0.0,-0.0,-0.0]},"fixed":{"rotation":[0.0,0.0,0.0]},"ground":{"rotation":[0.0,0.0,0.0]},"thirdperson_righthand":{"rotation":[0.0,0.0,0.0]},"gui":{"rotation":[-150.0,-45.0,180.0]}}}