{"textures":{"0":"modelengine:entity/orc_vfx_spearthrower_am","particle":"#0"},"elements":[{"from":[7.5,7.5,-2.375],"to":[8.5,8.5,15.625],"faces":{"east":{"uv":[0.0,0.0,9.0,0.5],"tintindex":0,"rotation":0,"texture":"#0"},"south":{"uv":[8.75,4.5,9.25,5.0],"tintindex":0,"rotation":0,"texture":"#0"},"north":{"uv":[7.75,6.5,8.25,7.0],"tintindex":0,"rotation":0,"texture":"#0"},"west":{"uv":[0.0,0.75,9.0,1.25],"tintindex":0,"rotation":0,"texture":"#0"},"up":{"uv":[0.5,10.5,0.0,1.5],"tintindex":0,"rotation":0,"texture":"#0"},"down":{"uv":[1.25,1.5,0.75,10.5],"tintindex":0,"rotation":0,"texture":"#0"}}},{"from":[7.25,7.25,15.625],"to":[8.75,8.75,17.125],"faces":{"east":{"uv":[7.5,7.25,8.25,8.0],"tintindex":0,"rotation":0,"texture":"#0"},"south":{"uv":[7.75,4.25,8.5,5.0],"tintindex":0,"rotation":0,"texture":"#0"},"north":{"uv":[6.75,4.25,7.5,5.0],"tintindex":0,"rotation":0,"texture":"#0"},"west":{"uv":[7.5,8.25,8.25,9.0],"tintindex":0,"rotation":0,"texture":"#0"},"up":{"uv":[9.25,6.0,8.5,5.25],"tintindex":0,"rotation":0,"texture":"#0"},"down":{"uv":[9.25,6.25,8.5,7.0],"tintindex":0,"rotation":0,"texture":"#0"}}},{"from":[7.35,7.1,-7.5249996],"to":[8.65,8.9,-2.2250004],"faces":{"east":{"uv":[6.0,1.5,8.5,2.25],"tintindex":0,"rotation":0,"texture":"#0"},"south":{"uv":[4.5,9.25,5.0,10.0],"tintindex":0,"rotation":0,"texture":"#0"},"north":{"uv":[3.75,9.25,4.25,10.0],"tintindex":0,"rotation":0,"texture":"#0"},"west":{"uv":[6.0,2.5,8.5,3.25],"tintindex":0,"rotation":0,"texture":"#0"},"up":{"uv":[5.0,9.0,4.5,6.5],"tintindex":0,"rotation":0,"texture":"#0"},"down":{"uv":[5.75,6.5,5.25,9.0],"tintindex":0,"rotation":0,"texture":"#0"}}},{"from":[8.0,7.0,-10.875],"to":[8.0,9.0,-2.375],"faces":{"east":{"uv":[1.5,1.5,5.75,2.5],"tintindex":0,"rotation":0,"texture":"#0"},"west":{"uv":[1.5,2.75,5.75,3.75],"tintindex":0,"rotation":0,"texture":"#0"}}},{"from":[7.1,7.1,15.475],"to":[8.9,8.9,17.275],"faces":{"east":{"uv":[8.5,8.25,9.25,9.0],"tintindex":0,"rotation":0,"texture":"#0"},"south":{"uv":[8.75,1.5,9.5,2.25],"tintindex":0,"rotation":0,"texture":"#0"},"north":{"uv":[8.5,7.25,9.25,8.0],"tintindex":0,"rotation":0,"texture":"#0"},"west":{"uv":[8.75,2.5,9.5,3.25],"tintindex":0,"rotation":0,"texture":"#0"},"up":{"uv":[9.5,4.25,8.75,3.5],"tintindex":0,"rotation":0,"texture":"#0"},"down":{"uv":[6.75,9.0,6.0,9.75],"tintindex":0,"rotation":0,"texture":"#0"}}},{"from":[7.35,7.35,-2.5249996],"to":[8.65,8.65,0.7750001],"faces":{"east":{"uv":[6.0,6.5,7.5,7.0],"tintindex":0,"rotation":0,"texture":"#0"},"south":{"uv":[7.0,9.25,7.5,9.75],"tintindex":0,"rotation":0,"texture":"#0"},"north":{"uv":[5.25,9.25,5.75,9.75],"tintindex":0,"rotation":0,"texture":"#0"},"west":{"uv":[6.75,3.5,8.25,4.0],"tintindex":0,"rotation":0,"texture":"#0"},"up":{"uv":[6.5,8.75,6.0,7.25],"tintindex":0,"rotation":0,"texture":"#0"},"down":{"uv":[7.25,7.25,6.75,8.75],"tintindex":0,"rotation":0,"texture":"#0"}}},{"from":[7.5,7.25,-7.375],"to":[8.5,8.75,-2.375],"faces":{"east":{"uv":[3.0,5.5,5.5,6.25],"tintindex":0,"rotation":0,"texture":"#0"},"south":{"uv":[3.0,9.25,3.5,10.0],"tintindex":0,"rotation":0,"texture":"#0"},"north":{"uv":[9.25,0.0,9.75,0.75],"tintindex":0,"rotation":0,"texture":"#0"},"west":{"uv":[5.75,5.5,8.25,6.25],"tintindex":0,"rotation":0,"texture":"#0"},"up":{"uv":[3.5,9.0,3.0,6.5],"tintindex":0,"rotation":0,"texture":"#0"},"down":{"uv":[4.25,6.5,3.75,9.0],"tintindex":0,"rotation":0,"texture":"#0"}}},{"from":[7.35,7.35,0.9749999],"to":[8.65,8.65,11.275],"faces":{"east":{"uv":[1.5,4.0,6.5,4.5],"tintindex":0,"rotation":0,"texture":"#0"},"south":{"uv":[8.5,9.25,9.0,9.75],"tintindex":0,"rotation":0,"texture":"#0"},"north":{"uv":[7.75,9.25,8.25,9.75],"tintindex":0,"rotation":0,"texture":"#0"},"west":{"uv":[1.5,4.75,6.5,5.25],"tintindex":0,"rotation":0,"texture":"#0"},"up":{"uv":[2.0,10.5,1.5,5.5],"tintindex":0,"rotation":0,"texture":"#0"},"down":{"uv":[2.75,5.5,2.25,10.5],"tintindex":0,"rotation":0,"texture":"#0"}}}],"display":{"head":{"rotation":[0.0,0.0,0.0]},"firstperson_righthand":{"rotation":[0.0,0.0,0.0]},"thirdperson_lefthand":{"rotation":[0.0,-0.0,-0.0]},"firstperson_lefthand":{"rotation":[0.0,-0.0,-0.0]},"fixed":{"rotation":[0.0,0.0,0.0]},"ground":{"rotation":[0.0,0.0,0.0]},"thirdperson_righthand":{"rotation":[0.0,0.0,0.0]},"gui":{"rotation":[-150.0,-45.0,180.0]}}}