{"textures":{"0":"modelengine:entity/am_goblin_whip","particle":"#0"},"elements":[{"from":[3.35,7.35,6.85],"to":[12.65,8.65,9.15],"faces":{"east":{"uv":[3.5,1.0,3.75,1.125],"tintindex":0,"rotation":0,"texture":"#0"},"south":{"uv":[8.375,6.125,9.5,6.25],"tintindex":0,"rotation":0,"texture":"#0"},"north":{"uv":[8.25,4.625,9.375,4.75],"tintindex":0,"rotation":0,"texture":"#0"},"west":{"uv":[4.375,3.125,4.625,3.25],"tintindex":0,"rotation":0,"texture":"#0"},"up":{"uv":[9.5,4.0,8.375,3.75],"tintindex":0,"rotation":0,"texture":"#0"},"down":{"uv":[9.5,5.875,8.375,6.125],"tintindex":0,"rotation":0,"texture":"#0"}}}],"display":{"head":{"rotation":[0.0,0.0,0.0]},"firstperson_righthand":{"rotation":[0.0,0.0,0.0]},"thirdperson_lefthand":{"rotation":[0.0,-0.0,-0.0]},"firstperson_lefthand":{"rotation":[0.0,-0.0,-0.0]},"fixed":{"rotation":[0.0,0.0,0.0]},"ground":{"rotation":[0.0,0.0,0.0]},"thirdperson_righthand":{"rotation":[0.0,0.0,0.0]},"gui":{"rotation":[-150.0,-45.0,180.0]}}}