{"textures":{"0":"modelengine:entity/am_goblin_whip","particle":"#0"},"elements":[{"from":[6.5,9.5,-5.5],"to":[9.5,12.5,0.5],"faces":{"east":{"uv":[3.875,8.375,4.625,8.75],"tintindex":0,"rotation":0,"texture":"#0"},"south":{"uv":[2.625,7.25,3.0,7.625],"tintindex":0,"rotation":0,"texture":"#0"},"north":{"uv":[2.125,5.0,2.5,5.375],"tintindex":0,"rotation":0,"texture":"#0"},"west":{"uv":[4.625,8.375,5.375,8.75],"tintindex":0,"rotation":0,"texture":"#0"},"up":{"uv":[5.75,6.5,5.375,5.75],"tintindex":0,"rotation":0,"texture":"#0"},"down":{"uv":[8.75,5.125,8.375,5.875],"tintindex":0,"rotation":0,"texture":"#0"}}},{"from":[6.5,7.5,-5.5],"to":[9.5,9.5,-2.5],"faces":{"east":{"uv":[5.375,6.5,5.75,6.75],"tintindex":0,"rotation":0,"texture":"#0"},"south":{"uv":[1.0,8.5,1.375,8.75],"tintindex":0,"rotation":0,"texture":"#0"},"north":{"uv":[1.0,5.875,1.375,6.125],"tintindex":0,"rotation":0,"texture":"#0"},"west":{"uv":[8.5,1.0,8.875,1.25],"tintindex":0,"rotation":0,"texture":"#0"},"up":{"uv":[8.875,0.375,8.5,0.0],"tintindex":0,"rotation":0,"texture":"#0"},"down":{"uv":[8.875,0.375,8.5,0.75],"tintindex":0,"rotation":0,"texture":"#0"}}},{"from":[3.51,9.51,-0.49],"to":[12.49,14.49,10.49],"faces":{"east":{"uv":[0.0,5.25,1.375,5.875],"tintindex":0,"rotation":0,"texture":"#0"},"south":{"uv":[7.25,5.125,8.375,5.75],"tintindex":0,"rotation":0,"texture":"#0"},"north":{"uv":[6.5,4.5,7.625,5.125],"tintindex":0,"rotation":0,"texture":"#0"},"west":{"uv":[5.25,0.0,6.625,0.625],"tintindex":0,"rotation":0,"texture":"#0"},"up":{"uv":[1.125,1.375,0.0,0.0],"tintindex":0,"rotation":0,"texture":"#0"},"down":{"uv":[2.25,0.0,1.125,1.375],"tintindex":0,"rotation":0,"texture":"#0"}}},{"from":[3.5,5.5,5.5],"to":[12.5,9.5,10.5],"faces":{"east":{"uv":[8.375,2.75,9.0,3.25],"tintindex":0,"rotation":0,"texture":"#0"},"south":{"uv":[7.375,1.125,8.5,1.625],"tintindex":0,"rotation":0,"texture":"#0"},"north":{"uv":[7.375,0.625,8.5,1.125],"tintindex":0,"rotation":0,"texture":"#0"},"west":{"uv":[8.375,3.25,9.0,3.75],"tintindex":0,"rotation":0,"texture":"#0"},"up":{"uv":[8.375,6.375,7.25,5.75],"tintindex":0,"rotation":0,"texture":"#0"},"down":{"uv":[8.5,0.0,7.375,0.625],"tintindex":0,"rotation":0,"texture":"#0"}}}],"display":{"head":{"rotation":[0.0,0.0,0.0]},"firstperson_righthand":{"rotation":[0.0,0.0,0.0]},"thirdperson_lefthand":{"rotation":[0.0,-0.0,-0.0]},"firstperson_lefthand":{"rotation":[0.0,-0.0,-0.0]},"fixed":{"rotation":[0.0,0.0,0.0]},"ground":{"rotation":[0.0,0.0,0.0]},"thirdperson_righthand":{"rotation":[0.0,0.0,0.0]},"gui":{"rotation":[-150.0,-45.0,180.0]}}}