{"textures":{"0":"modelengine:entity/am_goblin_whip","particle":"#0"},"elements":[{"from":[3.5,8.0,1.0],"to":[12.5,11.0,8.0],"faces":{"east":{"uv":[0.0,8.125,0.875,8.5],"tintindex":0,"rotation":0,"texture":"#0"},"south":{"uv":[7.25,7.875,8.375,8.25],"tintindex":0,"rotation":0,"texture":"#0"},"north":{"uv":[7.625,4.75,8.75,5.125],"tintindex":0,"rotation":0,"texture":"#0"},"west":{"uv":[8.125,7.125,9.0,7.5],"tintindex":0,"rotation":0,"texture":"#0"},"up":{"uv":[5.75,4.875,4.625,4.0],"tintindex":0,"rotation":0,"texture":"#0"},"down":{"uv":[5.75,4.875,4.625,5.75],"tintindex":0,"rotation":0,"texture":"#0"}}},{"from":[3.51,4.01,1.01],"to":[12.49,7.99,7.99],"faces":{"east":{"uv":[3.875,7.875,4.75,8.375],"tintindex":0,"rotation":0,"texture":"#0"},"south":{"uv":[4.25,7.375,5.375,7.875],"tintindex":0,"rotation":0,"texture":"#0"},"north":{"uv":[7.375,1.625,8.5,2.125],"tintindex":0,"rotation":0,"texture":"#0"},"west":{"uv":[4.75,7.875,5.625,8.375],"tintindex":0,"rotation":0,"texture":"#0"},"up":{"uv":[5.5,3.125,4.375,2.25],"tintindex":0,"rotation":0,"texture":"#0"},"down":{"uv":[5.75,3.125,4.625,4.0],"tintindex":0,"rotation":0,"texture":"#0"}}}],"display":{"head":{"rotation":[0.0,0.0,0.0]},"firstperson_righthand":{"rotation":[0.0,0.0,0.0]},"thirdperson_lefthand":{"rotation":[0.0,-0.0,-0.0]},"firstperson_lefthand":{"rotation":[0.0,-0.0,-0.0]},"fixed":{"rotation":[0.0,0.0,0.0]},"ground":{"rotation":[0.0,0.0,0.0]},"thirdperson_righthand":{"rotation":[0.0,0.0,0.0]},"gui":{"rotation":[-150.0,-45.0,180.0]}}}