{"textures":{"0":"modelengine:entity/am_goblin_whip","particle":"#0"},"elements":[{"from":[5.2,-1.3,4.7],"to":[10.8,8.3,11.3],"faces":{"east":{"uv":[5.75,2.875,6.5,4.0],"tintindex":0,"rotation":0,"texture":"#0"},"south":{"uv":[2.0,7.25,2.625,8.375],"tintindex":0,"rotation":0,"texture":"#0"},"north":{"uv":[6.875,6.625,7.5,7.75],"tintindex":0,"rotation":0,"texture":"#0"},"west":{"uv":[5.75,4.0,6.5,5.125],"tintindex":0,"rotation":0,"texture":"#0"},"up":{"uv":[6.625,8.5,6.0,7.75],"tintindex":0,"rotation":0,"texture":"#0"},"down":{"uv":[7.25,7.75,6.625,8.5],"tintindex":0,"rotation":0,"texture":"#0"}}},{"from":[5.5,-1.0,5.0],"to":[10.5,8.0,11.0],"faces":{"east":{"uv":[5.5,1.75,6.25,2.875],"tintindex":0,"rotation":0,"texture":"#0"},"south":{"uv":[5.375,6.75,6.0,7.875],"tintindex":0,"rotation":0,"texture":"#0"},"north":{"uv":[6.75,1.125,7.375,2.25],"tintindex":0,"rotation":0,"texture":"#0"},"west":{"uv":[3.625,5.5,4.375,6.625],"tintindex":0,"rotation":0,"texture":"#0"},"up":{"uv":[1.5,8.5,0.875,7.75],"tintindex":0,"rotation":0,"texture":"#0"},"down":{"uv":[3.875,7.75,3.25,8.5],"tintindex":0,"rotation":0,"texture":"#0"}}}],"display":{"head":{"rotation":[0.0,0.0,0.0]},"firstperson_righthand":{"rotation":[0.0,0.0,0.0]},"thirdperson_lefthand":{"rotation":[0.0,-0.0,-0.0]},"firstperson_lefthand":{"rotation":[0.0,-0.0,-0.0]},"fixed":{"rotation":[0.0,0.0,0.0]},"ground":{"rotation":[0.0,0.0,0.0]},"thirdperson_righthand":{"rotation":[0.0,0.0,0.0]},"gui":{"rotation":[-150.0,-45.0,180.0]}}}