{"textures":{"0":"modelengine:entity/am_goblin_whip","particle":"#0"},"elements":[{"from":[4.0,-3.5,5.5],"to":[8.0,9.5,10.5],"faces":{"east":{"uv":[3.75,0.0,4.375,1.625],"tintindex":0,"rotation":0,"texture":"#0"},"south":{"uv":[1.0,6.125,1.5,7.75],"tintindex":0,"rotation":0,"texture":"#0"},"north":{"uv":[0.5,5.875,1.0,7.5],"tintindex":0,"rotation":0,"texture":"#0"},"west":{"uv":[3.75,1.625,4.375,3.25],"tintindex":0,"rotation":0,"texture":"#0"},"up":{"uv":[2.25,9.0,1.75,8.375],"tintindex":0,"rotation":0,"texture":"#0"},"down":{"uv":[8.875,2.125,8.375,2.75],"tintindex":0,"rotation":0,"texture":"#0"}}},{"from":[3.7,-3.8,5.2],"to":[8.3,9.8,10.8],"faces":{"east":{"uv":[2.5,3.75,3.125,5.375],"tintindex":0,"rotation":0,"texture":"#0"},"south":{"uv":[6.25,0.625,6.75,2.25],"tintindex":0,"rotation":0,"texture":"#0"},"north":{"uv":[1.5,6.125,2.0,7.75],"tintindex":0,"rotation":0,"texture":"#0"},"west":{"uv":[3.125,3.75,3.75,5.375],"tintindex":0,"rotation":0,"texture":"#0"},"up":{"uv":[2.75,9.0,2.25,8.375],"tintindex":0,"rotation":0,"texture":"#0"},"down":{"uv":[3.25,8.375,2.75,9.0],"tintindex":0,"rotation":0,"texture":"#0"}}}],"display":{"head":{"rotation":[0.0,0.0,0.0]},"firstperson_righthand":{"rotation":[0.0,0.0,0.0]},"thirdperson_lefthand":{"rotation":[0.0,-0.0,-0.0]},"firstperson_lefthand":{"rotation":[0.0,-0.0,-0.0]},"fixed":{"rotation":[0.0,0.0,0.0]},"ground":{"rotation":[0.0,0.0,0.0]},"thirdperson_righthand":{"rotation":[0.0,0.0,0.0]},"gui":{"rotation":[-150.0,-45.0,180.0]}}}