{"textures":{"0":"modelengine:entity/am_goblin_whip","particle":"#0"},"elements":[{"from":[5.5,-1.0,5.0],"to":[10.5,8.0,11.0],"faces":{"east":{"uv":[1.375,5.0,2.125,6.125],"tintindex":0,"rotation":0,"texture":"#0"},"south":{"uv":[3.625,6.625,4.25,7.75],"tintindex":0,"rotation":0,"texture":"#0"},"north":{"uv":[3.0,6.5,3.625,7.625],"tintindex":0,"rotation":0,"texture":"#0"},"west":{"uv":[5.25,0.625,6.0,1.75],"tintindex":0,"rotation":0,"texture":"#0"},"up":{"uv":[8.125,7.125,7.5,6.375],"tintindex":0,"rotation":0,"texture":"#0"},"down":{"uv":[8.125,7.125,7.5,7.875],"tintindex":0,"rotation":0,"texture":"#0"}}},{"from":[5.2,-1.3,4.7],"to":[10.8,8.3,11.3],"faces":{"east":{"uv":[2.125,5.375,2.875,6.5],"tintindex":0,"rotation":0,"texture":"#0"},"south":{"uv":[6.75,0.0,7.375,1.125],"tintindex":0,"rotation":0,"texture":"#0"},"north":{"uv":[6.25,6.625,6.875,7.75],"tintindex":0,"rotation":0,"texture":"#0"},"west":{"uv":[2.875,5.375,3.625,6.5],"tintindex":0,"rotation":0,"texture":"#0"},"up":{"uv":[3.25,8.375,2.625,7.625],"tintindex":0,"rotation":0,"texture":"#0"},"down":{"uv":[8.25,4.0,7.625,4.75],"tintindex":0,"rotation":0,"texture":"#0"}}}],"display":{"head":{"rotation":[0.0,0.0,0.0]},"firstperson_righthand":{"rotation":[0.0,0.0,0.0]},"thirdperson_lefthand":{"rotation":[0.0,-0.0,-0.0]},"firstperson_lefthand":{"rotation":[0.0,-0.0,-0.0]},"fixed":{"rotation":[0.0,0.0,0.0]},"ground":{"rotation":[0.0,0.0,0.0]},"thirdperson_righthand":{"rotation":[0.0,0.0,0.0]},"gui":{"rotation":[-150.0,-45.0,180.0]}}}