{"textures":{"0":"modelengine:entity/am_goblin_whip","particle":"#0"},"elements":[{"from":[8.0,-3.5,5.5],"to":[12.0,9.5,10.5],"faces":{"east":{"uv":[1.25,3.375,1.875,5.0],"tintindex":0,"rotation":0,"texture":"#0"},"south":{"uv":[4.875,5.75,5.375,7.375],"tintindex":0,"rotation":0,"texture":"#0"},"north":{"uv":[4.375,5.75,4.875,7.375],"tintindex":0,"rotation":0,"texture":"#0"},"west":{"uv":[1.875,3.375,2.5,5.0],"tintindex":0,"rotation":0,"texture":"#0"},"up":{"uv":[2.0,8.375,1.5,7.75],"tintindex":0,"rotation":0,"texture":"#0"},"down":{"uv":[8.75,4.0,8.25,4.625],"tintindex":0,"rotation":0,"texture":"#0"}}},{"from":[7.7,-3.8,5.2],"to":[12.3,9.8,10.8],"faces":{"east":{"uv":[0.0,3.625,0.625,5.25],"tintindex":0,"rotation":0,"texture":"#0"},"south":{"uv":[0.0,5.875,0.5,7.5],"tintindex":0,"rotation":0,"texture":"#0"},"north":{"uv":[5.75,5.125,6.25,6.75],"tintindex":0,"rotation":0,"texture":"#0"},"west":{"uv":[0.625,3.625,1.25,5.25],"tintindex":0,"rotation":0,"texture":"#0"},"up":{"uv":[7.75,8.875,7.25,8.25],"tintindex":0,"rotation":0,"texture":"#0"},"down":{"uv":[8.25,8.25,7.75,8.875],"tintindex":0,"rotation":0,"texture":"#0"}}}],"display":{"head":{"rotation":[0.0,0.0,0.0]},"firstperson_righthand":{"rotation":[0.0,0.0,0.0]},"thirdperson_lefthand":{"rotation":[0.0,-0.0,-0.0]},"firstperson_lefthand":{"rotation":[0.0,-0.0,-0.0]},"fixed":{"rotation":[0.0,0.0,0.0]},"ground":{"rotation":[0.0,0.0,0.0]},"thirdperson_righthand":{"rotation":[0.0,0.0,0.0]},"gui":{"rotation":[-150.0,-45.0,180.0]}}}