{"textures":{"0":"modelengine:entity/am_goblin_whip","particle":"#0"},"elements":[{"from":[2.7,8.099999,4.2],"to":[13.3,17.699999,11.8],"faces":{"east":{"uv":[4.375,1.125,5.25,2.25],"tintindex":0,"rotation":0,"texture":"#0"},"south":{"uv":[0.0,2.5,1.25,3.625],"tintindex":0,"rotation":0,"texture":"#0"},"north":{"uv":[2.25,0.0,3.5,1.125],"tintindex":0,"rotation":0,"texture":"#0"},"west":{"uv":[3.75,4.375,4.625,5.5],"tintindex":0,"rotation":0,"texture":"#0"},"up":{"uv":[3.75,2.875,2.5,2.0],"tintindex":0,"rotation":0,"texture":"#0"},"down":{"uv":[3.75,2.875,2.5,3.75],"tintindex":0,"rotation":0,"texture":"#0"}}},{"from":[17.0,7.3999996,4.5],"to":[17.0,12.4,11.5],"faces":{"east":{"uv":[7.5,2.75,8.375,3.375],"tintindex":0,"rotation":0,"texture":"#0"},"west":{"uv":[7.5,3.375,8.375,4.0],"tintindex":0,"rotation":0,"texture":"#0"}},"rotation":{"origin":[18.0,6.3999996,5.5],"angle":45.0,"axis":"z"}},{"from":[3.0,8.4,4.5],"to":[13.0,17.4,11.5],"faces":{"east":{"uv":[3.75,3.25,4.625,4.375],"tintindex":0,"rotation":0,"texture":"#0"},"south":{"uv":[1.25,1.375,2.5,2.5],"tintindex":0,"rotation":0,"texture":"#0"},"north":{"uv":[0.0,1.375,1.25,2.5],"tintindex":0,"rotation":0,"texture":"#0"},"west":{"uv":[4.375,0.0,5.25,1.125],"tintindex":0,"rotation":0,"texture":"#0"},"up":{"uv":[3.75,2.0,2.5,1.125],"tintindex":0,"rotation":0,"texture":"#0"},"down":{"uv":[2.5,2.5,1.25,3.375],"tintindex":0,"rotation":0,"texture":"#0"}}},{"from":[-1.0,7.3999996,4.5],"to":[-1.0,12.4,11.5],"faces":{"east":{"uv":[0.0,7.5,0.875,8.125],"tintindex":0,"rotation":0,"texture":"#0"},"west":{"uv":[7.5,2.125,8.375,2.75],"tintindex":0,"rotation":0,"texture":"#0"}},"rotation":{"origin":[-2.0,6.3999996,5.5],"angle":-45.0,"axis":"z"}}],"display":{"head":{"rotation":[0.0,0.0,0.0]},"firstperson_righthand":{"rotation":[0.0,0.0,0.0]},"thirdperson_lefthand":{"rotation":[0.0,-0.0,-0.0]},"firstperson_lefthand":{"rotation":[0.0,-0.0,-0.0]},"fixed":{"rotation":[0.0,0.0,0.0]},"ground":{"rotation":[0.0,0.0,0.0]},"thirdperson_righthand":{"rotation":[0.0,0.0,0.0]},"gui":{"rotation":[-150.0,-45.0,180.0]}}}