{"textures":{"0":"modelengine:entity/am_goblin_whip","particle":"#0"},"elements":[{"from":[7.0,7.0,3.0],"to":[9.0,9.0,13.0],"faces":{"east":{"uv":[8.125,7.5,9.375,7.75],"tintindex":0,"rotation":0,"texture":"#0"},"south":{"uv":[5.25,1.75,5.5,2.0],"tintindex":0,"rotation":0,"texture":"#0"},"north":{"uv":[2.25,1.125,2.5,1.375],"tintindex":0,"rotation":0,"texture":"#0"},"west":{"uv":[8.25,8.25,9.5,8.5],"tintindex":0,"rotation":0,"texture":"#0"},"up":{"uv":[5.875,9.125,5.625,7.875],"tintindex":0,"rotation":0,"texture":"#0"},"down":{"uv":[1.75,8.375,1.5,9.625],"tintindex":0,"rotation":0,"texture":"#0"}}},{"from":[6.0,6.0,13.0],"to":[10.0,10.0,15.0],"faces":{"east":{"uv":[3.5,0.0,3.75,0.5],"tintindex":0,"rotation":0,"texture":"#0"},"south":{"uv":[0.0,8.5,0.5,9.0],"tintindex":0,"rotation":0,"texture":"#0"},"north":{"uv":[8.375,7.75,8.875,8.25],"tintindex":0,"rotation":0,"texture":"#0"},"west":{"uv":[3.5,0.5,3.75,1.0],"tintindex":0,"rotation":0,"texture":"#0"},"up":{"uv":[1.0,8.75,0.5,8.5],"tintindex":0,"rotation":0,"texture":"#0"},"down":{"uv":[9.0,0.75,8.5,1.0],"tintindex":0,"rotation":0,"texture":"#0"}}}],"display":{"head":{"rotation":[0.0,0.0,0.0]},"firstperson_righthand":{"rotation":[0.0,0.0,0.0]},"thirdperson_lefthand":{"rotation":[0.0,-0.0,-0.0]},"firstperson_lefthand":{"rotation":[0.0,-0.0,-0.0]},"fixed":{"rotation":[0.0,0.0,0.0]},"ground":{"rotation":[0.0,0.0,0.0]},"thirdperson_righthand":{"rotation":[0.0,0.0,0.0]},"gui":{"rotation":[-150.0,-45.0,180.0]}}}