{"textures":{"0":"modelengine:entity/am_goblin_mage","particle":"#0"},"elements":[{"from":[3.35,7.35,6.85],"to":[12.65,8.65,9.15],"faces":{"east":{"uv":[3.125,1.125,3.375,1.25],"tintindex":0,"rotation":0,"texture":"#0"},"south":{"uv":[9.5,2.0,10.625,2.125],"tintindex":0,"rotation":0,"texture":"#0"},"north":{"uv":[9.25,8.0,10.375,8.125],"tintindex":0,"rotation":0,"texture":"#0"},"west":{"uv":[3.125,1.25,3.375,1.375],"tintindex":0,"rotation":0,"texture":"#0"},"up":{"uv":[8.75,2.875,7.625,2.625],"tintindex":0,"rotation":0,"texture":"#0"},"down":{"uv":[10.625,1.75,9.5,2.0],"tintindex":0,"rotation":0,"texture":"#0"}}}],"display":{"head":{"rotation":[0.0,0.0,0.0]},"firstperson_righthand":{"rotation":[0.0,0.0,0.0]},"thirdperson_lefthand":{"rotation":[0.0,-0.0,-0.0]},"firstperson_lefthand":{"rotation":[0.0,-0.0,-0.0]},"fixed":{"rotation":[0.0,0.0,0.0]},"ground":{"rotation":[0.0,0.0,0.0]},"thirdperson_righthand":{"rotation":[0.0,0.0,0.0]},"gui":{"rotation":[-150.0,-45.0,180.0]}}}