{"textures":{"0":"modelengine:entity/am_goblin_mage","particle":"#0"},"elements":[{"from":[3.5,5.5,5.5],"to":[12.5,9.5,10.5],"faces":{"east":{"uv":[9.125,2.625,9.75,3.125],"tintindex":0,"rotation":0,"texture":"#0"},"south":{"uv":[8.375,6.375,9.5,6.875],"tintindex":0,"rotation":0,"texture":"#0"},"north":{"uv":[8.375,5.875,9.5,6.375],"tintindex":0,"rotation":0,"texture":"#0"},"west":{"uv":[9.125,5.375,9.75,5.875],"tintindex":0,"rotation":0,"texture":"#0"},"up":{"uv":[8.75,0.625,7.625,0.0],"tintindex":0,"rotation":0,"texture":"#0"},"down":{"uv":[3.625,8.125,2.5,8.75],"tintindex":0,"rotation":0,"texture":"#0"}}},{"from":[6.5,9.5,-5.5],"to":[9.5,12.5,0.5],"faces":{"east":{"uv":[8.375,9.375,9.125,9.75],"tintindex":0,"rotation":0,"texture":"#0"},"south":{"uv":[7.625,0.625,8.0,1.0],"tintindex":0,"rotation":0,"texture":"#0"},"north":{"uv":[5.75,6.375,6.125,6.75],"tintindex":0,"rotation":0,"texture":"#0"},"west":{"uv":[9.375,9.0,10.125,9.375],"tintindex":0,"rotation":0,"texture":"#0"},"up":{"uv":[5.5,10.125,5.125,9.375],"tintindex":0,"rotation":0,"texture":"#0"},"down":{"uv":[9.5,9.375,9.125,10.125],"tintindex":0,"rotation":0,"texture":"#0"}}},{"from":[3.2,10.2,-0.8],"to":[12.8,14.8,11.8],"faces":{"east":{"uv":[7.25,3.375,8.75,3.875],"tintindex":0,"rotation":0,"texture":"#0"},"south":{"uv":[5.625,8.5,6.75,9.0],"tintindex":0,"rotation":0,"texture":"#0"},"north":{"uv":[8.375,6.875,9.5,7.375],"tintindex":0,"rotation":0,"texture":"#0"},"west":{"uv":[7.25,3.875,8.75,4.375],"tintindex":0,"rotation":0,"texture":"#0"},"up":{"uv":[1.125,3.5,0.0,2.0],"tintindex":0,"rotation":0,"texture":"#0"},"down":{"uv":[3.125,0.0,2.0,1.5],"tintindex":0,"rotation":0,"texture":"#0"}}},{"from":[6.5,7.5,-5.5],"to":[9.5,9.5,-2.5],"faces":{"east":{"uv":[6.5,2.25,6.875,2.5],"tintindex":0,"rotation":0,"texture":"#0"},"south":{"uv":[6.875,2.25,7.25,2.5],"tintindex":0,"rotation":0,"texture":"#0"},"north":{"uv":[0.75,6.25,1.125,6.5],"tintindex":0,"rotation":0,"texture":"#0"},"west":{"uv":[8.75,2.625,9.125,2.875],"tintindex":0,"rotation":0,"texture":"#0"},"up":{"uv":[0.875,9.875,0.5,9.5],"tintindex":0,"rotation":0,"texture":"#0"},"down":{"uv":[1.25,9.5,0.875,9.875],"tintindex":0,"rotation":0,"texture":"#0"}}},{"from":[3.51,9.51,-0.49],"to":[12.49,14.49,10.49],"faces":{"east":{"uv":[5.875,3.375,7.25,4.0],"tintindex":0,"rotation":0,"texture":"#0"},"south":{"uv":[8.25,1.25,9.375,1.875],"tintindex":0,"rotation":0,"texture":"#0"},"north":{"uv":[8.25,0.625,9.375,1.25],"tintindex":0,"rotation":0,"texture":"#0"},"west":{"uv":[5.875,4.0,7.25,4.625],"tintindex":0,"rotation":0,"texture":"#0"},"up":{"uv":[2.25,3.375,1.125,2.0],"tintindex":0,"rotation":0,"texture":"#0"},"down":{"uv":[3.375,1.5,2.25,2.875],"tintindex":0,"rotation":0,"texture":"#0"}}}],"display":{"head":{"rotation":[0.0,0.0,0.0]},"firstperson_righthand":{"rotation":[0.0,0.0,0.0]},"thirdperson_lefthand":{"rotation":[0.0,-0.0,-0.0]},"firstperson_lefthand":{"rotation":[0.0,-0.0,-0.0]},"fixed":{"rotation":[0.0,0.0,0.0]},"ground":{"rotation":[0.0,0.0,0.0]},"thirdperson_righthand":{"rotation":[0.0,0.0,0.0]},"gui":{"rotation":[-150.0,-45.0,180.0]}}}