{"textures":{"0":"modelengine:entity/am_goblin_mage","particle":"#0"},"elements":[{"from":[3.5,8.0,1.0],"to":[12.5,11.0,8.0],"faces":{"east":{"uv":[7.625,9.0,8.5,9.375],"tintindex":0,"rotation":0,"texture":"#0"},"south":{"uv":[8.625,8.125,9.75,8.5],"tintindex":0,"rotation":0,"texture":"#0"},"north":{"uv":[6.5,2.5,7.625,2.875],"tintindex":0,"rotation":0,"texture":"#0"},"west":{"uv":[8.5,9.0,9.375,9.375],"tintindex":0,"rotation":0,"texture":"#0"},"up":{"uv":[6.125,6.375,5.0,5.5],"tintindex":0,"rotation":0,"texture":"#0"},"down":{"uv":[4.5,5.625,3.375,6.5],"tintindex":0,"rotation":0,"texture":"#0"}}},{"from":[3.51,4.01,1.01],"to":[12.49,7.99,7.99],"faces":{"east":{"uv":[1.25,3.375,2.125,3.875],"tintindex":0,"rotation":0,"texture":"#0"},"south":{"uv":[8.5,8.5,9.625,9.0],"tintindex":0,"rotation":0,"texture":"#0"},"north":{"uv":[7.375,8.5,8.5,9.0],"tintindex":0,"rotation":0,"texture":"#0"},"west":{"uv":[8.75,0.0,9.625,0.5],"tintindex":0,"rotation":0,"texture":"#0"},"up":{"uv":[6.5,2.0,5.375,1.125],"tintindex":0,"rotation":0,"texture":"#0"},"down":{"uv":[6.5,2.0,5.375,2.875],"tintindex":0,"rotation":0,"texture":"#0"}}}],"display":{"head":{"rotation":[0.0,0.0,0.0]},"firstperson_righthand":{"rotation":[0.0,0.0,0.0]},"thirdperson_lefthand":{"rotation":[0.0,-0.0,-0.0]},"firstperson_lefthand":{"rotation":[0.0,-0.0,-0.0]},"fixed":{"rotation":[0.0,0.0,0.0]},"ground":{"rotation":[0.0,0.0,0.0]},"thirdperson_righthand":{"rotation":[0.0,0.0,0.0]},"gui":{"rotation":[-150.0,-45.0,180.0]}}}