{"textures":{"0":"modelengine:entity/am_goblin_mage","particle":"#0"},"elements":[{"from":[5.5,-1.0,5.0],"to":[10.5,8.0,11.0],"faces":{"east":{"uv":[0.0,6.25,0.75,7.375],"tintindex":0,"rotation":0,"texture":"#0"},"south":{"uv":[8.0,7.375,8.625,8.5],"tintindex":0,"rotation":0,"texture":"#0"},"north":{"uv":[6.75,7.875,7.375,9.0],"tintindex":0,"rotation":0,"texture":"#0"},"west":{"uv":[5.0,6.375,5.75,7.5],"tintindex":0,"rotation":0,"texture":"#0"},"up":{"uv":[3.125,9.5,2.5,8.75],"tintindex":0,"rotation":0,"texture":"#0"},"down":{"uv":[9.375,3.375,8.75,4.125],"tintindex":0,"rotation":0,"texture":"#0"}}},{"from":[5.2,-1.3,4.7],"to":[10.8,8.3,11.3],"faces":{"east":{"uv":[0.75,6.5,1.5,7.625],"tintindex":0,"rotation":0,"texture":"#0"},"south":{"uv":[1.875,8.125,2.5,9.25],"tintindex":0,"rotation":0,"texture":"#0"},"north":{"uv":[1.25,8.125,1.875,9.25],"tintindex":0,"rotation":0,"texture":"#0"},"west":{"uv":[6.5,1.125,7.25,2.25],"tintindex":0,"rotation":0,"texture":"#0"},"up":{"uv":[3.75,9.625,3.125,8.875],"tintindex":0,"rotation":0,"texture":"#0"},"down":{"uv":[4.375,8.875,3.75,9.625],"tintindex":0,"rotation":0,"texture":"#0"}}}],"display":{"head":{"rotation":[0.0,0.0,0.0]},"firstperson_righthand":{"rotation":[0.0,0.0,0.0]},"thirdperson_lefthand":{"rotation":[0.0,-0.0,-0.0]},"firstperson_lefthand":{"rotation":[0.0,-0.0,-0.0]},"fixed":{"rotation":[0.0,0.0,0.0]},"ground":{"rotation":[0.0,0.0,0.0]},"thirdperson_righthand":{"rotation":[0.0,0.0,0.0]},"gui":{"rotation":[-150.0,-45.0,180.0]}}}