{"textures":{"0":"modelengine:entity/am_goblin_mage","particle":"#0"},"elements":[{"from":[1.0,5.49,8.0],"to":[9.0,11.49,8.0],"faces":{"south":{"uv":[7.375,6.625,8.375,7.375],"tintindex":0,"rotation":0,"texture":"#0"},"north":{"uv":[7.375,5.875,8.375,6.625],"tintindex":0,"rotation":0,"texture":"#0"}}}],"display":{"head":{"rotation":[0.0,0.0,0.0]},"firstperson_righthand":{"rotation":[0.0,0.0,0.0]},"thirdperson_lefthand":{"rotation":[0.0,-0.0,-0.0]},"firstperson_lefthand":{"rotation":[0.0,-0.0,-0.0]},"fixed":{"rotation":[0.0,0.0,0.0]},"ground":{"rotation":[0.0,0.0,0.0]},"thirdperson_righthand":{"rotation":[0.0,0.0,0.0]},"gui":{"rotation":[-150.0,-45.0,180.0]}}}