{"textures":{"0":"modelengine:entity/am_goblin_mage","particle":"#0"},"elements":[{"from":[5.2,-1.3,4.7],"to":[10.8,8.3,11.3],"faces":{"east":{"uv":[6.125,4.625,6.875,5.75],"tintindex":0,"rotation":0,"texture":"#0"},"south":{"uv":[0.625,7.625,1.25,8.75],"tintindex":0,"rotation":0,"texture":"#0"},"north":{"uv":[5.0,7.5,5.625,8.625],"tintindex":0,"rotation":0,"texture":"#0"},"west":{"uv":[6.125,5.75,6.875,6.875],"tintindex":0,"rotation":0,"texture":"#0"},"up":{"uv":[9.25,8.125,8.625,7.375],"tintindex":0,"rotation":0,"texture":"#0"},"down":{"uv":[1.25,8.75,0.625,9.5],"tintindex":0,"rotation":0,"texture":"#0"}}},{"from":[5.5,-1.0,5.0],"to":[10.5,8.0,11.0],"faces":{"east":{"uv":[2.5,6.0,3.25,7.125],"tintindex":0,"rotation":0,"texture":"#0"},"south":{"uv":[7.375,7.375,8.0,8.5],"tintindex":0,"rotation":0,"texture":"#0"},"north":{"uv":[0.0,7.375,0.625,8.5],"tintindex":0,"rotation":0,"texture":"#0"},"west":{"uv":[6.125,0.0,6.875,1.125],"tintindex":0,"rotation":0,"texture":"#0"},"up":{"uv":[0.625,9.25,0.0,8.5],"tintindex":0,"rotation":0,"texture":"#0"},"down":{"uv":[5.625,8.625,5.0,9.375],"tintindex":0,"rotation":0,"texture":"#0"}}}],"display":{"head":{"rotation":[0.0,0.0,0.0]},"firstperson_righthand":{"rotation":[0.0,0.0,0.0]},"thirdperson_lefthand":{"rotation":[0.0,-0.0,-0.0]},"firstperson_lefthand":{"rotation":[0.0,-0.0,-0.0]},"fixed":{"rotation":[0.0,0.0,0.0]},"ground":{"rotation":[0.0,0.0,0.0]},"thirdperson_righthand":{"rotation":[0.0,0.0,0.0]},"gui":{"rotation":[-150.0,-45.0,180.0]}}}