{"textures":{"0":"modelengine:entity/am_goblin_mage","particle":"#0"},"elements":[{"from":[12.53223,7.1849203,5.5],"to":[12.53223,15.184919,11.5],"faces":{"east":{"uv":[6.875,0.0,7.625,1.0],"tintindex":0,"rotation":0,"texture":"#0"},"west":{"uv":[2.5,7.125,3.25,8.125],"tintindex":0,"rotation":0,"texture":"#0"}},"rotation":{"origin":[10.53223,6.6849203,8.0],"angle":-45.0,"axis":"z"}},{"from":[8.0,-3.5,5.5],"to":[12.0,9.5,10.5],"faces":{"east":{"uv":[3.75,4.0,4.375,5.625],"tintindex":0,"rotation":0,"texture":"#0"},"south":{"uv":[2.0,6.5,2.5,8.125],"tintindex":0,"rotation":0,"texture":"#0"},"north":{"uv":[1.5,6.5,2.0,8.125],"tintindex":0,"rotation":0,"texture":"#0"},"west":{"uv":[4.375,4.0,5.0,5.625],"tintindex":0,"rotation":0,"texture":"#0"},"up":{"uv":[9.625,4.75,9.125,4.125],"tintindex":0,"rotation":0,"texture":"#0"},"down":{"uv":[9.625,4.75,9.125,5.375],"tintindex":0,"rotation":0,"texture":"#0"}}},{"from":[7.7,-3.8,5.2],"to":[12.3,9.8,10.8],"faces":{"east":{"uv":[0.0,4.625,0.625,6.25],"tintindex":0,"rotation":0,"texture":"#0"},"south":{"uv":[3.75,6.5,4.25,8.125],"tintindex":0,"rotation":0,"texture":"#0"},"north":{"uv":[3.25,6.5,3.75,8.125],"tintindex":0,"rotation":0,"texture":"#0"},"west":{"uv":[4.625,0.0,5.25,1.625],"tintindex":0,"rotation":0,"texture":"#0"},"up":{"uv":[0.5,9.875,0.0,9.25],"tintindex":0,"rotation":0,"texture":"#0"},"down":{"uv":[1.75,9.25,1.25,9.875],"tintindex":0,"rotation":0,"texture":"#0"}}}],"display":{"head":{"rotation":[0.0,0.0,0.0]},"firstperson_righthand":{"rotation":[0.0,0.0,0.0]},"thirdperson_lefthand":{"rotation":[0.0,-0.0,-0.0]},"firstperson_lefthand":{"rotation":[0.0,-0.0,-0.0]},"fixed":{"rotation":[0.0,0.0,0.0]},"ground":{"rotation":[0.0,0.0,0.0]},"thirdperson_righthand":{"rotation":[0.0,0.0,0.0]},"gui":{"rotation":[-150.0,-45.0,180.0]}}}