{"textures":{"0":"modelengine:entity/am_goblin_mage","particle":"#0"},"elements":[{"from":[2.7,8.099999,4.2],"to":[13.3,17.699999,11.8],"faces":{"east":{"uv":[5.0,4.375,5.875,5.5],"tintindex":0,"rotation":0,"texture":"#0"},"south":{"uv":[0.0,3.5,1.25,4.625],"tintindex":0,"rotation":0,"texture":"#0"},"north":{"uv":[3.375,1.125,4.625,2.25],"tintindex":0,"rotation":0,"texture":"#0"},"west":{"uv":[5.25,0.0,6.125,1.125],"tintindex":0,"rotation":0,"texture":"#0"},"up":{"uv":[2.5,4.875,1.25,4.0],"tintindex":0,"rotation":0,"texture":"#0"},"down":{"uv":[3.75,4.0,2.5,4.875],"tintindex":0,"rotation":0,"texture":"#0"}}},{"from":[3.0,8.4,4.5],"to":[13.0,17.4,11.5],"faces":{"east":{"uv":[2.5,4.875,3.375,6.0],"tintindex":0,"rotation":0,"texture":"#0"},"south":{"uv":[3.125,0.0,4.375,1.125],"tintindex":0,"rotation":0,"texture":"#0"},"north":{"uv":[2.25,2.875,3.5,4.0],"tintindex":0,"rotation":0,"texture":"#0"},"west":{"uv":[5.0,3.25,5.875,4.375],"tintindex":0,"rotation":0,"texture":"#0"},"up":{"uv":[4.75,3.125,3.5,2.25],"tintindex":0,"rotation":0,"texture":"#0"},"down":{"uv":[4.75,3.125,3.5,4.0],"tintindex":0,"rotation":0,"texture":"#0"}}}],"display":{"head":{"rotation":[0.0,0.0,0.0]},"firstperson_righthand":{"rotation":[0.0,0.0,0.0]},"thirdperson_lefthand":{"rotation":[0.0,-0.0,-0.0]},"firstperson_lefthand":{"rotation":[0.0,-0.0,-0.0]},"fixed":{"rotation":[0.0,0.0,0.0]},"ground":{"rotation":[0.0,0.0,0.0]},"thirdperson_righthand":{"rotation":[0.0,0.0,0.0]},"gui":{"rotation":[-150.0,-45.0,180.0]}}}