{"textures":{"0":"modelengine:entity/am_goblin_mage","particle":"#0"},"elements":[{"from":[7.0,7.0,-7.0],"to":[9.0,9.0,23.0],"faces":{"east":{"uv":[5.375,2.875,9.125,3.125],"tintindex":0,"rotation":0,"texture":"#0"},"south":{"uv":[2.0,1.75,2.25,2.0],"tintindex":0,"rotation":0,"texture":"#0"},"north":{"uv":[2.0,1.5,2.25,1.75],"tintindex":0,"rotation":0,"texture":"#0"},"west":{"uv":[5.875,3.125,9.625,3.375],"tintindex":0,"rotation":0,"texture":"#0"},"up":{"uv":[4.75,9.375,4.5,5.625],"tintindex":0,"rotation":0,"texture":"#0"},"down":{"uv":[5.0,5.625,4.75,9.375],"tintindex":0,"rotation":0,"texture":"#0"}}},{"from":[0.0,8.0,-15.0],"to":[16.0,8.0,-7.0],"faces":{"up":{"uv":[2.0,1.0,0.0,0.0],"tintindex":0,"rotation":0,"texture":"#0"},"down":{"uv":[2.0,1.0,0.0,2.0],"tintindex":0,"rotation":0,"texture":"#0"}}},{"from":[5.0,5.0,-7.0],"to":[11.0,11.0,-3.0],"faces":{"east":{"uv":[9.0,1.875,9.5,2.625],"tintindex":0,"rotation":0,"texture":"#0"},"south":{"uv":[8.25,1.875,9.0,2.625],"tintindex":0,"rotation":0,"texture":"#0"},"north":{"uv":[3.625,8.125,4.375,8.875],"tintindex":0,"rotation":0,"texture":"#0"},"west":{"uv":[5.625,9.0,6.125,9.75],"tintindex":0,"rotation":0,"texture":"#0"},"up":{"uv":[6.875,9.5,6.125,9.0],"tintindex":0,"rotation":0,"texture":"#0"},"down":{"uv":[7.625,9.0,6.875,9.5],"tintindex":0,"rotation":0,"texture":"#0"}}},{"from":[5.0,5.0,-10.0],"to":[11.0,11.0,-7.0],"faces":{"east":{"uv":[3.375,4.875,3.75,5.625],"tintindex":0,"rotation":0,"texture":"#0"},"south":{"uv":[8.375,5.125,9.125,5.875],"tintindex":0,"rotation":0,"texture":"#0"},"north":{"uv":[8.375,4.375,9.125,5.125],"tintindex":0,"rotation":0,"texture":"#0"},"west":{"uv":[9.375,3.375,9.75,4.125],"tintindex":0,"rotation":0,"texture":"#0"},"up":{"uv":[5.125,9.75,4.375,9.375],"tintindex":0,"rotation":0,"texture":"#0"},"down":{"uv":[8.375,9.375,7.625,9.75],"tintindex":0,"rotation":0,"texture":"#0"}}},{"from":[4.0,8.0,-2.0],"to":[12.0,8.0,4.0],"faces":{"up":{"uv":[8.25,1.75,7.25,1.0],"tintindex":0,"rotation":0,"texture":"#0"},"down":{"uv":[8.25,1.75,7.25,2.5],"tintindex":0,"rotation":0,"texture":"#0"}}}],"display":{"head":{"rotation":[0.0,0.0,0.0]},"firstperson_righthand":{"rotation":[0.0,0.0,0.0]},"thirdperson_lefthand":{"rotation":[0.0,-0.0,-0.0]},"firstperson_lefthand":{"rotation":[0.0,-0.0,-0.0]},"fixed":{"rotation":[0.0,0.0,0.0]},"ground":{"rotation":[0.0,0.0,0.0]},"thirdperson_righthand":{"rotation":[0.0,0.0,0.0]},"gui":{"rotation":[-150.0,-45.0,180.0]}}}