{"overrides":[{"predicate":{"custom_model_data":1},"model":"modelengine:1bit_elite_baby_piglin_brute/body"},{"predicate":{"custom_model_data":2},"model":"modelengine:1bit_elite_baby_piglin_brute/right_leg"},{"predicate":{"custom_model_data":3},"model":"modelengine:1bit_elite_baby_piglin_brute/left_leg"},{"predicate":{"custom_model_data":4},"model":"modelengine:1bit_elite_baby_piglin_brute/right_arm"},{"predicate":{"custom_model_data":5},"model":"modelengine:1bit_elite_baby_piglin_brute/head"},{"predicate":{"custom_model_data":6},"model":"modelengine:1bit_elite_baby_piglin_brute/left_arm"},{"predicate":{"custom_model_data":7},"model":"modelengine:1bit_elite_baby_piglin_brute/mace"},{"predicate":{"custom_model_data":8},"model":"modelengine:1bit_elite_baby_piglin_brute/left_ear"},{"predicate":{"custom_model_data":9},"model":"modelengine:1bit_elite_baby_piglin_brute/nose"},{"predicate":{"custom_model_data":10},"model":"modelengine:1bit_elite_baby_piglin_brute/right_ear"},{"predicate":{"custom_model_data":11},"model":"modelengine:1bit_elite_baby_piglin_brute/bone4"},{"predicate":{"custom_model_data":12},"model":"modelengine:1bit_elite_baby_piglin_brute/bone2"},{"predicate":{"custom_model_data":13},"model":"modelengine:1bit_elite_baby_piglin_brute/bone3"},{"predicate":{"custom_model_data":14},"model":"modelengine:1bit_elite_piglin_brute/right_leg_1"},{"predicate":{"custom_model_data":15},"model":"modelengine:1bit_elite_piglin_brute/body"},{"predicate":{"custom_model_data":16},"model":"modelengine:1bit_elite_piglin_brute/left_leg_1"},{"predicate":{"custom_model_data":17},"model":"modelengine:1bit_elite_piglin_brute/right_leg_2"},{"predicate":{"custom_model_data":18},"model":"modelengine:1bit_elite_piglin_brute/veil"},{"predicate":{"custom_model_data":19},"model":"modelengine:1bit_elite_piglin_brute/right_arm_1"},{"predicate":{"custom_model_data":20},"model":"modelengine:1bit_elite_piglin_brute/head"},{"predicate":{"custom_model_data":21},"model":"modelengine:1bit_elite_piglin_brute/veil2"},{"predicate":{"custom_model_data":22},"model":"modelengine:1bit_elite_piglin_brute/left_arm_1"},{"predicate":{"custom_model_data":23},"model":"modelengine:1bit_elite_piglin_brute/left_leg_2"},{"predicate":{"custom_model_data":24},"model":"modelengine:1bit_elite_piglin_brute/right_arm_2"},{"predicate":{"custom_model_data":25},"model":"modelengine:1bit_elite_piglin_brute/nose"},{"predicate":{"custom_model_data":26},"model":"modelengine:1bit_elite_piglin_brute/right_ear"},{"predicate":{"custom_model_data":27},"model":"modelengine:1bit_elite_piglin_brute/left_ear"},{"predicate":{"custom_model_data":28},"model":"modelengine:1bit_elite_piglin_brute/left_arm_2"},{"predicate":{"custom_model_data":29},"model":"modelengine:1bit_elite_piglin_brute/mace"},{"predicate":{"custom_model_data":30},"model":"modelengine:1bit_elite_piglin_brute/shield"},{"predicate":{"custom_model_data":31},"model":"modelengine:1bit_elite_piglin_brute/mace2"},{"predicate":{"custom_model_data":32},"model":"modelengine:1bit_elite_piglin_brute/mace3"},{"predicate":{"custom_model_data":33},"model":"modelengine:1bit_elite_beby_wither_skeleton/body"},{"predicate":{"custom_model_data":34},"model":"modelengine:1bit_elite_beby_wither_skeleton/left_leg"},{"predicate":{"custom_model_data":35},"model":"modelengine:1bit_elite_beby_wither_skeleton/right_leg"},{"predicate":{"custom_model_data":36},"model":"modelengine:1bit_elite_beby_wither_skeleton/right_arm"},{"predicate":{"custom_model_data":37},"model":"modelengine:1bit_elite_beby_wither_skeleton/head"},{"predicate":{"custom_model_data":38},"model":"modelengine:1bit_elite_beby_wither_skeleton/cloak_1"},{"predicate":{"custom_model_data":39},"model":"modelengine:1bit_elite_beby_wither_skeleton/left_arm"},{"predicate":{"custom_model_data":40},"model":"modelengine:1bit_elite_beby_wither_skeleton/right_axe"},{"predicate":{"custom_model_data":41},"model":"modelengine:1bit_elite_beby_wither_skeleton/cloak_2"},{"predicate":{"custom_model_data":42},"model":"modelengine:1bit_elite_beby_wither_skeleton/left_axe"},{"predicate":{"custom_model_data":43},"model":"modelengine:1bit_elite_baby_wither_skeleton/body"},{"predicate":{"custom_model_data":44},"model":"modelengine:1bit_elite_baby_wither_skeleton/left_leg"},{"predicate":{"custom_model_data":45},"model":"modelengine:1bit_elite_baby_wither_skeleton/right_leg"},{"predicate":{"custom_model_data":46},"model":"modelengine:1bit_elite_baby_wither_skeleton/right_arm"},{"predicate":{"custom_model_data":47},"model":"modelengine:1bit_elite_baby_wither_skeleton/head"},{"predicate":{"custom_model_data":48},"model":"modelengine:1bit_elite_baby_wither_skeleton/cloak_1"},{"predicate":{"custom_model_data":49},"model":"modelengine:1bit_elite_baby_wither_skeleton/left_arm"},{"predicate":{"custom_model_data":50},"model":"modelengine:1bit_elite_baby_wither_skeleton/right_axe"},{"predicate":{"custom_model_data":51},"model":"modelengine:1bit_elite_baby_wither_skeleton/cloak_2"},{"predicate":{"custom_model_data":52},"model":"modelengine:1bit_elite_baby_wither_skeleton/left_axe"},{"predicate":{"custom_model_data":53},"model":"modelengine:1bit_elite_wither_skeleton/left_leg"},{"predicate":{"custom_model_data":54},"model":"modelengine:1bit_elite_wither_skeleton/right_leg"},{"predicate":{"custom_model_data":55},"model":"modelengine:1bit_elite_wither_skeleton/body"},{"predicate":{"custom_model_data":56},"model":"modelengine:1bit_elite_wither_skeleton/bone"},{"predicate":{"custom_model_data":57},"model":"modelengine:1bit_elite_wither_skeleton/bone3"},{"predicate":{"custom_model_data":58},"model":"modelengine:1bit_elite_wither_skeleton/armor_2"},{"predicate":{"custom_model_data":59},"model":"modelengine:1bit_elite_wither_skeleton/right_arm"},{"predicate":{"custom_model_data":60},"model":"modelengine:1bit_elite_wither_skeleton/right_axe2"},{"predicate":{"custom_model_data":61},"model":"modelengine:1bit_elite_wither_skeleton/head"},{"predicate":{"custom_model_data":62},"model":"modelengine:1bit_elite_wither_skeleton/left_arm"},{"predicate":{"custom_model_data":63},"model":"modelengine:1bit_elite_wither_skeleton/left_axe2"},{"predicate":{"custom_model_data":64},"model":"modelengine:1bit_elite_wither_skeleton/left_armor"},{"predicate":{"custom_model_data":65},"model":"modelengine:1bit_elite_wither_skeleton/cloak_1"},{"predicate":{"custom_model_data":66},"model":"modelengine:1bit_elite_wither_skeleton/right_armor"},{"predicate":{"custom_model_data":67},"model":"modelengine:1bit_elite_wither_skeleton/armor_1"},{"predicate":{"custom_model_data":68},"model":"modelengine:1bit_elite_wither_skeleton/armor_3"},{"predicate":{"custom_model_data":69},"model":"modelengine:1bit_elite_wither_skeleton/right_arm2"},{"predicate":{"custom_model_data":70},"model":"modelengine:1bit_elite_wither_skeleton/left_arm2"},{"predicate":{"custom_model_data":71},"model":"modelengine:1bit_elite_wither_skeleton/cloak_2"},{"predicate":{"custom_model_data":72},"model":"modelengine:1bit_elite_wither_skeleton/right_axe"},{"predicate":{"custom_model_data":73},"model":"modelengine:1bit_elite_wither_skeleton/left_axe"},{"predicate":{"custom_model_data":74},"model":"modelengine:1bit_elite_wither_skeleton/cloak_3"},{"predicate":{"custom_model_data":75},"model":"modelengine:1bit_elite_baby_piglin/body"},{"predicate":{"custom_model_data":76},"model":"modelengine:1bit_elite_baby_piglin/right_leg"},{"predicate":{"custom_model_data":77},"model":"modelengine:1bit_elite_piglin/left_leg_1"},{"predicate":{"custom_model_data":78},"model":"modelengine:1bit_elite_baby_piglin/left_leg"},{"predicate":{"custom_model_data":79},"model":"modelengine:1bit_elite_piglin/right_leg_1"},{"predicate":{"custom_model_data":80},"model":"modelengine:1bit_elite_baby_piglin/right_arm"},{"predicate":{"custom_model_data":81},"model":"modelengine:1bit_elite_piglin/body"},{"predicate":{"custom_model_data":82},"model":"modelengine:1bit_elite_baby_piglin/head"},{"predicate":{"custom_model_data":83},"model":"modelengine:1bit_elite_piglin/left_leg_2"},{"predicate":{"custom_model_data":84},"model":"modelengine:1bit_elite_baby_piglin/left_arm"},{"predicate":{"custom_model_data":85},"model":"modelengine:1bit_elite_piglin/right_leg_2"},{"predicate":{"custom_model_data":86},"model":"modelengine:1bit_elite_baby_piglin/greatsword"},{"predicate":{"custom_model_data":87},"model":"modelengine:1bit_elite_piglin/veil"},{"predicate":{"custom_model_data":88},"model":"modelengine:1bit_elite_baby_piglin/left_ear"},{"predicate":{"custom_model_data":89},"model":"modelengine:1bit_elite_piglin/right_arm_1"},{"predicate":{"custom_model_data":90},"model":"modelengine:1bit_elite_baby_piglin/nose"},{"predicate":{"custom_model_data":91},"model":"modelengine:1bit_elite_piglin/head"},{"predicate":{"custom_model_data":92},"model":"modelengine:1bit_elite_baby_piglin/right_ear"},{"predicate":{"custom_model_data":93},"model":"modelengine:1bit_elite_piglin/left_arm_1"},{"predicate":{"custom_model_data":94},"model":"modelengine:1bit_elite_piglin/veil2"},{"predicate":{"custom_model_data":95},"model":"modelengine:1bit_elite_piglin/right_arm_2"},{"predicate":{"custom_model_data":96},"model":"modelengine:1bit_elite_piglin/right_ear"},{"predicate":{"custom_model_data":97},"model":"modelengine:1bit_elite_piglin/nose"},{"predicate":{"custom_model_data":98},"model":"modelengine:1bit_elite_piglin/left_ear"},{"predicate":{"custom_model_data":99},"model":"modelengine:1bit_elite_piglin/left_arm_2"},{"predicate":{"custom_model_data":100},"model":"modelengine:1bit_elite_piglin/greatsword"},{"predicate":{"custom_model_data":101},"model":"modelengine:1bit_elite_piglin/bone3"},{"predicate":{"custom_model_data":102},"model":"modelengine:1bit_elite_piglin/bone4"},{"predicate":{"custom_model_data":103},"model":"modelengine:am_goblin_brute/right_leg"},{"predicate":{"custom_model_data":104},"model":"modelengine:am_goblin_brute/torso"},{"predicate":{"custom_model_data":105},"model":"modelengine:am_goblin_brute/left_leg"},{"predicate":{"custom_model_data":106},"model":"modelengine:am_goblin_brute/right_arm"},{"predicate":{"custom_model_data":107},"model":"modelengine:am_goblin_brute/left_arm"},{"predicate":{"custom_model_data":108},"model":"modelengine:am_goblin_brute/head"},{"predicate":{"custom_model_data":109},"model":"modelengine:am_goblin_brute/weapon"},{"predicate":{"custom_model_data":110},"model":"modelengine:am_goblin_brute/jaw"},{"predicate":{"custom_model_data":111},"model":"modelengine:am_goblin_brute/right_ear"},{"predicate":{"custom_model_data":112},"model":"modelengine:am_goblin_brute/eyes"},{"predicate":{"custom_model_data":113},"model":"modelengine:am_goblin_brute/left_ear"},{"predicate":{"custom_model_data":114},"model":"modelengine:am_goblin_melee/right_leg"},{"predicate":{"custom_model_data":115},"model":"modelengine:am_goblin_melee/torso"},{"predicate":{"custom_model_data":116},"model":"modelengine:am_goblin_melee/left_leg"},{"predicate":{"custom_model_data":117},"model":"modelengine:am_goblin_melee/right_arm"},{"predicate":{"custom_model_data":118},"model":"modelengine:am_goblin_melee/left_arm"},{"predicate":{"custom_model_data":119},"model":"modelengine:am_goblin_melee/head"},{"predicate":{"custom_model_data":120},"model":"modelengine:am_goblin_melee/weapon"},{"predicate":{"custom_model_data":121},"model":"modelengine:am_goblin_melee/jaw"},{"predicate":{"custom_model_data":122},"model":"modelengine:am_goblin_melee/right_ear"},{"predicate":{"custom_model_data":123},"model":"modelengine:am_goblin_melee/eyes"},{"predicate":{"custom_model_data":124},"model":"modelengine:am_goblin_melee/left_ear"},{"predicate":{"custom_model_data":125},"model":"modelengine:am_goblin_mage/right_leg"},{"predicate":{"custom_model_data":126},"model":"modelengine:am_goblin_mage/torso"},{"predicate":{"custom_model_data":127},"model":"modelengine:am_goblin_mage/left_leg"},{"predicate":{"custom_model_data":128},"model":"modelengine:am_goblin_mage/right_arm"},{"predicate":{"custom_model_data":129},"model":"modelengine:am_goblin_mage/left_arm"},{"predicate":{"custom_model_data":130},"model":"modelengine:am_goblin_mage/head"},{"predicate":{"custom_model_data":131},"model":"modelengine:am_goblin_mage/weapon"},{"predicate":{"custom_model_data":132},"model":"modelengine:am_goblin_mage/jaw"},{"predicate":{"custom_model_data":133},"model":"modelengine:am_goblin_mage/right_ear"},{"predicate":{"custom_model_data":134},"model":"modelengine:am_goblin_mage/eyes"},{"predicate":{"custom_model_data":135},"model":"modelengine:am_goblin_mage/left_ear"},{"predicate":{"custom_model_data":136},"model":"modelengine:am_goblin_whip/right_leg"},{"predicate":{"custom_model_data":137},"model":"modelengine:am_goblin_whip/torso"},{"predicate":{"custom_model_data":138},"model":"modelengine:am_goblin_whip/left_leg"},{"predicate":{"custom_model_data":139},"model":"modelengine:am_goblin_whip/right_arm"},{"predicate":{"custom_model_data":140},"model":"modelengine:am_goblin_whip/left_arm"},{"predicate":{"custom_model_data":141},"model":"modelengine:am_goblin_whip/head"},{"predicate":{"custom_model_data":142},"model":"modelengine:am_goblin_whip/weapon"},{"predicate":{"custom_model_data":143},"model":"modelengine:am_goblin_whip/jaw"},{"predicate":{"custom_model_data":144},"model":"modelengine:am_goblin_whip/right_ear"},{"predicate":{"custom_model_data":145},"model":"modelengine:am_goblin_whip/eyes"},{"predicate":{"custom_model_data":146},"model":"modelengine:am_goblin_whip/left_ear"},{"predicate":{"custom_model_data":147},"model":"modelengine:am_goblin_whip/chain1"},{"predicate":{"custom_model_data":148},"model":"modelengine:am_goblin_whip/chain2"},{"predicate":{"custom_model_data":149},"model":"modelengine:am_goblin_whip/chain3"},{"predicate":{"custom_model_data":150},"model":"modelengine:am_goblin_whip/chain4"},{"predicate":{"custom_model_data":151},"model":"modelengine:am_goblin_whip/chain5"},{"predicate":{"custom_model_data":152},"model":"modelengine:am_goblin_whip/whip_tip"},{"predicate":{"custom_model_data":153},"model":"modelengine:am_goblin_ranger/right_leg"},{"predicate":{"custom_model_data":154},"model":"modelengine:am_goblin_ranger/torso"},{"predicate":{"custom_model_data":155},"model":"modelengine:am_goblin_ranger/left_leg"},{"predicate":{"custom_model_data":156},"model":"modelengine:am_goblin_ranger/right_arm"},{"predicate":{"custom_model_data":157},"model":"modelengine:am_goblin_ranger/left_arm"},{"predicate":{"custom_model_data":158},"model":"modelengine:am_goblin_ranger/head"},{"predicate":{"custom_model_data":159},"model":"modelengine:am_goblin_ranger/weapon"},{"predicate":{"custom_model_data":160},"model":"modelengine:am_goblin_ranger/jaw"},{"predicate":{"custom_model_data":161},"model":"modelengine:am_goblin_ranger/right_ear"},{"predicate":{"custom_model_data":162},"model":"modelengine:am_goblin_ranger/eyes"},{"predicate":{"custom_model_data":163},"model":"modelengine:am_goblin_ranger/left_ear"},{"predicate":{"custom_model_data":164},"model":"modelengine:am_goblin_ranger/string1"},{"predicate":{"custom_model_data":165},"model":"modelengine:am_goblin_ranger/string2"},{"predicate":{"custom_model_data":166},"model":"modelengine:orc_vfx_elite_am/root"},{"predicate":{"custom_model_data":167},"model":"modelengine:orc_vfx_spearthrower_am/root"},{"predicate":{"custom_model_data":168},"model":"modelengine:orc_elite_am/left_leg"},{"predicate":{"custom_model_data":169},"model":"modelengine:orc_elite_am/torso"},{"predicate":{"custom_model_data":170},"model":"modelengine:orc_elite_am/right_leg"},{"predicate":{"custom_model_data":171},"model":"modelengine:orc_elite_am/right_arm"},{"predicate":{"custom_model_data":172},"model":"modelengine:orc_elite_am/head"},{"predicate":{"custom_model_data":173},"model":"modelengine:orc_elite_am/left_arm"},{"predicate":{"custom_model_data":174},"model":"modelengine:orc_elite_am/right_weapon"},{"predicate":{"custom_model_data":175},"model":"modelengine:orc_elite_am/jaw"},{"predicate":{"custom_model_data":176},"model":"modelengine:orc_elite_am/right_ear"},{"predicate":{"custom_model_data":177},"model":"modelengine:orc_elite_am/left_ear"},{"predicate":{"custom_model_data":178},"model":"modelengine:orc_elite_am/eye"},{"predicate":{"custom_model_data":179},"model":"modelengine:orc_elite_am/hair"},{"predicate":{"custom_model_data":180},"model":"modelengine:orc_elite_am/left_weapon"},{"predicate":{"custom_model_data":181},"model":"modelengine:orc_elite_am/hair2"},{"predicate":{"custom_model_data":182},"model":"modelengine:orc_spearthrower_am/left_leg"},{"predicate":{"custom_model_data":183},"model":"modelengine:orc_spearthrower_am/torso"},{"predicate":{"custom_model_data":184},"model":"modelengine:orc_spearthrower_am/right_leg"},{"predicate":{"custom_model_data":185},"model":"modelengine:orc_spearthrower_am/right_arm"},{"predicate":{"custom_model_data":186},"model":"modelengine:orc_spearthrower_am/head"},{"predicate":{"custom_model_data":187},"model":"modelengine:orc_spearthrower_am/left_arm"},{"predicate":{"custom_model_data":188},"model":"modelengine:orc_spearthrower_am/weapon"},{"predicate":{"custom_model_data":189},"model":"modelengine:orc_spearthrower_am/jaw"},{"predicate":{"custom_model_data":190},"model":"modelengine:orc_spearthrower_am/right_ear"},{"predicate":{"custom_model_data":191},"model":"modelengine:orc_spearthrower_am/left_ear"},{"predicate":{"custom_model_data":192},"model":"modelengine:orc_spearthrower_am/eye"},{"predicate":{"custom_model_data":193},"model":"modelengine:orc_spearthrower_am/hair"},{"predicate":{"custom_model_data":194},"model":"modelengine:orc_spearthrower_am/hair2"},{"predicate":{"custom_model_data":195},"model":"modelengine:orc_warrior_am/left_leg"},{"predicate":{"custom_model_data":196},"model":"modelengine:orc_warrior_am/torso"},{"predicate":{"custom_model_data":197},"model":"modelengine:orc_warrior_am/right_leg"},{"predicate":{"custom_model_data":198},"model":"modelengine:orc_warrior_am/right_arm"},{"predicate":{"custom_model_data":199},"model":"modelengine:orc_warrior_am/head"},{"predicate":{"custom_model_data":200},"model":"modelengine:orc_warrior_am/left_arm"},{"predicate":{"custom_model_data":201},"model":"modelengine:orc_warrior_am/weapon"},{"predicate":{"custom_model_data":202},"model":"modelengine:orc_warrior_am/jaw"},{"predicate":{"custom_model_data":203},"model":"modelengine:orc_warrior_am/right_ear"},{"predicate":{"custom_model_data":204},"model":"modelengine:orc_warrior_am/left_ear"},{"predicate":{"custom_model_data":205},"model":"modelengine:orc_warrior_am/eye"},{"predicate":{"custom_model_data":206},"model":"modelengine:orc_warrior_am/hair"},{"predicate":{"custom_model_data":207},"model":"modelengine:orc_warrior_am/hair2"},{"predicate":{"custom_model_data":208},"model":"modelengine:orc_shaman_am/left_leg"},{"predicate":{"custom_model_data":209},"model":"modelengine:orc_shaman_am/torso"},{"predicate":{"custom_model_data":210},"model":"modelengine:orc_shaman_am/right_leg"},{"predicate":{"custom_model_data":211},"model":"modelengine:orc_shaman_am/right_arm"},{"predicate":{"custom_model_data":212},"model":"modelengine:orc_shaman_am/head"},{"predicate":{"custom_model_data":213},"model":"modelengine:orc_shaman_am/left_arm"},{"predicate":{"custom_model_data":214},"model":"modelengine:orc_shaman_am/weapon"},{"predicate":{"custom_model_data":215},"model":"modelengine:orc_shaman_am/jaw"},{"predicate":{"custom_model_data":216},"model":"modelengine:orc_shaman_am/right_ear"},{"predicate":{"custom_model_data":217},"model":"modelengine:orc_shaman_am/left_ear"},{"predicate":{"custom_model_data":218},"model":"modelengine:orc_shaman_am/eye"},{"predicate":{"custom_model_data":219},"model":"modelengine:orc_shaman_am/hair"},{"predicate":{"custom_model_data":220},"model":"modelengine:orc_shaman_am/hair2"}],"parent":"minecraft:item/generated","textures":{"layer0":"minecraft:item/leather_horse_armor"}}